titulo,empresa,ubicacion,contract_type,contract_time,descripcion,category,url,id,fecha,descripcion_final,es_truncada
Data Analyst,Perk,Barcelona,,,"About Us Perk (formerly TravelPerk) is the intelligent platform for travel and spend management. Built to tackle the time-consuming, manual work that gets in the way of real work, our tools automate everything from travel bookings to expenses, invoice processing, and more. By eliminating this shadow work that wastes hours, erodes morale, and saps innovation, we’re on a mission to power real work, with real impact. We’re trusted by more than 10,000 companies worldwide, including Wise, On Running…",Unknown,https://www.adzuna.es/details/5655420542?utm_medium=api&utm_source=9361dc98,5655420542,2026-03-05T22:17:29Z,"About Us Perk (formerly TravelPerk) is the intelligent platform for travel and spend management. Built to tackle the time-consuming, manual work that gets in the way of real work, our tools automate everything from travel bookings to expenses, invoice processing, and more. By eliminating this shadow work that wastes hours, erodes morale, and saps innovation, we’re on a mission to power real work, with real impact. We’re trusted by more than 10,000 companies worldwide, including Wise, On Running, Breitling, and Fabletics, and we’re tackling the 7 hours of lost productivity per employee each week, a $1.7 trillion problem. Founded in 2015, Perk has grown into a global company of more than 1,800 people across 12 offices globally, with headquarters in London and Boston. We combine innovation, control, and simplicity to transform how businesses work and how people feel at work. At Perk, we’re driven by our values, like being an owner, delivering a 7-star experience, and working as one team. We value curiosity, purpose, and mindset, not just knowledge, to unlock the power in your potential. Our talent team brings together leading minds from the travel and SaaS industries, representing over 70 countries. If you’re excited about having a real impact and shaping how millions of people experience work, we’d love you on the team. Visit www.perk.com to learn more. Data Analyst - Job Description We are looking for a talented Data Analyst to join our team. You will be leveraging data to generate impactful insights for strategic purposes. This is a pivotal position to bring the business to the next level, you will support one of our business domain teams using analytics to drive better decisions at Perk. What you will do: Work with other Data Analysts, Analytics Engineers, Data Scientists and Engineers in our team to generate advanced analysis that answers key business questions and unlocks opportunities. Explore data from different sources, turning it into information, information into insight and insight into decisions Design and develop metrics, dashboards, experiments and analyses to track and assess the impact of new initiatives and features. Develop data frameworks and products to drive insights and behavioural analysis. What you need: 2+ years of relevant experience interpreting data in data analytics or data science role, including relevant tools, techniques and technology Excellent communication skills, both written and spoken, in English You will need to prove the following: You are a Master using SQL for data querying, transformation and modelling - experience with dbt is a strong plus. Experience with statistical concepts and packages (Python / R) Experience with data visualisation and BI tools (Looker) Data storytelling and stakeholder management experience The desire to work in an international environment, with minimal direction, alongside highly engaged individuals. How We Work At Perk, we take an IRL-first approach to work, where our team works together in-person 3 days a week. As such, this role requires you to be based within commuting distance of our hubs. We fundamentally believe in the value of meeting in real life to improve connectivity, productivity, creativity and ultimately making us a great place to work. For certain roles, we can help with relocation from anywhere in the world, English is the official language at the office. Please submit your resume in English if you choose to apply. Do not forget to submit an updated portfolio and/or resume. Perk is a global company with a diverse customer base, and we want to make sure the people behind our product reflect that. We’re an equal opportunity employer, which means you’re welcome at Perk regardless of how you look, where you’re from, or anything else that makes you, well, you. Protect Yourself from Recruitment Scams All official communication from Perk will always come from email addresses ending in @perk.com or @externalperk.com, our verified social media channels, or recruiters listed on our official LinkedIn page. We will never ask you to pay for equipment, training, or fees, request sensitive personal information such as bank details early in the process, or communicate through unofficial apps like WhatsApp, Telegram, or Signal. If you receive a message claiming to be from Perk that seems suspicious, please do not respond. Forward it to security [at] perk .com, and we will confirm whether it is legitimate.",False
Data Analyst,Veepee,Barcelona,,,"Pioneer of online flash sales since 2001 and key player in European e-commerce, Veepee collaborates with over 7,000 brands to offer highly discounted products available for a limited time. Operating across various sectors, including fashion, home, wine, travel or beauty Veepee achieved a turnover of 3.3 billion euros incl. VAT in 2024 and employs 5,000 staff members across 10 countries. As a Data Analyst, you will join our Central Data Organization, which is directly in contact with the differe…",Unknown,https://www.adzuna.es/details/5590818342?utm_medium=api&utm_source=9361dc98,5590818342,2026-01-18T22:18:49Z,"Pioneer of online flash sales since 2001 and key player in European e-commerce, Veepee collaborates with over 7,000 brands to offer highly discounted products available for a limited time. Operating across various sectors, including fashion, home, wine, travel or beauty... Veepee achieved a turnover of 3.3 billion euros incl. VAT in 2024 and employs 5,000 staff members across 10 countries. As a Data Analyst, you will join our Central Data Organization, which is directly in contact with the different departments of the company: marketing, sourcing, product teams and much more. To achieve your goals, you will also work closely with the rest of the Data team, particularly Data Governance and Data Science. Your mission will be to be a partner in decision-making by performing advanced analysis and initiating analytics projects. The kind of person we are looking for: - Analytical, passionate about numbers, organized and highly detail-oriented- Curious and proactive- Strong team spirit and enthusiasm to share and learn best practices with co-workers.Responsibilities: Conduct advanced analysis by applying analytical and statistical techniques to derive insights and support in the decision making(e.g. exploratory analysis, correlation studies, clustering, scoring and predictive models) Build and automate data pipelines to enable faster and easier analysis Design, build, and maintain dashboards to support business in data-driven decision making Define, monitor, and analyze A/B test in close collaboration with business stakeholders Communicate and share results with all kinds of stakeholders. Requirements: Master degree in Statistics, Data, Economics At least 4 years of experience in a similar job Fluent in English Strong proficiency with SQL Interest for technologies like DBT, AI Solid knowledge of statistics and analytical modeling Skills in data visualisation and dashboard creation Bonus: some experience with Python, or more generally programming; ✅ BENEFITS Variable bonusDynamic and creative environment within international teamsAccess to many self-learning courses on our e-learning platformParticipation in meetups and conferences locally and internationallyFlexible Office with up to 2 days at home. ⚙️ RECRUITMENT PROCESS 1️⃣ 30-minute HR Screen with a Veepeeᵀᵉᶜʰ Recruiter2️⃣ Technical exchange3️⃣ Manager Interview COMPANY For more information about our ecosystem : https://careers.veepee.com/en/home-page-en/ ❓ WHO WE ARE Veepeeᵀᵉᶜʰ is a tech community of 500 collaborators who play a key role in Veepee’s innovative strategy. From Warsaw to Sevilla, through Brussels, Amsterdam, Paris, Lyon, Nantes, Nice, Barcelona, Madrid and Lausanne all our projects are developed in an agile environment with a wide skills variety where you’ll be sure to find your place, no matter the technology you work with. If you love to try things why don’t you jump on this new adventure? Need more info > https://careers.veepee.com/en/ Vente-privee.com processes the collected data to handle the recruitment process, and to evaluate your ability to carry out the job offered and your professional skills. You can learn more about our use of your data and your rights by reading our recruiting privacy policy.We may use artificial intelligence (AI) tools to support parts of the hiring process, such as reviewing applications, analyzing resumes, or assessing responses. These tools assist our recruitment team but do not replace human judgment. Final hiring decisions are ultimately made by humans. If you would like more information about how your data is processed, please contact us.",False
Data Analyst,Propelling Tech,Barcelona,,,"As a Data Analyst , you will be part of a highly skilled team working on one of our most exciting and challenging projects. You’ll engage with multiple customer stakeholders to gather business requirements and contribute to the development of a cutting-edge Data Lakehouse in a disruptive, cloud-based environment. Leveraging AI-powered tools, you will play a key role in optimizing data engineering pipelines and delivering impactful analytics solutions. At Propelling Tech, we thrive on innovation…",Unknown,https://www.adzuna.es/details/5584544401?utm_medium=api&utm_source=9361dc98,5584544401,2026-01-14T20:09:21Z,"As a Data Analyst , you will be part of a highly skilled team working on one of our most exciting and challenging projects. You’ll engage with multiple customer stakeholders to gather business requirements and contribute to the development of a cutting-edge Data Lakehouse in a disruptive, cloud-based environment. Leveraging AI-powered tools, you will play a key role in optimizing data engineering pipelines and delivering impactful analytics solutions. At Propelling Tech, we thrive on innovation, using the latest cloud and AI advancements to redefine how businesses harness data. If you’re passionate about data transformation, cloud engineering, AI-driven solutions and Agentic AI, this is your opportunity to make a real impact. Key Responsibilities: ✅ Requirement Gathering & Business Engagement Participate in business meetings to understand stakeholder needs and translate them into data solutions. Acquire deep business knowledge to ensure analytics solutions deliver measurable impact and drive informed decision-making. ✅ Data Modeling & Engineering Design scalable and efficient data models aligned with business objectives and best practices. Develop and optimize data engineering pipelines, leveraging AI tools to enhance productivity and data quality. ✅ Descriptive & Predictive Analytics Develop data-driven insights and advanced analytics solutions to support business decisions. Build and maintain dashboards and visualizations that make insights clear and actionable. Create predictive models to identify trends, forecast outcomes, and optimize operations. Ensure analytics solutions are scalable, interpretable, and aligned with business needs. ✅ Agentic AI & Automation Participate in workshops and stakeholder meetings to identify opportunities for Agentic AI use cases. Design and implement AI-boosted workflows that combine automation, reasoning, and human feedback loops. Deploy AI agents to streamline and automate business processes, maximizing efficiency and value creation. Collaborate with cross-functional teams to integrate these solutions into daily operations, ensuring adoption and measurable impact. ‍ Requirements: Bachelor’s degree in Computer Science, Engineering, or a related field. Strong communication and collaboration skills , with the ability to engage effectively with diverse stakeholders. Analytical and problem-solving mindset , capable of addressing complex data challenges. At least 6 months of demonstrable experience in data&analytics projects using cloud technologies. Fluent in both Spanish & English , enabling seamless interaction with international teams. Preferred Qualifications: Master’s degree in Computer Science, Data & Analytics, or a related field. Experience with DevOps methodologies, including CI/CD pipelines. Practical knowledge of Generative AI tools to automate tasks and boost productivity, with strong prompting skills. Your benefits at Propelling Tech: At Propelling Tech, we believe great people do their best work when they feel supported, challenged, and valued. That’s why we offer a benefits package designed to grow with you: Hybrid work model – Enjoy flexibility by combining remote work with in-office collaboration. Private health insurance – Your well-being comes first. Mentoring & professional growth – You’ll receive continuous support from our management and leadership team to help you achieve both your professional and personal goals. Flexible compensation – Access to benefits such as meal vouchers and transportation cards. Team building & social events – Afterworks, team gatherings, and company events to connect, share, and grow together. ℹ️ Why Join Propelling Tech? At Propelling Tech, innovation is at our core. We foster a collaborative culture that values creativity, experimentation, and forward-thinking. Our mission is to push the boundaries of data and AI—transforming industries and delivering real business impact. ✅ Work on groundbreaking projects in Data & AI. ✅ Collaborate with international clients and global stakeholders. ✅ Leverage cutting-edge AI tools and methodologies to boost efficiency and innovation. ✅ Be part of a dynamic, supportive team that values growth, learning, and curiosity. Join us to shape the future of data-driven innovation and intelligent automation!",False
Data Analyst,PrimeIT,Barcelona,,,"Qué buscamos? A partir de 3 años de experiencia realizando funciones de analista de datos Capacidad analítica y manejo en modelos de datos Experiencia en SQL, Python y gestión de Big Data Experiencia en herramientas de visualización de datos: Tableau, PowerBI etc. Nivel alto de inglés ¡¡Y lo más importante de todo que realmente estés motivadx para un cambio ¿Qué ofrecemos? Podemos asegurarte que contamos con el mejor equipo de todo el sector. Desde el proceso de selección, tu incorporación y ha…",Unknown,https://www.adzuna.es/details/5304781614?utm_medium=api&utm_source=9361dc98,5304781614,2025-07-16T00:10:07Z,"Qué buscamos?  A partir de 3 años de experiencia realizando funciones de analista de datos Capacidad analítica y manejo en modelos de datos Experiencia en SQL, Python y gestión de Big Data Experiencia en herramientas de visualización de datos: Tableau, PowerBI etc. Nivel alto de inglés ¡¡Y lo más importante de todo que realmente estés motivadx para un cambio!!   ¿Qué ofrecemos?  Podemos asegurarte que contamos con el mejor equipo de todo el sector. Desde el proceso de selección, tu incorporación y hasta nuestro desarrollo profesional te ofrecemos un acompañamiento y un seguimiento personalizado en todo momento. Y a todo esto súmale transparencia total en todos los pasos. Pinta bien, ¿verdad? Tenemos la seguridad de que ya sabes qué es lo que muchas empresas te ofrecen y por supuesto estamos a la altura: · Vas a contar con un plan de carrera, crecimiento, proyección y desarrollo profesional personalizado · Tendrás acceso a formación continua para que puedas estar al día. · Podrás participar en proyectos nacionales e internacionalescon opción a movilidad. · No todo va a ser trabajar, por eso disfrutar de la tarjeta restaurante y seguro médico nos parece esencial.",False
Data Analyst Jr,Solicitud de empleo para Data Analyst Jr en DDB Spain,Barcelona,,,"Perfil Si te apasionan los datos, quieres aprender en un entorno creativo y buscas dar tus primeros pasos en el mundo de la analítica aplicada al marketing y la automoción, este es tu sitio. En DDB Barcelona buscamos un/a Data Analyst Junior con ganas de aprender, crecer y desarrollarse en un entorno dinámico y creativo. Te incorporarás a una agencia de publicidad con un cliente líder del sector automoción, trabajando codo con codo con equipos de estrategia, marketing digital y tecnología, y pa…",Unknown,https://www.adzuna.es/details/5556867176?utm_medium=api&utm_source=9361dc98,5556867176,2025-12-26T20:51:02Z,"Perfil Si te apasionan los datos, quieres aprender en un entorno creativo y buscas dar tus primeros pasos en el mundo de la analítica aplicada al marketing y la automoción, este es tu sitio. En DDB Barcelona buscamos un/a Data Analyst Junior con ganas de aprender, crecer y desarrollarse en un entorno dinámico y creativo. Te incorporarás a una agencia de publicidad con un cliente líder del sector automoción, trabajando codo con codo con equipos de estrategia, marketing digital y tecnología, y participando en proyectos reales con impacto directo en negocio. Tu misión será dar soporte al análisis y la interpretación de datos digitales, ayudando a transformar la información en insights accionables que impulsen la toma de decisiones estratégicas del cliente. Responsabilidades Análisis de datos de performance de la web, campañas digitales...etc. Elaboración de informes y dashboards de seguimiento de KPIs. Apoyo en la interpretación de resultados y detección de insights accionables. Colaboración con equipos de cuentas, estrategia y tecnología para responder a necesidades analíticas del cliente. Soporte en la automatización de reportes y procesos de análisis. Aprendizaje progresivo de herramientas avanzadas de analítica y BI. Requisitos Conocimientos de Excel y Power Point Familiaridad con herramientas de analítica digital (Google Analytics, Adobe Analytics). Capacidad analítica, atención al detalle y mentalidad orientada a negocio. Ganas de aprender, actitud proactiva y curiosidad por los datos. Interés por el sector automoción y el entorno digital. Se valorará positivamente Formación en Business Intelligence y/o Marketing Digital. Experiencia académica o prácticas en análisis de datos, marketing digital o consultoría. Buenas habilidades de comunicación para explicar datos de forma clara y sencilla a cliente Todas las candidaturas serán consideradas para el empleo, independientemente de su raza, orientación sexual o edad.",False
Senior Data Analyst,Smadex SLU,Barcelona,,,"Smadex is a leading advertising technology company founded in Barcelona in 2011 and sold to American-based and stock-listed Entravision in 2018 (NYSE::EVC). We are a fully transparent platform built with top technology, countless programmatic management features and powerful machine learning algorithms to help advertisers grow their business at scale. We are currently considered one of the top mobile ad-tech companies in the world. We are looking for a Senior Data Analyst to work closely with t…",Unknown,https://www.adzuna.es/details/5511391610?utm_medium=api&utm_source=9361dc98,5511391610,2025-11-24T18:38:14Z,"Smadex is a leading advertising technology company founded in Barcelona in 2011 and sold to American-based and stock-listed Entravision in 2018 (NYSE::EVC). We are a fully transparent platform built with top technology, countless programmatic management features and powerful machine learning algorithms to help advertisers grow their business at scale. We are currently considered one of the top mobile ad-tech companies in the world. We are looking for a Senior Data Analyst to work closely with t…",True
Senior Data Analyst,Zynga,Barcelona,,,"Level Up Your Career with Zynga! At Zynga, we bring people together through the power of play. As a global leader in interactive entertainment and a proud label of Take-Two Interactive, our games have been downloaded over 6 billion times—connecting players in 175 countries through fun, strategy, and a little friendly competition. From thrilling casino spins to epic strategy battles, mind-bending puzzles, and social word challenges, our diverse game portfolio has something for everyone. Fan-favo…",Unknown,https://www.adzuna.es/details/5655182942?utm_medium=api&utm_source=9361dc98,5655182942,2026-03-05T20:55:19Z,"Level Up Your Career with Zynga! At Zynga, we bring people together through the power of play. As a global leader in interactive entertainment and a proud label of Take-Two Interactive, our games have been downloaded over 6 billion times—connecting players in 175 countries through fun, strategy, and a little friendly competition. From thrilling casino spins to epic strategy battles, mind-bending puzzles, and social word challenges, our diverse game portfolio has something for everyone. Fan-favo…",True
Product Data Analyst,SCRM,Barcelona,,,"Product Data Analyst – Job Description SCRM – LIDL Digital Hub About the role We are looking for a Product Data Analyst who will share our passion for excellence and continuous challenge. We are seeking a driven and detail-oriented Product Data Analyst to join our agile team. This key role will be centered around a specific product and will require an individual who is confident in making data-driven decisions autonomously, with the backing of a knowledgeable and collaborative team. This role w…","Trabajos en marketing, publicidad y relaciones públicas",https://www.adzuna.es/details/5527988113?utm_medium=api&utm_source=9361dc98,5527988113,2025-12-04T19:53:39Z,"Product Data Analyst – Job Description SCRM – LIDL Digital Hub About the role We are looking for a Product Data Analyst who will share our passion for excellence and continuous challenge. We are seeking a driven and detail-oriented Product Data Analyst to join our agile team.  This key role will be centered around a specific product and will require an individual who is confident in making data-driven decisions autonomously, with the backing of a knowledgeable and collaborative team. This role will involve a balance of in-depth data analysis, data quality assurance, cross-functional collaboration, and business-oriented approach, all in service of our mission to continuously improve our products. We seek individuals who are meticulous, capable problem-solvers and possess a strong aptitude for data analysis. If you are excited by the prospect of uncovering trends in large datasets and translating data-driven insights into actionable strategies, we would be delighted to hear from you. Ready to be part of the challenge? In this Role, you’ll get to Build dashboards, reports, and visualizations. Define success metrics, design experiments, and evaluate feature performance. Translate complex datasets into actionable insights and strategic recommendations. Analyze user behavior and product usage data to identify trends, pain points, and growth opportunities. Conduct deep-dive analyses to support product launches, A/B tests, and user experience improvements. Act as a data referent for a designated product within an agile squad, leading all data-related activities and decisions. Ensure the quality and consistency of product-related datasets within our data ecosystem, identifying areas for continual improvement. Champion a culture of data-informed decision-making within the squad and the wider organization, educating team members on the benefits of a data-focused approach. Develop, implement, and manage efficient data pipelines to support data extraction and analysis, enhancing the quality of insights for both product development and customer experience. Required Skills Experience with Databricks, Snowflake and Big Query. Experience with orchestration tools such as Airflow and DBT. Familiarity with Git for version control and CI/CD operations. Previous experience in a Cloud environment, preferably Azure. Knowledge of SQL and Python for data extraction and manipulation. A solid understanding of data structures and data manipulation methodologies. Experience with A/B testing, experimentation, and product analytics frameworks. Previous experience working in Mobile App products with Firebase as tracking tool. Practical experience using Jira, Confluence, and other Atlassian tools in agile development. Familiarity with data management tools and their application to both structured and unstructured data. Excellent collaboration and communication skills, with a demonstrated ability to work effectively in a multidisciplinary agile team. Our Stack ✅ PowerBI as dashboarding tool. Visual Studio / PyCharm for code development. Airflow and DBT for data orchestration and transformation. Snowflake and SQL for structured data storage and querying. Azure DevOps for version control and development operations. Databricks with PySpark for large-scale data processing and analytics. JIRA and Confluence for knowledge management and team collaboration. About us Who we are SCRM was created in 2015 with a vision of the future that foresaw “business and technology forever remaining intertwined”, and a steadfast mission to guide traditional businesses towards digital evolution through their clients, data, commercial strategies and omnichannel communication. Specialising in digital strategy, automation and real-time offer and content customisation, SCRM owes its success and efficiency to the use of cloud computing and the development of data platforms which rely on artificial intelligence for automatic decision-making in largescale consumer and retail markets. SCRM Lidl International Hub - Three years later, Lidl has absorbed the company and turned it into their international hub of digitalisation and customer intelligence. Amongst our missions as Lidl’s International Hub, we would highlight the following: The conceptualisation and development of Lidl Plus, a Lidl international relational programme, and its benefit plan, which will offer discounts, exclusive services, agreements with third-party entities and financial services as its fundamental features; The creation of a cloud-based international platform for big data; The development of an international marketing automation platform; The conceptualisation, development and management of business intelligence platforms; The creation of an omnichannel payment platform; The development of advanced analytics and machine learning platforms favouring customer recommendation, foresight and analysis systems; The creation and implementation of an omnichannel, single sign-on strategy to generate business opportunities amongst the group’s diverse range of commercial platforms and services. SCRM is currently part of Schwarz Digits - Schwarz Digits is the IT and digital division of Schwarz Group. It offers compelling digital products and services that meet Germany's high data protection standards. Schwarz Digits thus guarantees the greatest possible digital sovereignty. With this claim, Schwarz Digits provides the IT infrastructure and solutions for the extensive ecosystem of the companies of Schwarz Group and develops it further for the future. Schwarz Digits creates optimal conditions for the development of trend-setting innovations for end customers, companies and public sector organizations. Our Mission & Vision Our Vision as SCRM is to digitalize the Schwarz Group. SCRM provide digital tools to all Schwarz businesses that enables them to understand and connect with the customer to boost their revenues. Values ⭐️ Do you want to know more about our Culture? We are Family: Yes, we are colleagues, but we like to have fun while working. As a real family, we suffer in hard times and celebrate together in good times, as equals and with respect. In fact, we like better the Spanish word Colegas, which includes a sense of friendship. Passion by Design: Passion is at the very heart of everything we do. Over at HQ, they say this is a because of the sunny Barcelona and our Latin vibes. The reality… it's because we love what we do. Innovation as a Service: We don’t deliver technology; we deliver creation & transformation. Challenging the status quo is what inspire us because we want to lead the next generation of grocery business. Make it happen: Every day is an opportunity to make a difference. Do something good today, improve it tomorrow and don’t stop until it’s awesome. Think Big: Don’t let what is already done draw the boundaries of what’s coming next, this is the only way to go beyond what it is expected. Perks of being part of our team An awesome team Competitive salary Social benefits plan: a 225€ monthly allowance for ticket restaurant , transportor kindergarten Health & Accident insurance Referral bonus Hybrid remote-office work 24 days of holidays per year Flexible schedule ⏰ and no dress code! Language lessons: German, English & Spanish‍ Possibility intensive timetable in July & August Continuous learning and development programs Work in one of the top 10 IT hubs in BCN located in Plaza Catalunya Filtered water, biscuits, fresh fruit, wide selection of teas and coffee (Nespresso, what else?)☕️ 300€ Wellbeing voucher: To do your favorite sport ‍♂️, Dental Medical treatment , Optical care (Purchase of prescription glasses or contact lenses) , psychological support / Mental health therapy sessions ‍♂️ and Hearing aids Join the challenge! SCRM provides equal employment opportunities to any job applicant or employee and confirms that it is committed to ensuring that there shall be no direct or indirect discrimination against, or harassment of, job applicants or employees on grounds of race, creed, colour, ethnic origin, nationality, gender, gender reassignment or transsexualism, religious or other similar beliefs, age, marital or family status, sexual orientation, or disability. SCRM recruits, hires, promotes, transfers, takes disciplinary action, and makes all personnel decisions, including those related to compensation and benefits, in a non-discriminatory manner and in accordance with applicable laws. We hereby inform you that SOCIAL BIGDATA COMUNICACIÓN, S.L.U. (hereinafter “SCRM” or “we”) located at calle Bergara 13, 4ª, 08002 Barcelona, Spain, with telephone number +34 937076017 is the data controller responsible for protecting personal information you provide to us in your cv directly within the recruitment process or which we may receive from job and recruiting sites and/or headhunters. Moreover, SCRM will process any additional data that may be submitted or updated during the recruitment process. Your personal data is absolutely essential to participate. We do not collect any special category data. Please kindly do not provide us with such data. SCRM process your personal data based on your consent and to manage, develop and follow up on the recruitment processes that suits your profile. Your personal data will not be transferred to third parties unless it is required by law. However, we may communicate your personal data to the suppliers of services which we may contract, and which have the status of data processor. Your personal data will be kept until your consent is withdrawn and in any case for a maximum period of one year from the finalization of the recruitment process. You can exercise your rights of access, rectification, cancellation, opposition, restricted processing and data portability with regard to your data at any time. To this effect you may contact the Data Protection Officer appointed by SCRM by sending a letter to the abovementioned postal address or per email to: dataprotection@scrm.lidl. Additionally, you have the right to file a complaint to the Spanish Data Protection Agency if you consider that any of your rights have been infringed. You can obtain a full version of our Privacy Policy here.",False
"Internship, Data Analyst","UL, LLC",Barcelona,,,"We are looking for a Data Analyst Intern to join our Market Intelligence team at UL Solutions. This role is an excellent opportunity for a motivated and analytical profile who wants to gain hands-on experience working with real business data, global stakeholders, and data-driven decision-making in a multinational environment. As part of the team, you will support the analysis of market performance and business KPIs, helping transform data into meaningful insights that drive strategic and operat…",Unknown,https://www.adzuna.es/details/5625658758?utm_medium=api&utm_source=9361dc98,5625658758,2026-02-12T05:02:31Z,"We are looking for a Data Analyst Intern to join our Market Intelligence team at UL Solutions. This role is an excellent opportunity for a motivated and analytical profile who wants to gain hands-on experience working with real business data, global stakeholders, and data-driven decision-making in a multinational environment. As part of the team, you will support the analysis of market performance and business KPIs, helping transform data into meaningful insights that drive strategic and operational decisions across the organization. + Extract, clean, and transform data from multiple data sources to support analysis and reporting. + Ensure data accuracy, consistency, and integrity across all datasets, reports, and dashboards. + Develop and maintain interactive dashboards and reports in Power BI to track business performance, KPIs, and key market indicators. + Monitor UL Solutions' market performance, identifying trends, deviations, and opportunities across markets and regions. + Analyze data and generate actionable business insights to support strategic and operational decision-making. + Translate complex analyses into clear, concise, and valuable insights tailored to different stakeholders. + Identify and implement process improvements and automation opportunities in data extraction, reporting, and analysis workflows. + Collaborate with global Marketing, Sales, and Operations teams to understand business needs and deliver relevant analytics solutions. + Currently pursuing or recently completed a degree or master in Business, Statistics, Mathematics, Data Analytics, or a related field. + Strong analytical mindset with interest in data analysis, business intelligence, and market analysis. + Knowledge of data analysis and visualization tools such as Excel, Power BI, Python, or similar. + Proactive, results-oriented, and eager to learn and grow in a data-driven environment. + Good communication skills and ability to work with cross-functional, international teams. + Fluent in English (written and spoken). You will get + Hands-on experience in a global data team with real business impact. + Exposure to international stakeholders and decision-making processes. + Opportunity to develop strong skills in data analysis (Python, Excel, etc.), data visualization (Power BI), and business storytelling. + A collaborative and learning-oriented environment within a leading global company. A global leader in applied safety science, UL Solutions (NYSE: ULS) transforms safety, security and sustainability challenges into opportunities for customers in more than 110 countries. UL Solutions delivers testing, inspection and certification services, together with software products and advisory offerings, that support our customers' product innovation and business growth. The UL Mark serves as a recognized symbol of trust in our customers' products and reflects an unwavering commitment to advancing our safety mission. We help our customers innovate, launch new products and services, navigate global markets and complex supply chains, and grow sustainably and responsibly into the future. Our science is your advantage. UL LLC has been and will continue to be an equal opportunity employer. To assure full implementation of this equal employment policy, we will take steps to assure that: Persons are recruited, hired, assigned and promoted without regard to race, color, age, sex or gender, sexual orientation, gender identity, gender expression, transgender status, religion, creed, national origin, ethnicity, citizenship, ancestry, disability, genetic information, military or veteran status, pregnancy, marital or familial status, or any other protected category under applicable law.",False
Senior Data Analyst,Blacklane,Barcelona,,,"As a Senior Data Analyst at Blacklane, you will be at the forefront of our data-driven initiatives, transforming complex datasets into actionable insights that drive business decisions. Your role will involve developing dashboards, reports, and visualizations, collaborating with cross-functional teams to understand and meet their data needs, and conducting advanced statistical analyses. You will ensure data integrity and accuracy, communicate findings effectively, and contribute to the strategi…",Unknown,https://www.adzuna.es/details/5594649089?utm_medium=api&utm_source=9361dc98,5594649089,2026-01-21T21:43:16Z,"As a Senior Data Analyst (Full Stack) at Blacklane, you will play a pivotal role in driving our data-led strategies, turning complex data into meaningful insights that shape business decisions. You will design and maintain dashboards, reports, and visualizations, partner with cross-functional teams to address their data needs, and perform advanced analyses. Your commitment to data quality and accuracy will be essential, as will your ability to clearly communicate findings and help steer the strategic direction of our data division within the engineering department. This role offers continuous learning, flexible work options, and the chance to thrive in a diverse, inclusive environment. YOUR CHALLENGE: Insights – Analyze complex datasets to identify trends, patterns, and actionable insights. Analysis – Perform advanced statistical analyses and predictive modeling to inform strategic decisions. Dashboards – Design, build, and maintain dashboards, reports, and data visualizations to monitor key metrics. Data Modeling – Take ownership of our data transformation layer, applying data modeling techniques (using dbt) to convert raw data into valuable analytical assets. Collaboration – Partner with cross-functional teams to understand business objectives and translate them into clear data requirements. Quality Mindset – Uphold data integrity and accuracy through thorough validation and rigorous quality checks. Business – Build deep expertise in specific business domains (such as Product, Marketing, Operations, or Sales) to serve as a trusted advisor to stakeholders. Communication – Clearly communicate findings and recommendations to stakeholders at all levels. ABOUT YOU: Deep analytics experience: You have senior level experience (4+ years) in data analytics, with expert-level proficiency in SQL and dbt. Data modeling and creating insights are your passion. Proficiency in data visualization tools (e.g., Tableau, Metabase, Looker). Strong analytical and problem-solving skills with the ability to interpret complex datasets. Strong project management skills: highly organized, self-driven, and experienced in owning large-scale analytical projects. Excellent communication and presentation skills. About Blacklane Our mission is simple but powerful: to become the world’s leading premium, global chauffeur service. Operating in 50+ countries, we reimagine chauffeur-driven rides by prioritizing reliability, innovation, and first-class service at every step. Blacklane is also at the forefront of sustainable mobility efforts, continuously working to reduce our operational impact on the planet. Our Company Culture & Values Blacklane has grown from a two-person startup in Berlin to a global team of over 300 people representing 54+ nationalities. Our culture is powered by our commitment to three core values: Care, Drive and Excellence. Care - We are invested in each other's well-being and professional growth. Drive - We act with pace and determination. We are ambitious, committed to a growth mindset, and champion ownership and delivery. Excellence - We understand our customers so we can exceed expectations. We support our people through initiatives like Employee Resource Groups (ERGs), mentorship programs that bring our values to life. ✨ Why join Blacklane? At Blacklane, our Compensation and Benefits strategies are designed to be fair and market-aligned. We combine base salary with variable elements and long-term incentives as part of our overall rewards framework. All employees participate in our company-wide Virtual Stock Option Plan (VSOP), sharing in Blacklane’s long-term success. In addition, we offer a benefits package tailored to each location, supporting health, wellbeing, time off, learning, and local needs. Some of the benefits for this role and country include: Local perks – Spain (Barcelona) 100% employer-paid health insurance for you and your dependents 28 vacation days per year, increasing with tenure ️ 60€ / month Glovo budget for meals Your Mental and Physical Health → No compromise with Nilo and Wellhub Monthly home office allowance to support remote work setup Continuous learning through LinkedIn learning and L&D budget Weekly co‑working space access in Barcelona Fair pay and shared success through our VSOP program Mystery Rides: Quarterly Voucher to enjoy personal trips around the world with Blacklane and experience our service from a guest’s perspective. Do you have any questions or want to know more about our way of working? Feel free to contact us. We’re happy to connect! We place great value on equal opportunities. Therefore, we welcome everyone to apply!",False
Product Data Analyst,SCRM,Barcelona,,,"Product Data Analyst – Job Description SCRM – LIDL Digital Hub About the role We are looking for a Product Data Analyst who shares our passion for data, digital products and continuous improvement. You will join an agile team working on different digital products, mainly related to Lidl Plus app. This role is not limited to a single product; instead, you will collaborate across multiple initiatives, contributing to the definition, analysis and evolution of several digital solutions. This is a h…",Unknown,https://www.adzuna.es/details/5624871863?utm_medium=api&utm_source=9361dc98,5624871863,2026-02-11T22:13:47Z,"Product Data Analyst – Job Description SCRM – LIDL Digital Hub About the role We are looking for a Product Data Analyst who shares our passion for data, digital products and continuous improvement. You will join an agile team working on different digital products, mainly related to Lidl Plus app. This role is not limited to a single product; instead, you will collaborate across multiple initiatives, contributing to the definition, analysis and evolution of several digital solutions. This is a hands-on role that combines data analysis, event tracking, experimentation and ETL development. You will work closely with product managers, developers and other stakeholders to turn data into actionable insights and to build solid data foundations from scratch when needed. Our data ecosystem is based on a Data Lake, which we exploit mainly through Databricks and PySpark. Ready to be part of the challenge? In this Role, you’ll get to Build dashboards, reports, and visualizations. Design, build and maintain ETL processes from scratch when required. Ensure data quality, consistency and reliability across the data ecosystem. Promote a data-driven culture and support decision-making through data. Act as a data referent within an agile squad, supporting multiple digital products. Work with product and tech teams to translate business needs into data solutions. Perform in-depth data analysis using large datasets to generate actionable insights. Define and implement product tracking and event schemas to measure product performance. Design, implement and own the full lifecycle of A/B testing and experimentation, from hypothesis definition to results analysis. Required Skills Strong knowledge of Python and SQL. Ability to work in a collaborative, agile environment. Previous experience with Firebase as a tracking tool. Solid experience with Databricks and PySpark (essential). Experience in A/B testing and experimentation methodologies. Bachelor’s degree in a technical field or equivalent experience. Strong understanding of data structures and data manipulation. Experience in A/B testing and experimentation methodologies. Good understanding of relational databases and how they work. Familiarity with Databricks concepts: clusters, jobs, notebooks, pipelines. Experience designing and working with event tracking and event testing. Extra Points Experience working in Azure Cloud environments. Familiarity with Git or other version control systems. Experience with NoSQL systems (MongoDB, CosmosDB, etc.). Experience with Google Analytics, Google Tag Manager and BigQuery. Our Stack ✅ PowerBI as dashboarding tool. Data Lake as core architecture. Jira & Confluence for team collaboration. Google environment, Google Cloud Platform and BigQuery. Databricks + PySpark as main data platform. This year, we will be migrating to Reporting: Currently using Databricks built-in reporting tools. In the process of migrating from Power BI to MicroStrategy. About us Who we are SCRM was created in 2015 with a vision of the future that foresaw “business and technology forever remaining intertwined”, and a steadfast mission to guide traditional businesses towards digital evolution through their clients, data, commercial strategies and omnichannel communication. Specialising in digital strategy, automation and real-time offer and content customisation, SCRM owes its success and efficiency to the use of cloud computing and the development of data platforms which rely on artificial intelligence for automatic decision-making in largescale consumer and retail markets. SCRM Lidl International Hub - Three years later, Lidl has absorbed the company and turned it into their international hub of digitalisation and customer intelligence. Amongst our missions as Lidl’s International Hub, we would highlight the following: The conceptualisation and development of Lidl Plus, a Lidl international relational programme, and its benefit plan, which will offer discounts, exclusive services, agreements with third-party entities and financial services as its fundamental features; The creation of a cloud-based international platform for big data; The development of an international marketing automation platform; The conceptualisation, development and management of business intelligence platforms; The creation of an omnichannel payment platform; The development of advanced analytics and machine learning platforms favouring customer recommendation, foresight and analysis systems; The creation and implementation of an omnichannel, single sign-on strategy to generate business opportunities amongst the group’s diverse range of commercial platforms and services. SCRM is currently part of Schwarz Digits - Schwarz Digits is the IT and digital division of Schwarz Group. It offers compelling digital products and services that meet Germany's high data protection standards. Schwarz Digits thus guarantees the greatest possible digital sovereignty. With this claim, Schwarz Digits provides the IT infrastructure and solutions for the extensive ecosystem of the companies of Schwarz Group and develops it further for the future. Schwarz Digits creates optimal conditions for the development of trend-setting innovations for end customers, companies and public sector organizations. Our Mission & Vision Our Vision as SCRM is to digitalize the Schwarz Group. SCRM provide digital tools to all Schwarz businesses that enables them to understand and connect with the customer to boost their revenues. Values ⭐️ Do you want to know more about our Culture? We are Family: Yes, we are colleagues, but we like to have fun while working. As a real family, we suffer in hard times and celebrate together in good times, as equals and with respect. In fact, we like better the Spanish word Colegas, which includes a sense of friendship. Passion by Design: Passion is at the very heart of everything we do. Over at HQ, they say this is a because of the sunny Barcelona and our Latin vibes. The reality… it's because we love what we do. Innovation as a Service: We don’t deliver technology; we deliver creation & transformation. Challenging the status quo is what inspire us because we want to lead the next generation of grocery business. Make it happen: Every day is an opportunity to make a difference. Do something good today, improve it tomorrow and don’t stop until it’s awesome. Think Big: Don’t let what is already done draw the boundaries of what’s coming next, this is the only way to go beyond what it is expected. Perks of being part of our team An awesome team Competitive salary Social benefits plan: a 225€ monthly allowance for ticket restaurant , transportor kindergarten Health & Accident insurance Referral bonus Hybrid remote-office work 24 days of holidays per year Flexible schedule ⏰ and no dress code! Language lessons: German, English & Spanish‍ Intensive timetable in July & August Continuous learning and development programs Work in one of the top 10 IT hubs in BCN located in Plaza Catalunya Filtered water, biscuits, fresh fruit, wide selection of teas and coffee (Nespresso, what else?)☕️ 300€ Wellbeing voucher: To do your favorite sport ‍♂️, Dental Medical treatment , Optical care (Purchase of prescription glasses or contact lenses) , psychological support / Mental health therapy sessions ‍♂️ and Hearing aids Join the challenge! SCRM provides equal employment opportunities to any job applicant or employee and confirms that it is committed to ensuring that there shall be no direct or indirect discrimination against, or harassment of, job applicants or employees on grounds of race, creed, colour, ethnic origin, nationality, gender, gender reassignment or transsexualism, religious or other similar beliefs, age, marital or family status, sexual orientation, or disability. SCRM recruits, hires, promotes, transfers, takes disciplinary action, and makes all personnel decisions, including those related to compensation and benefits, in a non-discriminatory manner and in accordance with applicable laws. We hereby inform you that SOCIAL BIGDATA COMUNICACIÓN, S.L.U. (hereinafter “SCRM” or “we”) located at calle Bergara 13, 4ª, 08002 Barcelona, Spain, with telephone number +34 937076017 is the data controller responsible for protecting personal information you provide to us in your cv directly within the recruitment process or which we may receive from job and recruiting sites and/or headhunters. Moreover, SCRM will process any additional data that may be submitted or updated during the recruitment process. Your personal data is absolutely essential to participate. We do not collect any special category data. Please kindly do not provide us with such data. SCRM process your personal data based on your consent and to manage, develop and follow up on the recruitment processes that suits your profile. Your personal data will not be transferred to third parties unless it is required by law. However, we may communicate your personal data to the suppliers of services which we may contract, and which have the status of data processor. Your personal data will be kept until your consent is withdrawn and in any case for a maximum period of one year from the finalization of the recruitment process. You can exercise your rights of access, rectification, cancellation, opposition, restricted processing and data portability with regard to your data at any time. To this effect you may contact the Data Protection Officer appointed by SCRM by sending a letter to the abovementioned postal address or per email to: dataprotection@scrm.lidl. Additionally, you have the right to file a complaint to the Spanish Data Protection Agency if you consider that any of your rights have been infringed. You can obtain a full version of our Privacy Policy here.",False
Marketing Data Analyst,Proton,Barcelona,,,"Join Proton and build a better internet where privacy is the defaultAt Proton, we believe that privacy is a fundamental human right and the cornerstone of democracy. Since our inception in , founded by a team of scientists from CERN, we have dedicated ourselves to providing free and open-source technology to millions worldwide, ensuring access to privacy, security, and freedom online.Our journey began with Proton Mail, the largest secure email service globally, and has since expanded to include…",Unknown,https://www.adzuna.es/details/5655180976?utm_medium=api&utm_source=9361dc98,5655180976,2026-03-05T20:55:01Z,"Join Proton and build a better internet where privacy is the defaultAt Proton, we believe that privacy is a fundamental human right and the cornerstone of democracy. Since our inception in , founded by a team of scientists from CERN, we have dedicated ourselves to providing free and open-source technology to millions worldwide, ensuring access to privacy, security, and freedom online.Our journey began with Proton Mail, the largest secure email service globally, and has since expanded to include…",True
Marketing Data Analyst,Proton Ag,Barcelona,,,"Join Proton and build a better internet where privacy is the defaultAt Proton, we believe that privacy is a fundamental human right and the cornerstone of democracy. Since our inception in , founded by a team of scientists from CERN, we have dedicated ourselves to providing free and open-source technology to millions worldwide, ensuring access to privacy, security, and freedom online.Our journey began with Proton Mail, the largest secure email service globally, and has since expanded to include…",Unknown,https://www.adzuna.es/details/5655182688?utm_medium=api&utm_source=9361dc98,5655182688,2026-03-05T20:55:17Z,"Join Proton and build a better internet where privacy is the defaultAt Proton, we believe that privacy is a fundamental human right and the cornerstone of democracy. Since our inception in , founded by a team of scientists from CERN, we have dedicated ourselves to providing free and open-source technology to millions worldwide, ensuring access to privacy, security, and freedom online.Our journey began with Proton Mail, the largest secure email service globally, and has since expanded to include…",True
Marketing Data Analyst,Proton Ag,Barcelona,,,"Join Proton and build a better internet where privacy is the defaultAt Proton, we believe that privacy is a fundamental human right and the cornerstone of democracy. Since our inception in , founded by a team of scientists from CERN, we have dedicated ourselves to providing free and open-source technology to millions worldwide, ensuring access to privacy, security, and freedom online.Our journey began with Proton Mail, the largest secure email service globally, and has since expanded to include…",Unknown,https://www.adzuna.es/details/5655180333?utm_medium=api&utm_source=9361dc98,5655180333,2026-03-05T20:54:54Z,"Join Proton and build a better internet where privacy is the defaultAt Proton, we believe that privacy is a fundamental human right and the cornerstone of democracy. Since our inception in , founded by a team of scientists from CERN, we have dedicated ourselves to providing free and open-source technology to millions worldwide, ensuring access to privacy, security, and freedom online.Our journey began with Proton Mail, the largest secure email service globally, and has since expanded to include…",True
Data Analyst & Reporting Services,Randstad ES,Barcelona,permanent,,"Data Analyst & Reporting Services ¿Tienes experiencia trabajando con datos y herramientas de análisis? ¿Te apasiona transformar información en conocimiento útil para la toma de decisiones? ¡En Randstad estamos buscando personas como tú! nuestro cliente Multinacional tecnológica líder a nivel mundial, con más de 80 años de trayectoria. Con una plantilla de miles de profesionales en más de 170 países. Nuestro cliente se distingue por su compromiso con la innovación, la sostenibilidad y el bienest…",Trabajos en informática,https://www.adzuna.es/details/5639115990?utm_medium=api&utm_source=9361dc98,5639115990,2026-02-21T02:43:29Z,"Data Analyst & Reporting Services ¿Tienes experiencia trabajando con datos y herramientas de análisis? ¿Te apasiona transformar información en conocimiento útil para la toma de decisiones? ¡En Randstad estamos buscando personas como tú! nuestro cliente Multinacional tecnológica líder a nivel mundial, con más de 80 años de trayectoria. Con una plantilla de miles de profesionales en más de 170 países. Nuestro cliente se distingue por su compromiso con la innovación, la sostenibilidad y el bienest…",True
Senior HR Data Analyst,"UL, LLC",Barcelona,,,"We are currently looking for a Senior HR Data Analyst to join our team in Basingstoke on a hybrid working model.  Provides oversight regarding metric definition and computation approaches ensuring consistency within HR and partner groups such as Finance.  Helps develop roadmap with key HR leaders regarding timing and scope of additional phases to enable more advanced reporting and ultimately support strategic/ advanced analytics.  Helps to develop and implement data analyses, data collection sy…",Unknown,https://www.adzuna.es/details/5625658757?utm_medium=api&utm_source=9361dc98,5625658757,2026-02-12T05:02:31Z,"We are currently looking for a Senior HR Data Analyst to join our team in Basingstoke on a hybrid working model.  Provides oversight regarding metric definition and computation approaches ensuring consistency within HR and partner groups such as Finance.  Helps develop roadmap with key HR leaders regarding timing and scope of additional phases to enable more advanced reporting and ultimately support strategic/ advanced analytics.  Helps to develop and implement data analyses, data collection sy…",True
RWE Data Analyst Expert,Sanofi Group,Barcelona,,,"Job title: Real World Evidence (RWE) Data Analyst Expert _Location: Barcelona_ _% of travel expected: Travel required as per business need_ _Job type: Permanent and Full time_ About the job Our Team: Sanofi Business Operations is an internal Sanofi resource organization based in India and is setup to centralize processes and activities to support Specialty Care, Vaccines, General Medicines, CHC, CMO, and R&D, Data & Digital functions. Sanofi Business Operations strives to be a strategic and fun…",Unknown,https://www.adzuna.es/details/5590111960?utm_medium=api&utm_source=9361dc98,5590111960,2026-01-18T04:37:13Z,"**Job title: Real World Evidence (RWE) Data Analyst Expert** _Location: Barcelona_ _% of travel expected: Travel required as per business need_ _Job type: Permanent and Full time_ **About the job** **Our Team:** Sanofi Business Operations is an internal Sanofi resource organization based in India and is setup to centralize processes and activities to support Specialty Care, Vaccines, General Medicines, CHC, CMO, and R&D, Data & Digital functions. Sanofi Business Operations strives to be a strategic and functional partner for tactical deliveries to Medical, HEVA, and Commercial organizations in Sanofi, globally. **Main responsibilities:** Use statistical, analytical, data management and computational skills to execute analyses of pre-existing data to investigate research questions in teamwork with colleagues from health economics and value assessment (HEVA), medical affairs, business operations & strategy (BO&S) and commercial product teams; Work together with these SGz functions and the RWE group located in the Chief Digital Office that maintains Sanofi data assets via primary data collection, license of secondary data sources, and de-identified clinical trial data; Require a strong background in statistics, statistical programming, observational research design, and experience in the pharmaceutical industry. + **People:** + (1) Work together with colleagues from HEVA, medical affairs, BO&S and commercial product teams to executive analysis of pre-existing data to investigate research questions + (2) Also collaborate with SGz functions and RWE group to maintain Sanofi data assets + (3) Collaborate with other team members as required and provide support as needed + (4) acting as a mentor and guide to the new joiners in the team + **Performance:** + (1) Responsible for independently conducting analyses that Sanofi has defined as ""Conventional Projects."" These projects are intended to provide insights to inform key internal decisions. These projects include, but are not limited to: + _(a) Characterizing disease epidemiology based on diagnostic code and/or treatment codes_ + _(b) Assess study feasibility based on patient population(s) available for analysis_ + _(c) Descriptive cohort analyses based on a limited number of outcomes_ + (2) Responsible for developing a deep understanding of Sanofi's suite of digital tools and platforms + (3) Use statistical, analytical, data management and computational skills to execute analysis of pre-existing data to investigate research questions + (4) Maintain Sanofi data assets via primary data collection, license of secondary data sources, and de-identified clinical trial data + (5) Acting as an SME for the RWE analytics + **Customer:** + (1) Providing accurate and timely deliverables + (2) Highly responsive to end-user needs + **Process:** Manage all requests within the centralized mailbox and prioritize based on the business need **About you** + **Experience:** 7+ years; Experience analysing multiple sources of secondary patient data (e.g., electronic medical records, administrative claims); Demonstrated experience with business intelligence stacks, data visualization frameworks (Qlik, Tableau, MicroStrategy etc.) and integration with data technologies; Experience using existing RWE platforms such as AETION, PANALGO + **Soft skills:** High level of interactive communication including challenges to conventional thinking as necessary; Proven teamwork and collaboration; Rapid response analytics; High energy responsiveness and commitment to meeting stakeholders' needs; Excellent Written and verbal communication skills, collaboration, and interpersonal skills + **Technical skills:** R, SAS, python and/or pyspark + **Education:** BA/BS + 7 years of relevant experience OR MS/PhD + 5 years of relevant experience; Academic training in the areas of mathematics, statistics/biostatistics, statistical programming, observational research, epidemiology, health economics, or a related quantitative field + **Languages:** Excellent knowledge of English language (spoken and written) \#LI-Hybrid #BarcelonaHub #SanofiHubs **Pursue** **_progress_** **, discover** **_extraordinary_** Better is out there. Better medications, better outcomes, better science. But progress doesn't happen without people - people from different backgrounds, in different locations, doing different roles, all united by one thing: a desire to make miracles happen. So, let's be those people. At Sanofi, we provide equal opportunities to all regardless of race, colour, ancestry, religion, sex, national origin, sexual orientation, age, citizenship, marital status, ability or gender identity. Watch our ALL IN video (https://www.youtube.com/watch?v=SkpDBZ-CJKw&t=67s) and check out our Diversity Equity and Inclusion actions at sanofi.com (https://www.sanofi.com/en/our-responsibility/equality-and-inclusiveness) ! Global Terms & Conditions and Data Privacy Statement (https://www.sanofi.com/en/careers/global-terms-and-conditions/) Sanofi is dedicated to supporting people through their health challenges. We are a global biopharmaceutical company focused on human health. We prevent illness with vaccines, provide innovative treatments to fight pain and ease suffering. We stand by the few who suffer from rare diseases and the millions with long-term chronic conditions. With more than 100,000 people in 100 countries, Sanofi is transforming scientific innovation into healthcare solutions around the globe. Discover more about us visiting www.sanofi.com or via our movie We are Sanofi (https://youtu.be/96EwNjb1TLo) As an organization, we change the practice of medicine; reinvent the way we work; and enable people to be their best versions in career and life. We are constantly moving and growing, making sure our people grow with us. Our working environment helps us build a dynamic and inclusive workplace operating on trust and respect and allows employees to live the life they want to live. All in for Diversity, Equity and Inclusion at Sanofi - YouTube (http://www.youtube.com/watch?v=SkpDBZ-CJKw&t=2s)",False
Lead Data Analyst - Marketing,Rover.com,Barcelona,,,"Who we are: Want to make an impact? Join our pack and come work (and play!) with us. We believe everyone deserves the unconditional love of a pet—and at Rover, our mission is to make it easier to experience that love. Founded in 2011, the Rover app and website connect dog and cat parents with loving pet sitters and dog walkers in neighborhoods across the US, Canada, and Europe. We empower our community of trusted pet sitters and dog walkers to run their own pet care businesses on Rover with the…","Trabajos en marketing, publicidad y relaciones públicas",https://www.adzuna.es/details/5579830455?utm_medium=api&utm_source=9361dc98,5579830455,2026-01-11T22:00:05Z,"Who we are: Want to make an impact? Join our pack and come work (and play!) with us. We believe everyone deserves the unconditional love of a pet—and at Rover, our mission is to make it easier to experience that love. Founded in 2011, the Rover app and website connect dog and cat parents with loving pet sitters and dog walkers in neighborhoods across the US, Canada, and Europe. We empower our community of trusted pet sitters and dog walkers to run their own pet care businesses on Rover with the tools and security of a global company to back them. Headquartered in Seattle, Washington, we work closely with our teams in Barcelona, San Antonio, Spokane, and remote locations. We’ve got a reputation for being a great place to work, having been named among the 100 Best Companies to Work For in Seattle Business Magazine and Washington’s Best Workplaces in the Puget Sound Business Journal. We're an agile, fast-growing company, and our leadership comes from some of the world's most respected tech companies. At Rover, our furry coworkers are just as important as our human ones—and we wouldn’t have it any other way. Along with making the joys of pet parenthood more accessible, we’re committed to fostering a diverse, inclusive, and welcoming community of pet people—and that starts with our employees. Who We're Looking For: We're looking for a Lead Analyst to ensure that our Marketing team makes data-driven decisions at every stage—from early-stage ROI modeling to designing and analyzing experiments that drive global growth. You will be the primary point of contact for our Growth, SEO, and International teams, collaborating directly with marketing leadership to define strategy. You will take the lead in designing measurement frameworks and analyzing performance to inform where we invest next. You will be empowered to identify the root causes of fluctuations in our metrics and present the overarching narrative of marketplace performance to the broader organization. When the data shows a need for change, you are expected to bring together the evidence and the right people to find the solution. This is a hybrid position that has the minimum expectation to work out of our Barcelona Office in the Poblenou neighborhood two days per week on Mondays and Thursdays. For this reason, candidates must be based in Barcelona or willing to relocate. Your Impact: Deepen customer engagement: Lead the analysis on customer retention and LTV expansion. You will identify underlying trends and proactively recommend strategies to the marketing team to increase long-term user value. Tell stories that drive action: Design the reporting architecture and define the key business metrics for the department. You will build dashboards and craft data narratives that directly influence decisions made by marketing and cross-functional leadership. Drive marketing efficiency: Define the way we run experimentation in the Marketing space. You will advance our testing methodology to ensure statistical rigor and optimize strategies across multiple marketing functions. Partner with key decision-makers: Partner with Growth, International Expansion, and SEO leadership. You will translate their complex business goals into analytical roadmaps and provide the insights needed to prioritize their initiatives. Your Qualifications: 6+ years of experience using data to drive business impact, including identifying actionable insights, crafting compelling narratives, and partnering with cross-functional teams to define and implement solutions. Advanced proficiency in SQL, with the ability to review and optimize code from other analysts and collaborate with engineering on data models. Strong proficiency in statistical analysis and using Python or R. Proven expertise in A/B testing, statistical analysis, and experimental design. Proven ability to manage large analytical initiatives from design to completion, including managing stakeholder expectations and timelines. Demonstrated success in collaborating cross-functionally to define business problems, scope project deliverables and timelines, implement reporting solutions, and shape organizational strategy. Highly adept communicator of data insights across technical and non-technical audiences. Data visualisation tool experience (e.g. Mode, Looker, Tableau, etc.) Nice to Have: Demonstrated experience mentoring and developing junior team members, analysts, and non-technical stakeholders. Experience in a two-sided marketplace. Benefits of working at Rover: Long-term incentive plan with a company performance-based cash payout Pension plan Private medical insurance 25 days PTO Meal allowance and flexible compensation plan (transport and nursery) Gym membership €450 to cover the costs associated with the adoption of a pet Annual €150 wellness reimbursement Flexible work hours, sometimes you'll need to be in at certain times, but on the whole, we're pretty flexible when it comes to managing workload and time Grab snacks, fresh fruit, in our kitchen to keep yourself going Regular team activities, events, game nights, and more Dog-friendly office Rover is an equal-opportunity employer committed to promoting a diverse, inclusive, and inventive environment with the best employees. We’re driven by seeing our people succeed and grow, and we work to ensure everyone contributes to their fullest potential. We consider all qualified applicants without regard to age, race, color, ancestry, national origin, religion, disability, protected veteran status, sex, gender identity or expression, sexual orientation, or any other protected status in accordance with applicable laws, regulations, and ordinances. _",False
Data Analyst Para Banca,Banco Mediolanum,Barcelona,,,"¿Te gustaría desarrollar tu carrera en el sector financiero? ¿Te encantaría conocer una de las entidades bancarias más importantes a nivel internacional? ¡Si la respuesta es sí, sigue leyendo! Somos Banco Mediolanum, gestionamos el esfuerzo y las ilusiones de nuestros clientes cuidando de sus finanzas. Para conseguirlo, ofrecemos el mejor tratamiento personalizado, gracias a la figura del Family Banker® y a un servicio de Banca Multicanal, que permite acceder al banco las 24 horas al día, 365 d…",Unknown,https://www.adzuna.es/details/5657840099?utm_medium=api&utm_source=9361dc98,5657840099,2026-03-07T20:56:37Z,"¿Te gustaría desarrollar tu carrera en el sector financiero? ¿Te encantaría conocer una de las entidades bancarias más importantes a nivel internacional? ¡Si la respuesta es sí, sigue leyendo! Somos Banco Mediolanum, gestionamos el esfuerzo y las ilusiones de nuestros clientes cuidando de sus finanzas. Para conseguirlo, ofrecemos el mejor tratamiento personalizado, gracias a la figura del Family Banker® y a un servicio de Banca Multicanal, que permite acceder al banco las 24 horas al día, 365 d…",True
Data Analyst Senior Ecommerce & App,Elabs Consulting,Barcelona,,,"Sobre el puestoEn Elabs Consulting, agencia de marketing digital especializada en posicionamiento orgánico buscamosun/a Data Analyst Seniorpara liderar la analítica de un eCommerce propio con app móvil (iOS) y presencia activa en marketplaces.El rol tendrá impacto directo en ventas, conversión, retención y LTV, trabajando de forma transversal con los equipos de Marketing, Producto, CRM y Tech.Responsabilidades claveAnálisis del rendimiento del eCommerce propio y de la app móvil.Seguimiento y op…",Unknown,https://www.adzuna.es/details/5655184982?utm_medium=api&utm_source=9361dc98,5655184982,2026-03-05T20:55:39Z,"Sobre el puestoEn Elabs Consulting, agencia de marketing digital especializada en posicionamiento orgánico buscamosun/a Data Analyst Seniorpara liderar la analítica de un eCommerce propio con app móvil (iOS) y presencia activa en marketplaces.El rol tendrá impacto directo en ventas, conversión, retención y LTV, trabajando de forma transversal con los equipos de Marketing, Producto, CRM y Tech.Responsabilidades claveAnálisis del rendimiento del eCommerce propio y de la app móvil.Seguimiento y op…",True
Marketing Data Analyst- Monopoly Go!,Scopely,Barcelona,,,"Scopely is looking for a Marketing Data Analyst to serve on and elevate our Monopoly GO! team in Barcelona on a hybrid basis.At Scopely, we care deeply about what we do and want to inspire play every day - whether in our work environments alongside our talented colleagues or through our deep connections with our communities of players. We are a global team of game lovers who are developing, publishing and innovating the mobile games industry, connecting millions of people around the world daily…",Unknown,https://www.adzuna.es/details/5656541727?utm_medium=api&utm_source=9361dc98,5656541727,2026-03-06T20:55:36Z,"Scopely is looking for a Marketing Data Analyst to serve on and elevate our Monopoly GO! team in Barcelona on a hybrid basis.At Scopely, we care deeply about what we do and want to inspire play every day - whether in our work environments alongside our talented colleagues or through our deep connections with our communities of players. We are a global team of game lovers who are developing, publishing and innovating the mobile games industry, connecting millions of people around the world daily…",True
"Principal Data Analyst Barcelona, Spain",Zynga,Barcelona,,,"At Zynga, we bring people together through the power of play. As a global leader in interactive entertainment and a proud label of Take-Two Interactive, our games have been downloaded over 6 billion times—connecting players in 175 countries through fun, strategy, and a little friendly competition.Founded in  and headquartered in California, our teams span North America, Europe, and Asia, working together to craft unforgettable gaming experiences. Whether you're spinning, strategizing, matching,…",Unknown,https://www.adzuna.es/details/5656543416?utm_medium=api&utm_source=9361dc98,5656543416,2026-03-06T20:55:51Z,"At Zynga, we bring people together through the power of play. As a global leader in interactive entertainment and a proud label of Take-Two Interactive, our games have been downloaded over 6 billion times—connecting players in 175 countries through fun, strategy, and a little friendly competition.Founded in  and headquartered in California, our teams span North America, Europe, and Asia, working together to craft unforgettable gaming experiences. Whether you're spinning, strategizing, matching,…",True
"Principal Data Analyst Barcelona, Spain",Zynga,Barcelona,,,"At Zynga, we bring people together through the power of play. As a global leader in interactive entertainment and a proud label of Take-Two Interactive, our games have been downloaded over 6 billion times—connecting players in 175 countries through fun, strategy, and a little friendly competition.Founded in  and headquartered in California, our teams span North America, Europe, and Asia, working together to craft unforgettable gaming experiences. Whether you're spinning, strategizing, matching,…",Unknown,https://www.adzuna.es/details/5657839002?utm_medium=api&utm_source=9361dc98,5657839002,2026-03-07T20:56:24Z,"At Zynga, we bring people together through the power of play. As a global leader in interactive entertainment and a proud label of Take-Two Interactive, our games have been downloaded over 6 billion times—connecting players in 175 countries through fun, strategy, and a little friendly competition.Founded in  and headquartered in California, our teams span North America, Europe, and Asia, working together to craft unforgettable gaming experiences. Whether you're spinning, strategizing, matching,…",True
Staff Data Analyst - Performance Partnership,Danaher Corporation,Barcelona,,,"Bring more to life. Are you ready to accelerate your potential and make a real difference within life sciences, diagnostics and biotechnology? Within Danaher the work our diagnostic businesses do saves lives-and we're all united by a shared commitment to innovate for tangible impact. You'll thrive in a culture of belonging where you and your unique viewpoint matter. And by harnessing Danaher's system of continuous improvement, you help turn ideas into impact - innovating at the speed of life. W…",Unknown,https://www.adzuna.es/details/5615168838?utm_medium=api&utm_source=9361dc98,5615168838,2026-02-05T05:10:43Z,"Bring more to life. Are you ready to accelerate your potential and make a real difference within life sciences, diagnostics and biotechnology? Within Danaher the work our diagnostic businesses do saves lives-and we're all united by a shared commitment to innovate for tangible impact. You'll thrive in a culture of belonging where you and your unique viewpoint matter. And by harnessing Danaher's system of continuous improvement, you help turn ideas into impact - innovating at the speed of life. We're accelerating the development of cutting-edge diagnostics to solve some of the world's most pressing health challenges. Across our diagnostics operating companies we are driving innovation through partnerships with top academic institutions and leading players in biopharma and translational research. We're bringing the best minds together to accelerate innovation and unlock the full potential of the latest scientific advances. Together, we're expanding access to precision diagnostics for millions of people worldwide - and we're using our unmatched global scale and proven playbook to make it happen, from hospital labs to mobile clinics. By helping providers, patients, and families get faster, more precise diagnostic results, we're improving treatment options and saving lives. Learn about the Danaher Business System which makes everything possible. As a Staff Data Analyst, you will work with a team to deliver customer operations insights to yield efficiency gains and workforce optimization. You will have a firm grasp on business level data analytics and informatics used in a healthcare setting. As a critical team member you will perform research and investigation of business systems and problems using qualitative and quantitative skills and methods. You will interpret and analyze clinical data from various sources and assist team members in identifying potential areas of opportunity regarding continuous improvement; largely focused on the laboratory environment and improving the value that the laboratory brings to a health system enterprise. As a subject matter expert, you will provide analytics, statistical findings and conclusions that will guide improvement strategies internally and externally regarding identified key performance indicators. You will work with appropriate leadership and associate level teams to obtain buy-in from internal and external project sponsor(s) and technical lead(s) regarding next steps suggestions for customers based on data analytics and own end-to-end reporting and analytics processes and ensures accurate and timely completion of identified deliverables. In this role, you will have the opportunity to: · Design, produce, and support the development of clinical dashboards, key performance indicator (KPI) informatics, and reports to meet customer requirements. · Identify industry trends and integrate trend analysis data into forecasting and reporting processes, utilizing appropriate analytic approaches to address client business problems for future product development needs. · Translate collected data into detailed reports, providing recommendations to maximize customer impact on concerns such as reducing the total cost of care, value creation, value-based reimbursement, and population health. · Develop a full understanding of clinical programs intersecting with the Performance Partnership program, collaborating with Beckman and customer clinical teams to identify opportunities and drive program performance through conclusions and recommendations. The essential requirements of the job include: · Bachelor's degree in a STEM field, public health, or Medical Laboratory Science and five (9) years of experience as Data Analyst or LIS analyst, and at least five (5) in a health care environment. · Experience working with very large data sets (100,000,000+ records), performing data ingestion, profiling, ETL/ELT tasks · 5+ years of cloud analytics experience (storage accounts, Azure SQL, Fabric, semantic modeling, Power BI, OneLake) & advanced experience working with major DBMSs (Azure SQL preferred): DQL, DDL and DML · 5+ years of experience managing database performance bottlenecks (index optimization, table partitioning and AAS/Fabric semantic models, model performance tuning and DAX scripting · Excellent verbal and written communication skills. It is essential for the candidate to use English at C1 level or higher is mandatory, Spanish at C1 level or higher, German or French at B2 level or higher. Desirable Capabilities · Experience in consulting industry primarily in business development environments, conducting financial analysis and modeling · Azure certifications (any data analytics or solution architecture certifications are highly desired) · Strong leadership competencies #LI-KS1Within Danaher Diagnostics, we offer a broad array of comprehensive, competitive benefit programs that add value to our lives. Whether it's a health care program or paid time off, our programs contribute to life beyond the job. Check out our benefits at Danaher Benefits Info. Within Danaher Diagnostics we believe in designing a better, more sustainable workforce. We recognize the benefits of flexible, remote working arrangements for eligible roles and are committed to providing enriching careers, no matter the work arrangement. This position is eligible for a remote work arrangement in which you can work remotely from your home. Additional information about this remote work arrangement will be provided by your interview team. Explore the flexibility and challenge that working within Danaher Diagnostics can provide. Join our winning team today. Together, we'll accelerate the real-life impact of tomorrow's science and technology. We partner with customers across the globe to help them solve their most complex challenges, architecting solutions that bring the power of science to life. For more information, visit www.danaher.com .",False
SAP Financial Reporting Data Analyst,Michael Page,Barcelona,permanent,,"SAP Financial Reporting Data Analyst Perfil buscado (Hombre/Mujer) Financial Data Governance Quality o Ensure end to end accuracy, consistency, and reconciliation of financial data across SAP ECC/S/4HANA, Central Finance, Group Reporting, BW, and SAC. o Maintain and govern analytical structures including mappings, derivations, hierarchies, and naming standards. o Diagnose and resolve CO PA, allocation, or integration discrepancies across systems. o Execute reconciliation procedures and maintain…",Trabajos en informática,https://www.adzuna.es/details/5632520842?utm_medium=api&utm_source=9361dc98,5632520842,2026-02-17T02:34:31Z,"SAP Financial Reporting Data Analyst Perfil buscado (Hombre/Mujer) Financial Data Governance Quality o Ensure end to end accuracy, consistency, and reconciliation of financial data across SAP ECC/S/4HANA, Central Finance, Group Reporting, BW, and SAC. o Maintain and govern analytical structures including mappings, derivations, hierarchies, and naming standards. o Diagnose and resolve CO PA, allocation, or integration discrepancies across systems. o Execute reconciliation procedures and maintain…",True
Data Analyst EMEA Performance Media,Criteo Technology,Barcelona,,,"What You'll Do: As a Data Analyst in our Analytics, Performance Media, Retail team, you will drive advertising strategies thanks to your oversight of business objectives and technical expertise of our products. You will answer the analytical needs of a set of our largest performance media clients in the retail industry. Client insights : you will analyse complex data from multiple sources to understand the performance of our advertisers’ campaigns and generate innovative and impactful insights …",Unknown,https://www.adzuna.es/details/5376212709?utm_medium=api&utm_source=9361dc98,5376212709,2025-08-31T13:25:45Z,"What You'll Do: As a Data Analyst in our Analytics, Performance Media, Retail team, you will drive advertising strategies thanks to your oversight of business objectives and technical expertise of our products. You will answer the analytical needs of a set of our largest performance media clients in the retail industry. Client insights : you will analyse complex data from multiple sources to understand the performance of our advertisers’ campaigns and generate innovative and impactful insights Business strategy: you will partner with account executives, account strategists, and campaign managers to help drive client strategy and direction Client interactions : you will present some of your insights directly to clients in your portfolio, often through videoconference and occasionally in person for which there may be a need to travel Reporting tools and metrics : you will develop and scale reports and metrics that will present actionable insights to teams across the business and strategic leadership. Testing : you will design, monitor and analyse A/B tests to understand better how our products work for clients. Collaborative projects : you will work on ad hoc projects with different teams to automate analyses globally, improve our internal processes and our way of working and scale knowledge across the company Your work environment: Hybrid working setup, combining benefits of working in-office and remotely. A tech-forward, primarily digital workspace. Need special work hours? Let's talk about it! Who You Are: At least 1 year of experience in data analysis. A problem-solver with a passion for analytics and a logical approach to challenges. Able to solve data problems using Python, SQL, and enthusiastic about automating and scaling solutions. Experience using Generative AI solutions to augment data exploration, automate insights, or generate analytical narratives is strongly preferred. Business-minded with a goal to turn data insights into actionable strategies. Team player who thrives in a collaborative, inclusive, and vibrant workspace. You are skilled at simplifying complex concepts for diverse audiences, both virtually and in person. Experience in online advertising, marketing, or consulting will be a plus. Fluent in English. Must be eligible to work in Spain full-time with no restrictions. We acknowledge that many candidates may not meet every single role requirement listed above. If your experience looks a little different from our requirements but you believe that you can still bring value to the role, we’d love to see your application!​ Who We Are: Criteo is a leader in commerce media, helping brands, agencies, and publishers create meaningful consumer connections through AI-powered advertising solutions. We’re shaping a more open and sustainable digital future for advertising. At Criteo, our culture is as unique as it is diverse. From our offices across the globe or from the comfort of home, our 3,600 Criteos collaborate together to build an open, impactful, and forward-thinking environment. We foster a workplace where everyone is valued, and employment decisions are based solely on skills, qualifications, and business needs—never on non-job-related factors or legally protected characteristics. What We Offer: Ways of working – Our hybrid model blends home with in-office experiences, making space for both. Grow with us – Learning, mentorship & career development programs. Your wellbeing matters – Health benefits, wellness perks & mental health support. A team that cares – Diverse, inclusive, and globally connected. Fair pay & perks – Attractive salary, with performance-based rewards and family-friendly policies, plus the potential for equity depending on role and level. Additional benefits may vary depending on the country where you work and the nature of your employment with Criteo.",False
Lead Data Analyst - Product Analytics,Rover.com,Barcelona,,,"Who we are: Want to make an impact? Join our pack and come work (and play!) with us. We believe everyone deserves the unconditional love of a pet—and at Rover, our mission is to make it easier to experience that love. Founded in 2011, the Rover app and website connect dog and cat parents with loving pet sitters and dog walkers in neighborhoods across the US, Canada, and Europe. We empower our community of trusted pet sitters and dog walkers to run their own pet care businesses on Rover with the…","Trabajos en marketing, publicidad y relaciones públicas",https://www.adzuna.es/details/5429716500?utm_medium=api&utm_source=9361dc98,5429716500,2025-10-03T19:40:34Z,"Who we are: Want to make an impact? Join our pack and come work (and play!) with us. We believe everyone deserves the unconditional love of a pet—and at Rover, our mission is to make it easier to experience that love. Founded in 2011, the Rover app and website connect dog and cat parents with loving pet sitters and dog walkers in neighborhoods across the US, Canada, and Europe. We empower our community of trusted pet sitters and dog walkers to run their own pet care businesses on Rover with the tools and security of a global company to back them. Headquartered in Seattle, Washington, we work closely with our teams in Barcelona, San Antonio, Spokane, and remote locations. We’ve got a reputation for being a great place to work, having been named among the 100 Best Companies to Work For in Seattle Business Magazine and Washington’s Best Workplaces in the Puget Sound Business Journal. We're an agile, fast-growing company, and our leadership comes from some of the world's most respected tech companies. At Rover, our furry coworkers are just as important as our human ones—and we wouldn’t have it any other way. Along with making the joys of pet parenthood more accessible, we’re committed to fostering a diverse, inclusive, and welcoming community of pet people—and that starts with our employees. Who we're looking for: As a Lead Data Analyst you will help ensure that the business is making data-driven decisions throughout all stages of the product life cycle—from early-stage return on investment modeling all the way to designing, executing and analyzing product feature experiments that drive value in Rover's marketplace. You will be the point of contact partnering with a product team, collaborating directly with the product manager, designer, and engineers. You will take the lead in designing measurement frameworks and analyzing product changes to inform data-driven decision making. You will also be tasked with analyzing business performance metrics on both the demand and supply sides of the marketplace. You will be encouraged to identify positive and negative changes in our marketplace while also working with the team to hypothesize and identify the underlying root causes of fluctuations in our metrics. You will be empowered to present the trends and the overarching narratives of marketplace performance to the broader organization. If there are clear actions that need to be taken to improve marketplace performance an analyst is expected to bring together both the evidence and the right people to find the right solution collaboratively. At the end of the day they are passionate about metrics and the performance of the business. This is a hybrid position that has the minimum expectation to work out of our Barcelona Office in the Poblenou neighborhood two days per week on Mondays and Thursdays. For this reason, candidates must be based in Barcelona or willing to relocate. Your Responsibilities: Serve as an essential thought partner with product and design teams to own end-to-end analyses, including scoping, executing, and interpreting product feature experiments. Present trends, insights, and drivers of marketplace performance to senior leadership, providing clear, actionable recommendations to guide strategic decisions. Take the lead on designing and analyzing A/B tests to rigorously measure the impacts of our product changes on both our customers and the business Collaborate with engineering and data infrastructure teams to ensure seamless access to actionable, high-quality data. Improve the analytics organization's capabilities by advancing statistical rigor, increasing experimentation throughput, and expanding modeling expertise. Your Qualifications: 6+ years of experience using data to drive business impact, including identifying actionable insights, crafting compelling narratives, and partnering with cross-functional teams to define and implement solutions. Exceptional verbal and written communication skills, with the ability to influence senior leadership and cross-functional teams through concise, actionable insights. Proven expertise in A/B testing, statistical analysis, and experimental design. Advanced proficiency in SQL, with the ability to review and optimize code from other analysts and collaborate with engineering on data models. Hands-on experience with data visualization tools (we use Mode) and a track record of turning complex data into intuitive visuals. Familiarity with modern data tools and concepts, such as event-based datasets, Amazon Redshift, and DBT. Nice to Have: Demonstrated experience mentoring and developing junior team members, analysts, and non-technical stakeholders. Experience in a two-sided marketplace. Familiarity with Python, R, or a similar computational language. Knowledge of product analytics tools (we use Amplitude) and event-based data. Benefits of Working for Rover: Long-term incentive plan with a company performance-based cash payout Pension plan Private medical insurance 25 days PTO Meal allowance and flexible compensation plan (transport and nursery) Gym membership €450 to cover the costs associated with the adoption of a pet Annual €150 wellness reimbursement Flexible work hours, sometimes you'll need to be in at certain times, but on the whole, we're pretty flexible when it comes to managing workload and time Grab snacks, fresh fruit, in our kitchen to keep yourself going Regular team activities, events, game nights, and more Dog-friendly office Rover is an equal-opportunity employer committed to promoting a diverse, inclusive, and inventive environment with the best employees. We’re driven by seeing our people succeed and grow, and we work to ensure everyone contributes to their fullest potential. We consider all qualified applicants without regard to age, race, color, ancestry, national origin, religion, disability, protected veteran status, sex, gender identity or expression, sexual orientation, or any other protected status in accordance with applicable laws, regulations, and ordinances. _",False
Senior Data Analyst (all genders),Cocomore AG,Barcelona,,,"Our offer: Exciting and varied projects with a major client relating to digital communication and transformation. The opportunity to gain and develop a wide range of professional knowledge by working with diverse stakeholders in an interdisciplinary team of strategists, marketeers and data scientists. Working at eye-level with great team spirit while having a performance-based environment. Great development opportunities by active support from your supervisor as well as the opportunity to parti…",Unknown,https://www.adzuna.es/details/5535062156?utm_medium=api&utm_source=9361dc98,5535062156,2025-12-09T19:43:51Z,"Our offer: Exciting and varied projects with a major client relating to digital communication and transformation. The opportunity to gain and develop a wide range of professional knowledge by working with diverse stakeholders in an interdisciplinary team of strategists, marketeers and data scientists. Working at eye-level with great team spirit while having a performance-based environment. Great development opportunities by active support from your supervisor as well as the opportunity to participate in workshops or coaching to expand your knowledge and to strengthen your personal soft skills. Our onboarding program will help you to orientate yourself better in the beginning, and a personal buddy will be at your side. Your work-life balance is important to us which is why flexible working hours and home office options are the norm for us and no exception. You profit from employee discounts and other benefits at partner companies. Your tasks: Lead and scale Cocomore’s data analytics function, driving a data-first culture across the organization. Define and execute data strategy, ensuring alignment with business and client objectives. Build and maintain strong client relationships , acting as a trusted advisor on data strategy, analytics, and insights. Oversee data collection, integration, and governance across multiple digital platforms for client projects. Drive innovation by integrating Artificial Intelligence (AI) and Machine Learning (ML) approaches into analytics workflows and client solutions. Develop and manage advanced analytics, predictive models, and performance dashboards to inform decision-making. Partner closely with strategy, technology, and marketing teams to translate data insights into actionable recommendations. Mentor and grow a team of data analysts and data engineers, fostering professional development and collaboration. Evaluate and implement modern data tools, architectures, and processes to improve efficiency and scalability. Your profile: 7+ years of experience in data analytics, with at least 3 years in a leadership role. Proven track record in digital marketing, customer experience, or consulting environments. Strong knowledge of analytics tools (e.g., Google Analytics, Looker Studio, Power BI, SQL, Python/R). Excellent communication skills and the ability to present complex data insights to non-technical audiences. Strategic mindset with a passion for innovation, storytelling through data, and business impact. Solid understanding of AI/ML concepts and their application in analytics, marketing automation, and personalization. What will happen after you apply? You will receive an email confirming that we received your documents. Afterwards, our recruitment team will inform you if your experience matches our requirements. If yes, you will receive an invitation for an online interview. Tell us how you want to work, in one of our offices, remote, full-time or part-time, in a shared position – or any combination of these. We will do our best to make it happen! About us Cocomore is not only a digital agency providing products and communication services for international clients like EssilorLuxottica, GroupeSEB, Nestlé, Procter & Gamble, or Samsung. Cocomore is also an incubator for digital start-ups, having so far sold to Deutsche Telekom, Axel Springer, and Pro7Sat1. Our team of 180 professionals is located across Europe, with a strong presence in Barcelona, Berlin, Frankfurt (headquarters), Hamburg, and Seville. And while we all have different skills and talents, we share a common spirit: we are human, entrepreneurial, and creative. This is our way of working together with colleagues, partners, and clients. You can find our statement on diversity, equality, and inclusiveness here: https://www.cocomore.com/diversity-statement.",False
Marketing Data Analyst (Digital & CRM),AI&Soul Agency,Barcelona,,,"Buscamos un/a Analista de Datos con mínimo 3 años de experiencia demostrable para incorporarse a nuestra agencia de marketing online y apoyar al equipo en el análisis del rendimiento de campañas digitales, analítica web y CRM. El rol es clave para conectar datos de marketing y ventas, mejorar la medición del funnel y generar insights accionables para clientes y equipos internos. La persona seleccionada trabajará de forma transversal con los equipos de Paid Media, SEO y CRM, contribuyendo a mejo…",Unknown,https://www.adzuna.es/details/5655950880?utm_medium=api&utm_source=9361dc98,5655950880,2026-03-06T04:41:10Z,"Buscamos un/a Analista de Datos con mínimo 3 años de experiencia demostrable para incorporarse a nuestra agencia de marketing online y apoyar al equipo en el análisis del rendimiento de campañas digitales, analítica web y CRM. El rol es clave para conectar datos de marketing y ventas, mejorar la medición del funnel y generar insights accionables para clientes y equipos internos. La persona seleccionada trabajará de forma transversal con los equipos de Paid Media, SEO y CRM, contribuyendo a mejorar resultados mediante insights basados en datos. Se requiere un nivel alto de inglés y español. El conocimiento de los mercados asiáticos será considerado un plus en el proceso de selección. Responsabilidades Analizar datos de campañas digitales (Google Ads, Meta Ads, etc.). Monitorizar y reportar KPIs clave . Conectar y analizar datos de marketing y CRM para entender el rendimiento end-to-end del funnel. Trabajar con datos de Salesforce y Hubspot (leads, oportunidades, pipeline, conversiones). Trabajar de forma habitual con Google Analytics 4, Google Tag Manager y otras herramientas de medición. Trabajar en la implementación y validación de tracking (eventos, conversiones, etiquetas). Crear dashboards y reportes periódicos para clientes y equipos internos. Detectar oportunidades de optimización y alertar sobre anomalías en los datos. Colaborar con distintos equipos (Paid Media, SEO, CRO, CRM y ventas) y participar en reuniones de seguimiento con clientes. Requisitos Experiencia demostrable de al menos 3 años en análisis de datos o marketing digital. Formación en Marketing, Data, Estadística, Economía, Ingeniería o similar . Dominio de Excel / Google Sheets . Experiencia demostrable en implementaciones avanzadas de GA4 y GTM y en la configuración de modelos de atribución . Conocimiento sólido de tracking y medición de ecommerce , incluyendo eventos, conversiones, funnels y revenue por producto/divisa. Experiencia en análisis de datos multi-domain y multi-country , con capacidad para consolidar información de distintas fuentes. Conocimientos de herramientas de etiquetado y tracking avanzado : configuración de Data Layers, eventos personalizados y cross-domain tracking. Habilidad para interpretar KPIs y métricas de marketing digital , identificando oportunidades de optimización en campañas y embudos de conversión Conocimientos avanzados de herramientas de CRM (Salesforce, Hubspot o similares). Experiencia básica con SQL (consultas sencillas). Manejo de herramientas de visualización (Looker Studio, Power BI, Tableau). Buenas habilidades de comunicación para explicar datos de forma clara a perfiles no técnicos. Capacidad analítica, atención al detalle y mentalidad orientada a resultados. Nivel alto de inglés y español. Valorable Experiencia previa en agencias de marketing digital. Conocimientos en Google Ads, Meta Ads u otras plataformas paid. Experiencia en mercados asiáticos. Nivel intermedio de italiano Ofrecemos Formación continua en marketing digital y data analytics . Participación en proyectos reales con clientes de distintos sectores. Entorno dinámico, colaborativo y orientado al aprendizaje. Plan de crecimiento profesional dentro de la agencia. Modalidad híbrida o remota (según condiciones). Ubicación del trabajo: Teletrabajo híbrido en 08006 Barcelona, Barcelona provincia",False
Data Analyst It (Sector Banca),Banco Mediolanum,Barcelona,,,"¿Te gustaría desarrollar tu carrera en el sector financiero? ¿Te encantaría conocer una de las entidades bancarias más importantes a nivel internacional? ¡Si la respuesta es sí, sigue leyendo! Somos Banco Mediolanum, gestionamos el esfuerzo y las ilusiones de nuestros clientes cuidando de sus finanzas. Para conseguirlo, ofrecemos el mejor tratamiento personalizado, gracias a la figura del Family Banker y a un servicio de Banca Multicanal, que permite acceder al banco las 24 horas al día, 365 dí…",Unknown,https://www.adzuna.es/details/5656542793?utm_medium=api&utm_source=9361dc98,5656542793,2026-03-06T20:55:46Z,"¿Te gustaría desarrollar tu carrera en el sector financiero? ¿Te encantaría conocer una de las entidades bancarias más importantes a nivel internacional? ¡Si la respuesta es sí, sigue leyendo! Somos Banco Mediolanum, gestionamos el esfuerzo y las ilusiones de nuestros clientes cuidando de sus finanzas. Para conseguirlo, ofrecemos el mejor tratamiento personalizado, gracias a la figura del Family Banker y a un servicio de Banca Multicanal, que permite acceder al banco las 24 horas al día, 365 dí…",True
Data Analyst II - Compensations Policy Optimization,Glovo,Barcelona,,,"Job Description If you’re here, it’s because you’re looking for an exciting ride . A ride that will fuel up your ambitions to take on a new challenge and stretch yourself beyond your comfort zone. We’ll deliver a non-vanilla culture built on talent, where we work to amplify the impact on millions of people , paving the way forward together. Not your usual app . We are the fastest-growing multi-category app connecting millions of users with businesses, and couriers, offering on-demand services f…",Unknown,https://www.adzuna.es/details/5652081111?utm_medium=api&utm_source=9361dc98,5652081111,2026-03-03T08:20:02Z,"Job Description If you’re here, it’s because you’re looking for an exciting ride . A ride that will fuel up your ambitions to take on a new challenge and stretch yourself beyond your comfort zone. We’ll deliver a non-vanilla culture built on talent, where we work to amplify the impact on millions of people , paving the way forward together. Not your usual app . We are the fastest-growing multi-category app connecting millions of users with businesses, and couriers, offering on-demand services from more than 170,000 local restaurants, grocers and supermarkets, and high street retail stores. We operate in more than 1500 cities across 23 countries. Together we revolutionise the way people connect with their everyday needs, from delivering essentials to connecting our ecosystem of users through innovative solutions powered by technology. For us, every day is filled with purpose. What makes our ride unique? Our culture and strong values. Our career development philosophy. Our commitment to being a force for good. We have a vision: Building the largest marketplace in your city, to give access to anything in minutes . And this is where your ride starts. YOUR MISSION We are looking for a dynamic and analytical professional to lead the Compensation Policy Optimization strategy within our Customer Compensations team in our Barcelona HQ. In this role, you will act as a strategic partner, collaborating closely with Delivery Hero (DH) and Growth teams to maximize customer retention while ensuring high ROI on every compensation investment. You will move beyond reporting to drive the experimental roadmap that defines how we compensate millions of customers globally. THE JOURNEY Define and execute a global AB testing roadmap for customer compensation policies to identify the most effective retention levers. Scale and automate AB testing analytics to provide recurrent visibility on policy ROI, guiding critical budget allocation decisions. Optimize customer segmentations in alignment with Growth teams to increase the precision and ROI of compensation investments. Collaborate with Delivery Hero (DH) teams to align on ROI methodologies, testing frameworks, and centralized data logic. Apply advanced statistical techniques to predict the impact of policy changes on long-term customer lifetime value (CLV). Suggest data-driven actions to senior stakeholders, influencing the global strategy for discretionary spend and operational efficiency. Report to the Head of Customer Compensations, serving as the technical authority on policy performance and experimentation.",False
Data Analyst Intern - Business Ops Data Enablement,Criteo Technology,Barcelona,,,"What You'll Do: Are you passionate about turning data into impact? At Criteo, our Business Ops Data Enablement team empowers analysts across the globe to make smarter decisions through better data, tools, and collaboration. With a community of 250 analysts worldwide , we’ve built a company-wide coordination team to manage analytical expertise, define usage policies, and align teams across regions. Our mission is to ensure that data is used effectively, sustainably, and collaboratively. As a Dat…",Unknown,https://www.adzuna.es/details/5649083413?utm_medium=api&utm_source=9361dc98,5649083413,2026-02-28T22:18:06Z,"Data Analyst Intern - Business Ops Data Enablement Ubicación: Barcelona Empresa: Criteo Technology Descripción: What You'll Do: Are you passionate about turning data into impact? At Criteo, our Business Ops Data Enablement team empowers analysts across the globe to make smarter decisions through better data, tools, and collaboration. With a community of 250+ analysts worldwide , we’ve built a company-wide coordination team to manage analytical expertise, define usage policies, and align teams across regions. Our mission is to ensure that data is used effectively, sustainably, and collaboratively. As a Data Analyst Intern , you won’t just learn—you’ll contribute. You’ll be part of a dynamic team that connects business and tech, contribute to data pipelines, and builds tools that scale globally. This is your chance to grow your technical skills, gain real-world experience, and make a meaningful difference. During your internship, you’ll: Build real tools: Learn how to design and improve a platform using Python and SQL Modernize data workflows: Get hands-on experience optimizing SQL-based ETL jobs, making data pipelines faster and more reliable. Bridge business and tech : Collaborate with cross-functional teams to translate business needs into smart, scalable data solutions. Empower a global community : Share best practices, deliver mini-trainings, and support analysts across Americas, APAC, and EMEA. Champion data quality: Learn how to identify and fix data issues, and help define standards for excellence. Grow with mentorship : Be coached by experienced analysts and engineers, and develop your skills in Python, SQL, and more. Leverage LLMs: Develop the skill of writing effective prompts to boost your productivity or improve your code using LLMs like Copilot. Who You Are: You’re curious, collaborative, and eager to learn. You don’t need to tick every box, but you should be: Interested in business intelligence and analytics 0–2 years data analysis experience with both technical and analytical components (Data Engineer, Data Analytics, etc.) Basic understanding of data analysis concepts and tools (e.g. SQL). Familiar with Python or another programming language A problem-solver who enjoys working with data and is detailed Comfortable presenting insights to different audiences A team player who values community and collaboration Fluent in English We acknowledge that many candidates may not meet every single role requirement listed above. If your experience looks a little different from our requirements but you believe that you can still bring value to the role, we’d love to see your application!​ Who We Are: Criteo is a leader in commerce media, helping brands, agencies, and publishers create meaningful consumer connections through AI-powered advertising solutions. We’re shaping a more open and sustainable digital future for advertising. At Criteo, our culture is as unique as it is diverse. From our offices across the globe or from the comfort of home, our 3,600 Criteos collaborate together to build an open, impactful, and forward-thinking environment. We foster a workplace where everyone is valued, and employment decisions are based solely on skills, qualifications, and business needs—never on non-job-related factors or legally protected characteristics. What We Offer: Ways of working – Our hybrid model blends home with in-office experiences, making space for both. Grow with us – Learning, mentorship & career development programs. Your wellbeing matters – Health benefits, wellness perks & mental health support. A team that cares – Diverse, inclusive, and globally connected. Fair pay & perks – Attractive salary, with performance-based rewards and family-friendly policies, plus the potential for equity depending on role and level. Additional benefits may vary depending on the country where you work and the nature of your employment with Criteo.",False
Senior Data Analyst - Yahtzee! With Buddies,Scopely,Barcelona,,,"Scopely is looking for a Sr. Data Analyst to join the Yahtzee Analytics team in Barcelona on a hybrid basis! At Scopely, we care deeply about what we do and want to inspire play every day – whether in our work environments alongside our talented colleagues or through our deep connections with our communities of players. We are a global team of game lovers who are developing, publishing, and innovating the mobile games industry, connecting millions of people worldwide daily. Yahtzee with Buddies…",Unknown,https://www.adzuna.es/details/5655180991?utm_medium=api&utm_source=9361dc98,5655180991,2026-03-05T20:55:01Z,"Scopely is looking for a Sr. Data Analyst to join the Yahtzee Analytics team in Barcelona on a hybrid basis! At Scopely, we care deeply about what we do and want to inspire play every day – whether in our work environments alongside our talented colleagues or through our deep connections with our communities of players. We are a global team of game lovers who are developing, publishing, and innovating the mobile games industry, connecting millions of people worldwide daily. Yahtzee with Buddies…",True
Remote: Online Data Analyst - Spanish (Es),TELUS Digital,Barcelona,,,"Are you a detail-oriented individual with a passion for research and a good understanding of national and local geography? This freelance opportunity allows you to work at your own pace and from the comfort of your own home.A Day in the Life of an Online Data Analyst:In this role, you will be working on a project aimed at enhancing the content and quality of digital maps that are used by millions of people worldwideCompleting research and evaluation tasks in a web-based environment such as veri…",Unknown,https://www.adzuna.es/details/5657842573?utm_medium=api&utm_source=9361dc98,5657842573,2026-03-07T20:57:07Z,"Are you a detail-oriented individual with a passion for research and a good understanding of national and local geography? This freelance opportunity allows you to work at your own pace and from the comfort of your own home.A Day in the Life of an Online Data Analyst:In this role, you will be working on a project aimed at enhancing the content and quality of digital maps that are used by millions of people worldwideCompleting research and evaluation tasks in a web-based environment such as veri…",True
Remote: Online Data Analyst - Spanish (Es),TELUS Digital,Barcelona,,,"Are you a detail-oriented individual with a passion for research and a good understanding of national and local geography? This freelance opportunity allows you to work at your own pace and from the comfort of your own home. A Day in the Life of an Online Data Analyst: In this role, you will be working on a project aimed at enhancing the content and quality of digital maps that are used by millions of people worldwide Completing research and evaluation tasks in a web-based environment such as v…",Unknown,https://www.adzuna.es/details/5656543296?utm_medium=api&utm_source=9361dc98,5656543296,2026-03-06T20:55:50Z,"Are you a detail-oriented individual with a passion for research and a good understanding of national and local geography? This freelance opportunity allows you to work at your own pace and from the comfort of your own home. A Day in the Life of an Online Data Analyst: In this role, you will be working on a project aimed at enhancing the content and quality of digital maps that are used by millions of people worldwide Completing research and evaluation tasks in a web-based environment such as v…",True
Data Analyst Junior- 3PL Control Tower,"Amazon Spain Fulfillment, S.L.U.",Barcelona,,,"The EU External Fulfilment (EF) network consists of circa 35 operations which offer flexible solutions to the CF network operated by external providers (3PL providers). EU EF primarily provides: (1) network capacity solutions (storage/throughput), (2) special operation solutions (Hazmat, BWS, IXD, SDC, ICC, etc) and (3) emerging market penetration solutions. EU EF is currently undergoing an operational transformation, driving demand for enhanced expertise in Outbound (OB). The goal of EU 3PL Co…",Unknown,https://www.adzuna.es/details/5565698435?utm_medium=api&utm_source=9361dc98,5565698435,2026-01-03T06:15:52Z,"Data Analyst Junior- 3PL Control Tower Ubicación: Barcelona Empresa: Amazon Spain Fulfillment, S.L.U. Descripción: The EU External Fulfilment (EF) network consists of circa 35 operations which offer flexible solutions to the CF network operated by external providers (3PL providers). EU EF primarily provides: (1) network capacity solutions (storage/throughput), (2) special operation solutions (Hazmat, BWS, IXD, SDC, ICC, etc) and (3) emerging market penetration solutions. EU EF is currently undergoing an operational transformation, driving demand for enhanced expertise in Outbound (OB). The goal of EU 3PL Control Tower is to provide an excellent operational end to end, 24/7 support, in 3PL buildings across European/UK External Fulfillment chain. We aim to provide the standardized and optimized process with frustration free communication. This role is for a highly driven and motivated individual with operational experience and innovative, hands-on approach. This position involves the daily operational tasks resolutions and day to day communication with 3PL and Amazon team of problem solvers and node managers on their KPIs management. The successful candidate will be responsible for: a- Provide reactive/proactive support to 3PL Providers and Amazon internals, b- Work on internal Projects to improve/automate 3PL Control Tower services. This person has a strong delivery record, attention to details and will be able to work independently with limited supervision. This job involves 3PL operations monitoring and ops support, within a team that covers 24/7 shift pattern, for 30+ buildings in Europe/UK. The shift to cover is Night Shift: 10pm CET to 6am CET, Sunday to Thursday (Friday and Saturday: days off). Key job responsibilities • Providing the operational guidance to 3PL • Being a communication bridge between 3PL and Amazon stakeholders • Mitigating CX risk by CPT management support, resolving OB errors and managing shipment cancellations *Supporting on Transportation escalations. • Uploading critical data for supply chain and transportation visibility • Checking process and Amazon standard compliance * Optimization of actual Control Tower Outbound processes, aiming to automatize the actual tasks of the team, applying BI skills. *Work on Projects to improve actual 3PL Control Tower services, and capture new services that can be scalable to all 3PL sites.",False
"Data Analyst Intern, Performance Media EMEA",Criteo Technology,Barcelona,,,"What You'll Do: As a member of our Performance Media Analytics team, you won't just analyse data; you'll be the cornerstone that connects groundbreaking ideas with real-world business applications. Here, your expertise will not only shape solutions but also empower our clients and commercial teams to make impactful decisions: Client insights : you will analyze complex data from multiple sources to understand the performance of our advertisers campaigns and generate innovative and impactful insi…",Unknown,https://www.adzuna.es/details/5526420444?utm_medium=api&utm_source=9361dc98,5526420444,2025-12-03T20:05:44Z,"What You'll Do: As a member of our Performance Media Analytics team, you won't just analyse data; you'll be the cornerstone that connects groundbreaking ideas with real-world business applications. Here, your expertise will not only shape solutions but also empower our clients and commercial teams to make impactful decisions: Client insights : you will analyze complex data from multiple sources to understand the performance of our advertisers campaigns and generate innovative and impactful insi…",True
Data Analyst Junior- 3PL Control Tower,Amazon,Barcelona,,,"Description The EU External Fulfilment (EF) network consists of circa 35 operations which offer flexible solutions to the CF network operated by external providers (3PL providers). EU EF primarily provides: (1) network capacity solutions (storage/throughput), (2) special operation solutions (Hazmat, BWS, IXD, SDC, ICC, etc) and (3) emerging market penetration solutions. EU EF is currently undergoing an operational transformation, driving demand for enhanced expertise in Outbound (OB). The goal …",Unknown,https://www.adzuna.es/details/5566750083?utm_medium=api&utm_source=9361dc98,5566750083,2026-01-04T04:36:15Z,"Data Analyst Junior- 3PL Control Tower Ubicación: Barcelona Empresa: Amazon Descripción: Description The EU External Fulfilment (EF) network consists of circa 35 operations which offer flexible solutions to the CF network operated by external providers (3PL providers). EU EF primarily provides: (1) network capacity solutions (storage/throughput), (2) special operation solutions (Hazmat, BWS, IXD, SDC, ICC, etc) and (3) emerging market penetration solutions. EU EF is currently undergoing an operational transformation, driving demand for enhanced expertise in Outbound (OB). The goal of EU 3PL Control Tower is to provide an excellent operational end to end, 24/7 support, in 3PL buildings across European/UK External Fulfillment chain. We aim to provide the standardized and optimized process with frustration free communication. This role is for a highly driven and motivated individual with operational experience and innovative, hands-on approach. This position involves the daily operational tasks resolutions and day to day communication with 3PL and Amazon team of problem solvers and node managers on their KPIs management. The successful candidate will be responsible for: a- Provide reactive/proactive support to 3PL Providers and Amazon internals, b- Work on internal Projects to improve/automate 3PL Control Tower services. This person has a strong delivery record, attention to details and will be able to work independently with limited supervision. This job involves 3PL operations monitoring and ops support, within a team that covers 24/7 shift pattern, for 30+ buildings in Europe/UK. The shift to cover is Night Shift: 10pm CET to 6am CET, Sunday to Thursday (Friday and Saturday: days off). Key job responsibilities - Providing the operational guidance to 3PL - Being a communication bridge between 3PL and Amazon stakeholders - Mitigating CX risk by CPT management support, resolving OB errors and managing shipment cancellations *Supporting on Transportation escalations. - Uploading critical data for supply chain and transportation visibility - Checking process and Amazon standard compliance * Optimization of actual Control Tower Outbound processes, aiming to automatize the actual tasks of the team, applying BI skills. *Work on Projects to improve actual 3PL Control Tower services, and capture new services that can be scalable to all 3PL sites. Basic Qualifications - - Relevant experience working with the MS Office suite (Word, Excel, Outlook) - - C1 English level - - Spanish C2 level Preferred Qualifications - High school or equivalent diploma. - Focus on details and analytical approach. - Expertise in data analysis tools such as SQL, Python, AI, etc. - Experience in logistics. Amazon is an equal opportunities employer. We believe passionately that employing a diverse workforce is central to our success. We make recruiting decisions based on your experience and skills. We value your passion to discover, invent, simplify and build. Protecting your privacy and the security of your data is a longstanding top priority for Amazon. Please consult our Privacy Notice ( https://www.amazon.jobs/en/privacy\_page ) to know more about how we collect, use and transfer the personal data of our candidates. Our inclusive culture empowers Amazonians to deliver the best results for our customers. If you have a disability and need a workplace accommodation or adjustment during the application and hiring process, including support for the interview or onboarding process, please visit https://amazon.jobs/content/en/how-we-hire/accommodations for more information. If the country/region you're applying in isn't listed, please contact your Recruiting Partner.",False
Sourcing Data Analyst / Data Referent (W/M/X) - Permanent,Veepee,Barcelona,,,"Pioneer of online flash sales since 2001 and key player in European e-commerce, Veepee collaborates with over 7,000 brands to offer highly discounted products available for a limited time. Operating across various sectors, including fashion, home, wine, travel or beauty Veepee achieved a turnover of 3.3 billion euros incl. VAT in 2024 and employs 5,000 staff members across 10 countries.  JOB DESCRIPTION The Sourcing Excellence team’s mission is to “guide & facilitate the implementation of Veepe…","Trabajos en marketing, publicidad y relaciones públicas",https://www.adzuna.es/details/5538341955?utm_medium=api&utm_source=9361dc98,5538341955,2025-12-11T20:37:16Z,"Pioneer of online flash sales since 2001 and key player in European e-commerce, Veepee collaborates with over 7,000 brands to offer highly discounted products available for a limited time. Operating across various sectors, including fashion, home, wine, travel or beauty... Veepee achieved a turnover of 3.3 billion euros incl. VAT in 2024 and employs 5,000 staff members across 10 countries. JOB DESCRIPTION The Sourcing Excellence team’s mission is to “guide & facilitate the implementation of Veepee’s Commercial Strategy, by Connecting Expertise & Solutions to Execution on Processes, Tooling & Organization” IDENTIFY KEY STRATEGIC PRIORITIES : Build business cases & prioritize Commercial Methodology projects to create sustainable value Commercial Excellence Organization : Ensure best organization to master commercial excellence and best account management strategy Commercial Methodology : Ensure the right level of interaction and tracking. Pricing : Ensure competitiveness & profitability Set-up KPIs & Track Commercial Activity Business impact on brands, turnover and product margins TASKS 1 - Build tools to : Monitor sales performance, pricing strategies and commercial activity (KPI tracking, dashboard creation) Ease commercial, reporting and sourcing excellence processes 2 - Follow-up of data requirements, enrichment of data available on MicroStrategy and Datalake modeling in collaboration with Data teams 3 - Management of the data visualization tool (Microstrategy) in a constantly evolving environment, support for users and other team members. You will work within a team of Data Analysts and Project Managers, to support the Sourcing Excellence initiatives : need for insights, automating redundant processes, monitoring results. MUST HAVE SKILLS A degree in Business Administration, Economics, Statistics or Maths 3 to 5 years of experience in similar roles Previous experience in Business analysis, with a focus on Sales data Master in Google Workspace and Microsoft Office Strong Modeling skills, tailored to your audience Solid grounding in SQL and master how databases work Strong communication and prioritization skills Great understanding of our visualization tool, Microstrategy You speak English fluently You are passionate about business : keen to understand its drivers and study what can be developed or optimized. You are comfortable working with data (multiple pieces of information from a variety of sources), even complex data, and have excellent modeling skills. You are a great team player and focus on sharing your knowledge to help team members grow : we win as a team ! You have good communication abilities and problem-solving skills, with a “How YES!” attitude You’re extremely rigorous , cross checking your sources and backing your results ✅ BENEFITS Variable bonus Flexible Office with up to 2 days at home Online language learning Platform Intensive workday on Friday Health Insurance Holidays: 27 days ⚙️RECRUITMENT PROCESS 1️⃣ HR interview 2️⃣ Manager interview 3️⃣ Director interview Tous nos postes sont ouverts aux personnes reconnues en situation de handicap. Nous sommes convaincus que c'est à vous de définir votre façon de travailler, de vous développer et de progresser. Chez Veepee, nous vous garantissons que vous pouvez tout simplement être vous-même ! Au service de la diversité et de l'inclusion, Veepee s'engage à examiner toutes les candidatures reçues sur une base égalitaire. ENTREPRISE Pour plus d'informations à propos de notre éco système :  https://careers.veepee.com/en/home-page-en/ El grupo Veepee procesa sus datos recopilados como parte de la gestión de su reclutamiento para gestionar su expediente de solicitud para el puesto al que ha postulado. Para obtener más información sobre nuestra política de protección de datos personales, le invitamos a consultarla en nuestro sitio de carreras.We may use artificial intelligence (AI) tools to support parts of the hiring process, such as reviewing applications, analyzing resumes, or assessing responses. These tools assist our recruitment team but do not replace human judgment. Final hiring decisions are ultimately made by humans. If you would like more information about how your data is processed, please contact us.",False
Data Analyst - Rider Excellence (They/She/He),Glovo,Barcelona,,,"Job Description If you’re here, it’s because you’re looking for an exciting ride . A ride that will fuel up your ambitions to take on a new challenge and stretch yourself beyond your comfort zone. We’ll deliver a non-vanilla culture built on talent, where we work to amplify the impact on millions of people , paving the way forward together. Not your usual app . We are the fastest-growing multi-category app connecting millions of users with businesses, and couriers, offering on-demand services f…",Unknown,https://www.adzuna.es/details/5653877646?utm_medium=api&utm_source=9361dc98,5653877646,2026-03-04T19:56:27Z,"Job Description If you’re here, it’s because you’re looking for an exciting ride . A ride that will fuel up your ambitions to take on a new challenge and stretch yourself beyond your comfort zone. We’ll deliver a non-vanilla culture built on talent, where we work to amplify the impact on millions of people , paving the way forward together. Not your usual app . We are the fastest-growing multi-category app connecting millions of users with businesses, and couriers, offering on-demand services from more than 170,000 local restaurants, grocers and supermarkets, and high street retail stores. We operate in more than 1500 cities across 23 countries. Together we revolutionise the way people connect with their everyday needs, from delivering essentials to connecting our ecosystem of users through innovative solutions powered by technology. For us, every day is filled with purpose. What makes our ride unique? Our culture and strong values. Our career development philosophy. Our commitment to being a force for good. We have a vision: Building the largest marketplace in your city, to give access to anything in minutes . And this is where your ride starts. YOUR MISSION Join our team and become an integral part of Glovo's Global Logistics! We provide a dynamic and challenging environment filled with numerous opportunities for growth and development. In this role, you will be responsible for redesigning, testing, and implementing the payment structures that motivate and reward our riders worldwide. By blending deep data analysis and data modeling with creative problem-solving, your work will ensure our logistics network is efficient, scalable, and fair for our riders. The KPIs you will influence are crucial to operations, as every decision made will directly affect the whole operational investment (biggest company cost). THE JOURNEY Explore and find the most optimal logistics payment structure in order to maximize global riders engagement. Strategically redesign our courier payment framework to improve key operational metrics, designing models that reward factors like vehicle used, distance, weight, and peak-hour availability. Dive deep into massive datasets to identify trends, drivers, and opportunities. Your insights will be the foundation for optimizing our entire operational investment. Own the experimentation process to validate your ideas. You will design, run, and analyze experiments (A/B testing, switchback tests) to precisely measure the impact of payment structure changes before a global rollout. Continuously monitor the performance of your strategies. You will track KPIs, assess the effectiveness of your changes, and make data-driven adjustments as needed. Understand and address local and regional needs by stepping into the shoes of the riders and truly understanding their perspective.",False
Senior Data Analyst – Subscription Mobile Games- GameHouse,GameHouse Europe,Barcelona,,,"Senior Data Analyst – Subscription Mobile Games- GameHouse Location: Hybrid Barcelona (Spain) / Remote (CET time zone) About GameHouse GameHouse has been building and publishing games for 25 years , and we were early pioneers in subscription gaming for women 30 . That experience gives us a clear point of view: our players don’t come to GH for hype, pressure, or endless grind — they come for a reliable daily moment that feels good. GameHouse (GH) is a premium mobile gaming service for women 30, …",Unknown,https://www.adzuna.es/details/5645485059?utm_medium=api&utm_source=9361dc98,5645485059,2026-02-25T22:23:40Z,"Senior Data Analyst – Subscription Mobile Games- GameHouse Ubicación: Barcelona Empresa: GameHouse Europe Descripción: Senior Data Analyst – Subscription Mobile Games- GameHouse+ Location: Hybrid Barcelona (Spain) / Remote (CET time zone) About GameHouse+ GameHouse has been building and publishing games for 25+ years , and we were early pioneers in subscription gaming for women 30+ . That experience gives us a clear point of view: our players don’t come to GH+ for hype, pressure, or endless grind — they come for a reliable daily moment that feels good. GameHouse+ (GH+) is a premium mobile gaming service for women 30+, offering a curated, high-quality experience designed for “Play Your Way” enjoyment. Players can choose ad-free access with a subscription or play with ads , while still getting calm, emotionally satisfying entertainment focused on stress relief and mental stimulation — built to respect their time, mood, and daily life. Role Overview What You Will Do As a Senior Data Analyst , you’ll work closely with small, cross-functional teams to help us understand our players and make better decisions across our subscription-based gaming ecosystem . Our setup is flat and collaborative. You won’t be a “report factory,” and you won’t work in isolation. Instead, you’ll partner day-to-day with Product, Game Teams, Growth, and LiveOps to explore questions together and turn data into shared understanding. Our ecosystem includes a catalog of 100+ games and a central discovery app , so your work will span individual games, cross-game journeys, and the overall subscriber experience. Understand Our Subscribers: Explore how players discover games, engage with content, move across the catalog, and decide to stay (or leave). Use data to surface insights that improve retention and long-term value. Portfolio & Cross-Game Thinking: Look beyond single games to understand how the catalog works as a whole, what players play together, how discovery happens, and how different titles contribute to overall engagement. Discovery & Platform Insights: Help teams improve the central app experience by analyzing non-linear funnels, recommendations, cross-promotion, etc. Experimentation Together: Design and analyze A/B tests with product and game teams to learn what works, share results openly, and iterate quickly. Turn Data into Stories: Communicate findings in a clear, approachable way. Help teams and leaders understand not just what happened, but why it matters . Dashboards That People Actually Use: Build and maintain dashboards that give teams visibility into subscriber and game health without needing an analyst in the room. Learn and Build as a Team: Collaborate with other analysts, data scientists, and engineers on deeper analytical projects, and be generous in sharing knowledge and best practices. Support a Data-Literate Culture: Help colleagues become more confident with data, metrics, and experimentation. What We’re Looking For We’re looking for someone who is analytically strong, curious, and kind; someone who enjoys solving problems with others and is comfortable working across multiple products and domains. Experience: Several years working in data analytics, product analytics, or a similar role, ideally with subscription products, games, or consumer apps. Strong Foundations: Advanced SQL and solid R/Python skills for exploratory analysis and statistical work. Experimentation Know-How: Hands-on experience designing and analyzing A/B tests; good understanding of applied statistics. Bayesian and sequential testing experience is a plus, not a requirement. Visualization & BI: Comfortable building clear, useful dashboards in tools like Looker, Metabase, Periscope or similar. Product & Player Mindset: You care about the player experience and can think at both the individual game and portfolio level. Clear, Inclusive Communicator: Able to explain insights to different audiences and create space for discussion and learning. Pragmatic & Impact-Focused: You balance rigor with speed and know when “good enough” is the right call. Collaborative by Nature: You enjoy helping teammates, asking questions, and learning from others. We value how we work together as much as what we deliver.",False
Data Analyst - Partner Operations Performance (They/She/He),Glovo,Barcelona,,,"Job Description If you’re here, it’s because you’re looking for an exciting ride . A ride that will fuel up your ambitions to take on a new challenge and stretch yourself beyond your comfort zone. We’ll deliver a non-vanilla culture built on talent, where we work to amplify the impact on millions of people , paving the way forward together. Not your usual app . We are the fastest-growing multi-category app connecting millions of users with businesses, and couriers, offering on-demand services f…",Trabajos en informática,https://www.adzuna.es/details/5652081117?utm_medium=api&utm_source=9361dc98,5652081117,2026-03-03T08:20:02Z,"Job Description If you’re here, it’s because you’re looking for an exciting ride . A ride that will fuel up your ambitions to take on a new challenge and stretch yourself beyond your comfort zone. We’ll deliver a non-vanilla culture built on talent, where we work to amplify the impact on millions of people , paving the way forward together. Not your usual app . We are the fastest-growing multi-category app connecting millions of users with businesses, and couriers, offering on-demand services from more than 170,000 local restaurants, grocers and supermarkets, and high street retail stores. We operate in more than 1500 cities across 23 countries. Together we revolutionise the way people connect with their everyday needs, from delivering essentials to connecting our ecosystem of users through innovative solutions powered by technology. For us, every day is filled with purpose. What makes our ride unique? Our culture and strong values. Our career development philosophy. Our commitment to being a force for good. We have a vision: Building the largest marketplace in your city, to give access to anything in minutes . And this is where your ride starts. YOUR MISSION Develop tools to optimize partner operations performance, quantifying the impact that they might bring to the company, supporting the design process with data to make decisions, coordinating the rollout of features, and measuring their impact. THE JOURNEY Work closely with product and operations teams to define the product roadmap and strategy, monitor and give visibility of product metrics and KPIs. Apply data analytics and statistical techniques (e.g. A/B testing, multivariate testing, clustering) to uncover insights, validate product hypotheses and solve business problems that drive the highest impact. Translate product questions and hypotheses into structured analyses that drive clear, actionable outcomes. Develop and maintain scalable and self-service visualization tools and storytelling dashboards. Owning everything analytics end to end in the product development cycle, from ideation and opportunity sizing, to experimentation and post-launch impact analyses. Build robust relationships with stakeholders acting as a strategic and supportive link between the technology, business and product.",False
SAP Financial Reporting Data Analyst (BW) END CLIENT,,Barcelona,,,"* Financial Data Governance & Quality o Ensure end to end accuracy, consistency, and reconciliation of financial data across SAP ECC/S/4HANA, Central Finance, Group Reporting, BW, and SAC. o Maintain and govern analytical structures including mappings, derivations, hierarchies, and naming standards. o Diagnose and resolve CO PA, allocation, or integration discrepancies across systems. o Execute reconciliation procedures and maintain evidence for monthly and quarterly closing cycles * Analytical…",Trabajos en informática,https://www.adzuna.es/details/5612556819?utm_medium=api&utm_source=9361dc98,5612556819,2026-02-04T00:54:13Z,"* Financial Data Governance & Quality o Ensure end to end accuracy, consistency, and reconciliation of financial data across SAP ECC/S/4HANA, Central Finance, Group Reporting, BW, and SAC. o Maintain and govern analytical structures including mappings, derivations, hierarchies, and naming standards. o Diagnose and resolve CO PA, allocation, or integration discrepancies across systems. o Execute reconciliation procedures and maintain evidence for monthly and quarterly closing cycles * Analytical Model Design & Allocation Management o Maintain and evolve Puig's global analytical model (market, brand, channel, category). o Define allocation logic, drivers, cycles, and execution sequences that support corporate reporting and performance analysis. o Document analytical catalogs, semantic definitions, and lineage to ensure consistent analytical interpretation across the company. * Technical Governance, Change Control & S/4HANA Transformationo Understand SAP table structures and cross module data flows (FI, CO, SD, MM) and assess their analytical impact. o Request, review, and validate SAP transports including master data changes, parameterization updates, and code enhancements. o Manage freeze windows near closing; prepare release notes and documentation for Change Committee processes. o Contribute to the S/4HANA migration: redesign allocation processes, update parameter tables, validate BADIs, and adapt the analytical model to the Universal Journal. * Cross-Functional Collaboration o Act as a strategic link between Finance, Controlling, IT, Data teams, and external consultants. o Translate business requirements into clear technical specifications; validate implementations delivered by IT. o Participate in initiatives to enhance analytical models, KPIs, reporting processes, and data flows across the organization. * Education: o Degree in Business Administration, Finance, Economics, Engineering, Mathematics, Physics, or similar. * Experience: o 3-5 years in finance/reporting roles with strong SAP technical exposure (corporate or consulting). o Hands-on experience in CO PA (derivations/valuation), allocations, end-to-end reconciliations, and BW/SAC. * Technical Skills: o SAP FI/CO (CO PA): derivation rules, allocation logic, and functional design. o SAP BW/SAC: semantic modeling, lineage validation, reconciliation. o Ability to read and interpret ABAP (BADIs, transformation logic). o SAP transport management (master data, parameters, code). o Familiarity with Central Finance, Group Reporting, Universal Journal, and S/4HANA migration concepts. * Soft Skills: o Critical thinking and ability to solve complex technical-financial problems. o Communication with both technical and business teams; hands-on mindset. o Strong commitment to data accuracy and closing discipline. * Languages: o Fluent English and Spanish Multinational chemical company with HQ in Barcelona. Fixed salary Flexible hours: 7:30-9:30 am, leaving depending on the start time. // On Fridays, you can leave at midday. Home office 2 days a week (1 of them on Friday) Parking at the offices. Flexible benefits (Health insurance, meal vouchers, childcare, etc.). Free on-site gym. Subsidized cantine (€2-3 per day)",False
Data Business Analyst - Barcelona,,Barcelona,,,"Business Analysis Collaborate with Product Owners and business stakeholders to gather, clarify, and document business requirements Ensure requirements focus on business needs rather than predefined solutions Support prioritisation and alignment of requirements with delivery teams Obtain stakeholder agreement on documented requirements Translate requirements into user stories, acceptance criteria, and supporting documentation Support developers and testers through handovers and clarification ses…",Trabajos en informática,https://www.adzuna.es/details/5653364937?utm_medium=api&utm_source=9361dc98,5653364937,2026-03-04T08:24:30Z,"Business Analysis Collaborate with Product Owners and business stakeholders to gather, clarify, and document business requirements Ensure requirements focus on business needs rather than predefined solutions Support prioritisation and alignment of requirements with delivery teams Obtain stakeholder agreement on documented requirements Translate requirements into user stories, acceptance criteria, and supporting documentation Support developers and testers through handovers and clarification sessions Assist testing activities (SIT, UAT) and support defect investigation Contribute to user documentation and knowledge transfer Data, Metrics & Analysis Analyse data required to support business requirements and assess feasibility using available data Understand how data is generated and used across business processes and source systems Apply existing KPIs definitions consistently across reports and datasets Identify data gaps or quality issues and escalate appropriately AI & Innovation Contribute to AI/automation initiatives by documenting as-is processes and identifying improvement opportunities Review emerging recruitment AI solutions against Page Group's framework to inform adoption decisions and future roadmap thinking Professional proficiency in English (run interviews and meetings, produce high quality documentation) Structured and analytical mindset Ability to analyse data using Excel and/or basic scripting (e.g. SQL or Python) Understanding of data concepts (tables, joins, fields) Ability to communicate clearly with both technical and non-technical stakeholders Quality-driven and outcome-focused High level of autonomy and sense of ownership Business focussed with strong interpersonal and networking skills, being able to establish and maintain solid, trusting relationships with project stakeholders at all levels Willingness to learn and grow in a data-driven environment Ability to work effectively in cross-functional and multicultural teams Knowledge of additional languages is a plus Positive attitude Multinational Company Competitive salary Benefits package included 5% annual gross salary bonus Medical insurance Parking provided €30 monthly home‑office allowance",False
Data Platform Engineer Analyst,Sanofi,Barcelona,,,"Data Platform Engineer Analyst About Sanofi: We are Sanofi, an innovative global healthcare company that chases the miracles of science to improve people's lives. As an R&D-driven, AI-powered biopharma leader, we work across 100 countries to transform the practice of medicine by turning the impossible into the possible. Our expertise spans vaccines, rare diseases, rare blood disorders, neurology, immunology, oncology, diabetes, and cardiovascular diseases. Guided by our core values - Aim Higher…",Unknown,https://www.adzuna.es/details/5550402602?utm_medium=api&utm_source=9361dc98,5550402602,2025-12-20T20:43:31Z,"Data Platform Engineer Analyst Ubicación: Barcelona Empresa: Sanofi Descripción: Data Platform Engineer Analyst About Sanofi: We are Sanofi, an innovative global healthcare company that chases the miracles of science to improve people's lives. As an R&D-driven, AI-powered biopharma leader, we work across 100 countries to transform the practice of medicine by turning the impossible into the possible. Our expertise spans vaccines, rare diseases, rare blood disorders, neurology, immunology, oncology, diabetes, and cardiovascular diseases. Guided by our core values - Aim Higher, Act for Patients, Be Bold, and Lead Together - we provide life-changing treatment options and life-saving vaccine protection to millions globally while putting sustainability and social responsibility at the center of our ambitions. Who You Are: You are enthusiastic about building your skills as a data or cloud engineer and eager to contribute to impactful projects. You have some experience with back-end or front-end technologies and a strong interest in developing reliable, practical solutions. You enjoy learning new things, working with others, and are motivated to help the team succeed. With a collaborative spirit and a desire to grow, you communicate clearly and are always ready to take on new challenges alongside experienced colleagues. Position summary: Join Sanofi’s data platform engineering team and play a key role in advancing analytics, AI, and ML initiatives that shape the future of healthcare. As a Data Engineer, you’ll design and deliver scalable solutions, and collaborate closely with leadership and teams to address both immediate and long-term business needs. Enjoy opportunities to learn from experts across technical and business domains, and drive impactful, data-driven innovation. Key Responsibilities: Collaborate closely with experienced data engineers, data scientists, and stakeholders to deeply understand complex data needs—especially in crucial domains like bioinformatics, omics, and clinical data Design, build, and maintain robust data infrastructure on AWS Cloud in support of our data mesh architecture Automate, optimize, and fine-tune platform provisioning, scaling, and maintenance tasks to boost operational efficiency, performance, scalability, and cost control Implement data monitoring and alerting systems, and partner with DevOps teams to proactively identify and resolve data issues Ensure data security, compliance, and governance at every stage of the data platform, following global standards and best practices Develop foundational knowledge in implementing data warehouses, data lakes, and distributed processing technologies—such as Spark, Hadoop, and Kafka—in production environments Develop advanced proficiency with SQL (preferably Snowflake) and both relational and non-relational databases to optimize complex queries and data manipulation Develop mastery in programming languages (like Python, Shell scripting, and Scala/Java) for the development of sophisticated data engineering solutions Work within cross-functional agile teams to contribute to the architecture and deployment of hybrid-cloud solutions and automated pipelines, ensuring seamless and high-performance data processing Document data infrastructure design, configuration, and processes thoroughly for reference and training purposes Engage actively within the data engineering community by sharing insights, best practices, and innovations that contribute to broader industry progress Qualifications: Bachelor's/Master's in STEM or a relevant field with proven experience in data engineering Strong knowledge of data integration technologies, ETL/ELT, modern data engineering technologies and Data Mesh architectures Strong knowledge of SQL, relational/non-relational databases, and data query optimization. Proficiency in programming languages such as Python, Shell scripting, and Scala/Java Experience in managing cloud-native systems following IaC and DataOps principles (terraform, CI/CD, Orchestration, Actions) Strong knowledge of agile development processes and concepts Excellent problem-solving skills and attention to detail Excellent communication, presentation, and interpersonal skills Curiosity and a commitment to continuous learning and improvement Nice to Haves: Experience in the life sciences/pharmaceutical industry Familiarity with Data Mesh concepts such as data as a product, domain-driven design, and federated computational governance Familiarity with visualization tools (PowerBI, Tableau) and project management tools (JIRA, Confluence) If you are a Data or Cloud Engineer looking for an exciting opportunity to shape the future of healthcare through data-driven insights and transformative solutions, we encourage you to apply for this key position. Join us in making a significant impact on the lives of global patients and customers through innovative data engineering solutions. We look forward to hearing from you! Pursue progress, discover extraordinary. Join Sanofi and step into a new era of science - where your growth can be just as transformative as the work we do. We invest in you to reach further, think faster, and do what’s never-been-done-before. You’ll help push boundaries, challenge convention, and build smarter solutions that reach the communities we serve. Ready to chase the miracles of science and improve people’s lives? Let’s Pursue Progress and Discover Extraordinary – together. At Sanofi, we provide equal opportunities to all regardless of race, color, ancestry, religion, sex, national origin, sexual orientation, age, citizenship, marital status, disability, gender identity, protected veteran status or other characteristics protected by law. #LI-Hybrid #BarcelonaHub #SanofiHubs Pursue progress , discover extraordinary Better is out there. Better medications, better outcomes, better science. But progress doesn’t happen without people – people from different backgrounds, in different locations, doing different roles, all united by one thing: a desire to make miracles happen. So, let’s be those people. At Sanofi, we provide equal opportunities to all regardless of race, colour, ancestry, religion, sex, national origin, sexual orientation, age, citizenship, marital status, ability or gender identity. Watch our ALL IN video and check out our Diversity Equity and Inclusion actions at sanofi.com!",False
Data Platform Engineer Analyst,Sanofi Group,Barcelona,,,"Data Platform Engineer Analyst About Sanofi: We are Sanofi, an innovative global healthcare company that chases the miracles of science to improve people's lives. As an R&D-driven, AI-powered biopharma leader, we work across 100 countries to transform the practice of medicine by turning the impossible into the possible. Our expertise spans vaccines, rare diseases, rare blood disorders, neurology, immunology, oncology, diabetes, and cardiovascular diseases. Guided by our core values - Aim Higher…",Unknown,https://www.adzuna.es/details/5549486328?utm_medium=api&utm_source=9361dc98,5549486328,2025-12-20T04:19:07Z,"**Data Platform Engineer Analyst** **About Sanofi:** We are Sanofi, an innovative global healthcare company that chases the miracles of science to improve people's lives. As an R&D-driven, AI-powered biopharma leader, we work across 100 countries to transform the practice of medicine by turning the impossible into the possible. Our expertise spans vaccines, rare diseases, rare blood disorders, neurology, immunology, oncology, diabetes, and cardiovascular diseases. Guided by our core values - Aim Higher, Act for Patients, Be Bold, and Lead Together - we provide life-changing treatment options and life-saving vaccine protection to millions globally while putting sustainability and social responsibility at the center of our ambitions. **Who You Are:** You are enthusiastic about building your skills as a data or cloud engineer and eager to contribute to impactful projects. You have some experience with back-end or front-end technologies and a strong interest in developing reliable, practical solutions. You enjoy learning new things, working with others, and are motivated to help the team succeed. With a collaborative spirit and a desire to grow, you communicate clearly and are always ready to take on new challenges alongside experienced colleagues. **Position summary:** Join Sanofi's data platform engineering team and play a key role in advancing analytics, AI, and ML initiatives that shape the future of healthcare. As a Data Engineer, you'll design and deliver scalable solutions, and collaborate closely with leadership and teams to address both immediate and long-term business needs. Enjoy opportunities to learn from experts across technical and business domains, and drive impactful, data-driven innovation. **Key Responsibilities:** + Collaborate closely with experienced data engineers, data scientists, and stakeholders to deeply understand complex data needs-especially in crucial domains like bioinformatics, omics, and clinical data + Design, build, and maintain robust data infrastructure on AWS Cloud in support of our data mesh architecture + Automate, optimize, and fine-tune platform provisioning, scaling, and maintenance tasks to boost operational efficiency, performance, scalability, and cost control + Implement data monitoring and alerting systems, and partner with DevOps teams to proactively identify and resolve data issues + Ensure data security, compliance, and governance at every stage of the data platform, following global standards and best practices + Develop foundational knowledge in implementing data warehouses, data lakes, and distributed processing technologies-such as Spark, Hadoop, and Kafka-in production environments + Develop advanced proficiency with SQL (preferably Snowflake) and both relational and non-relational databases to optimize complex queries and data manipulation + Develop mastery in programming languages (like Python, Shell scripting, and Scala/Java) for the development of sophisticated data engineering solutions + Work within cross-functional agile teams to contribute to the architecture and deployment of hybrid-cloud solutions and automated pipelines, ensuring seamless and high-performance data processing + Document data infrastructure design, configuration, and processes thoroughly for reference and training purposes + Engage actively within the data engineering community by sharing insights, best practices, and innovations that contribute to broader industry progress **Qualifications:** + Bachelor's/Master's in STEM or a relevant field with proven experience in data engineering + Strong knowledge of data integration technologies, ETL/ELT, modern data engineering technologies and Data Mesh architectures + Strong knowledge of SQL, relational/non-relational databases, and data query optimization. Proficiency in programming languages such as Python, Shell scripting, and Scala/Java + Experience in managing cloud-native systems following IaC and DataOps principles (terraform, CI/CD, Orchestration, Actions) + Strong knowledge of agile development processes and concepts + Excellent problem-solving skills and attention to detail + Excellent communication, presentation, and interpersonal skills + Curiosity and a commitment to continuous learning and improvement **Nice to Haves:** + Experience in the life sciences/pharmaceutical industry + Familiarity with Data Mesh concepts such as data as a product, domain-driven design, and federated computational governance + Familiarity with visualization tools (PowerBI, Tableau) and project management tools (JIRA, Confluence) If you are a Data or Cloud Engineer looking for an exciting opportunity to shape the future of healthcare through data-driven insights and transformative solutions, we encourage you to apply for this key position. Join us in making a significant impact on the lives of global patients and customers through innovative data engineering solutions. We look forward to hearing from you! **Pursue** **_progress,_** **discover** **_extraordinary._** Join Sanofi and step into a new era of science - where your growth can be just as transformative as the work we do. We invest in you to reach further, think faster, and do what's never-been-done-before. You'll help push boundaries, challenge convention, and build smarter solutions that reach the communities we serve. Ready to chase the miracles of science and improve people's lives? Let's Pursue Progress and Discover Extraordinary - together. At Sanofi, we provide equal opportunities to all regardless of race, color, ancestry, religion, sex, national origin, sexual orientation, age, citizenship, marital status, disability, gender identity, protected veteran status or other characteristics protected by law. \#LI-Hybrid #BarcelonaHub #SanofiHubs **Pursue** **_progress_** **, discover** **_extraordinary_** Better is out there. Better medications, better outcomes, better science. But progress doesn't happen without people - people from different backgrounds, in different locations, doing different roles, all united by one thing: a desire to make miracles happen. So, let's be those people. At Sanofi, we provide equal opportunities to all regardless of race, colour, ancestry, religion, sex, national origin, sexual orientation, age, citizenship, marital status, ability or gender identity. Watch our ALL IN video (https://www.youtube.com/watch?v=SkpDBZ-CJKw&t=67s) and check out our Diversity Equity and Inclusion actions at sanofi.com (https://www.sanofi.com/en/our-responsibility/equality-and-inclusiveness) ! Global Terms & Conditions and Data Privacy Statement (https://www.sanofi.com/en/careers/global-terms-and-conditions/) Sanofi is dedicated to supporting people through their health challenges. We are a global biopharmaceutical company focused on human health. We prevent illness with vaccines, provide innovative treatments to fight pain and ease suffering. We stand by the few who suffer from rare diseases and the millions with long-term chronic conditions. With more than 100,000 people in 100 countries, Sanofi is transforming scientific innovation into healthcare solutions around the globe. Discover more about us visiting www.sanofi.com or via our movie We are Sanofi (https://youtu.be/96EwNjb1TLo) As an organization, we change the practice of medicine; reinvent the way we work; and enable people to be their best versions in career and life. We are constantly moving and growing, making sure our people grow with us. Our working environment helps us build a dynamic and inclusive workplace operating on trust and respect and allows employees to live the life they want to live. All in for Diversity, Equity and Inclusion at Sanofi - YouTube (http://www.youtube.com/watch?v=SkpDBZ-CJKw&t=2s)",False
Data Performance Analyst - Partner Ads (They/She/He),Glovo,Barcelona,,,"Job Description If you’re here, it’s because you’re looking for an exciting ride . A ride that will fuel up your ambitions to take on a new challenge and stretch yourself beyond your comfort zone. We’ll deliver a non-vanilla culture built on talent, where we work to amplify the impact on millions of people , paving the way forward together. Not your usual app . We are the fastest-growing multi-category app connecting millions of users with businesses, and couriers, offering on-demand services f…",Trabajos en informática,https://www.adzuna.es/details/5652081118?utm_medium=api&utm_source=9361dc98,5652081118,2026-03-03T08:20:02Z,"Data Performance Analyst - Partner Ads (They/She/He) Ubicación: Barcelona Empresa: Glovo Descripción: Job Description If you’re here, it’s because you’re looking for an exciting ride . A ride that will fuel up your ambitions to take on a new challenge and stretch yourself beyond your comfort zone. We’ll deliver a non-vanilla culture built on talent, where we work to amplify the impact on millions of people , paving the way forward together. Not your usual app . We are the fastest-growing multi-category app connecting millions of users with businesses, and couriers, offering on-demand services from more than 170,000 local restaurants, grocers and supermarkets, and high street retail stores. We operate in more than 1500 cities across 23 countries. Together we revolutionize the way people connect with their everyday needs, from delivering essentials to connecting our ecosystem of users through innovative solutions powered by technology. For us, every day is filled with purpose. What makes our ride unique? Our culture and strong values. Our career development philosophy. Our commitment to being a force for good. We have a vision: Building the largest marketplace in your city, to give access to anything in minutes . And this is where your ride starts. YOUR MISSION You will be a key analytical partner for Glovo’s commercial teams, providing revenue and pricing insights for advertising and monetization products. You will leverage partners’ KPIs, historical data, market conditions, and internal targets to build forecasts, models, and pricing and sales strategies across products, campaigns, and segments. As part of the Monetization team at Glovo HQ, you will help improve partners’ P&L and scale revenue streams from Ads, Promotions, and other monetization services. Working in a global setup, your insights will directly support Ads & Monetization business plans and contribute to company P&L. You will act as a senior individual contributor, owning complex analytical initiatives end-to-end and influencing strategic decisions through data. You’ll operate in a fast-growing, experimental environment where iteration and continuous learning are part of daily work. THE JOURNEY KPI & Performance Ownership. Define, own, and evolve business KPIs, data models, and funnels to drive revenue strategy and performance visibility. Business Insights & Decision Support. Translate business questions into actionable insights that inform product development, sales optimization, and strategic decisions. Visualization & Reporting. Build and own scalable, self-service dashboards and reporting frameworks that enable data-driven decision-making. Forecasting & Financial Planning. Deliver accurate revenue forecasts, variance analyses, and growth models to support planning and investment decisions. Revenue Growth & Profitability. Identify data-driven opportunities to grow advertising revenue, improve conversion and margins, and maximize partner value. Advanced Analytical Leadership. Independently lead complex, multi-stakeholder analytical initiatives from problem definition to impact measurement. Stakeholder Partnership. Act as a trusted data partner to business leaders, helping them leverage insights to solve ambiguous, high-impact problems. Mentorship & Continuous Improvement. Mentor junior analysts and proactively improve analytical standards, KPIs, and reporting frameworks.",False
Business Analyst (Data / SQL / Seguros),Krell Consulting & Training,Barcelona,permanent,,"Business Analyst (Data / SQL / Seguros) Descripción Buscamos un/a Business Analyst senior para incorporarse a un proyecto estable, con foco en gestión de requisitos, análisis de datos y modelado, trabajando de forma transversal con producto, negocio y equipos de desarrollo. La persona seleccionada participará en la definición funcional de necesidades de negocio, gestión de tickets en JIRA y análisis de datos para la toma de decisiones y mejora de producto. Funciones Gestión de requisitos Recopi…",Trabajos en informática,https://www.adzuna.es/details/5612708407?utm_medium=api&utm_source=9361dc98,5612708407,2026-02-04T02:21:00Z,"Business Analyst (Data / SQL / Seguros) Descripción Buscamos un/a Business Analyst senior para incorporarse a un proyecto estable, con foco en gestión de requisitos, análisis de datos y modelado, trabajando de forma transversal con producto, negocio y equipos de desarrollo. La persona seleccionada participará en la definición funcional de necesidades de negocio, gestión de tickets en JIRA y análisis de datos para la toma de decisiones y mejora de producto. Funciones Gestión de requisitos Recopi…",True
Growth Marketing Analyst,Kaplan Languages Group,Barcelona,,,"Job Description We’re looking for an analytical and impact-oriented data analyst to drive insight generation across our marketing organization. This role is central to identifying opportunities for growth through deep analysis of marketing performance, lead generation trends, and customer behaviour. You will act as the data engine behind our marketing and growth strategy —working across teams to deliver actionable insights, build predictive models, and inform marketing decisions with a clear un…",Trabajos en ventas,https://www.adzuna.es/details/5627675965?utm_medium=api&utm_source=9361dc98,5627675965,2026-02-13T13:05:47Z,"Growth Marketing Analyst Ubicación: Barcelona Empresa: Kaplan Languages Group Descripción: Job Description We’re looking for an analytical and impact-oriented data analyst to drive insight generation across our marketing organization. This role is central to identifying opportunities for growth through deep analysis of marketing performance, lead generation trends, and customer behaviour. You will act as the data engine behind our marketing and growth strategy —working across teams to deliver actionable insights, build predictive models, and inform marketing decisions with a clear understanding of business impact. You’ll help translate data into growth by shaping how we acquire, engage, and convert potential customers more effectively. Key Responsibilities INSIGHTS Transform data collected across multiple touchpoints into strategic insights and quantifiable business opportunities. Develop reports and dashboards to improve business processes, provide visibility and accelerate data-driven decision making as well as drive Key Performance Indicator (KPI) reporting, ad hoc business reporting and analysis as needed. Communicate insights, strategic recommendations, and clear and actionable insights to marketing stakeholders and executives through presentations and workshops. Feed into the overall tracking and reporting roadmap. Work with Digital Analytics and Data teams to validate data sources, improve collection methods, and maintain documentation and integrity. OPTIMIZATION Work with all the areas of the Marketing team to build a cross function understanding of user behaviour, product performance and marketing dynamics to inform overall strategy and department-level decisions. Provide strong business analytics and performance optimization recommendations to drive better business decisions for the Marketing area. Build a deep understanding of our users’ behaviours, markets’ dynamics, and competitor analyses for the different company brands. GROWTH Aggregate and analyse marketing and sales performance data—covering lead generation channels, website analytics, CRM, and customer behaviour—to identify trends, conversion bottlenecks, and growth opportunities.",False
Principal Marketing Analyst,Zynga,Barcelona,,,"Join to apply for the Principal Data Analyst role at Zynga. At Zynga, we bring people together through the power of play. As a global leader in interactive entertainment and a proud label of Take-Two Interactive, our games have been downloaded over 6 billion times—connecting players in 175 countries through fun, strategy, and a little friendly competition. Founded in  and headquartered in California, our teams span North America, Europe, and Asia, working together to craft unforgettable gaming …",Unknown,https://www.adzuna.es/details/5656543345?utm_medium=api&utm_source=9361dc98,5656543345,2026-03-06T20:55:50Z,"Join to apply for the Principal Data Analyst role at Zynga. At Zynga, we bring people together through the power of play. As a global leader in interactive entertainment and a proud label of Take-Two Interactive, our games have been downloaded over 6 billion times—connecting players in 175 countries through fun, strategy, and a little friendly competition. Founded in  and headquartered in California, our teams span North America, Europe, and Asia, working together to craft unforgettable gaming …",True
Growth Data Scientist,Smadex SLU,Barcelona,,,"Smadex is a leading advertising technology company founded in Barcelona in 2010 and sold to American-based and stock-listed Entravision in 2018 (NYSE::EVC). We are one of the top mobile ad-tech companies in the world and the largest Demand Side Platform (DSP) based in Europe, with our revenues over $100M and consistently growing 40% YoY over the past years. And with an incredible 100% growth last year. Our mission is to continue to improve our ad-tech platform, especially the core of it, our al…",Unknown,https://www.adzuna.es/details/5633446310?utm_medium=api&utm_source=9361dc98,5633446310,2026-02-17T20:51:03Z,"Smadex is a leading advertising technology company founded in Barcelona in 2010 and sold to American-based and stock-listed Entravision in 2018 (NYSE::EVC). We are one of the top mobile ad-tech companies in the world and the largest Demand Side Platform (DSP) based in Europe, with our revenues over +$100M and consistently growing +40% YoY over the past years. And with an incredible 100% growth last year. Our mission is to continue to improve our ad-tech platform, especially the core of it, our algorithms, to help our clients achieve their programmatic advertising campaign goals. We want to give our employees a job they’ll love, where they will be challenged to improve results through real-life engineering and data analysis and where everyone’s implication has an impact. We are looking for a Growth Data Scientist to work closely with internal and external teams to help advertisers achieve their business goals and improve the effectiveness of Smadex Ads. The candidate should be communicative and analytical, in order to answer the complex questions that Product and Campaign performance are facing. For this purpose we use tons of data available to get powerful insights to resolve them, creating effective strategies to help improve the Smadex platform! This is a full-time position based in Barcelona. Your tasks and responsibilities: Dive deep into complex datasets, covering the behavior of millions of users and apps worldwide, to extract actionable learnings that inform high-level strategy and stakeholder understanding Partner with business and technical teams to drive rigorous analysis and testing, identifying key opportunities to maximize the performance and effectiveness of Smadex campaigns. Collaborate with stakeholders to channel market insights and performance data into our roadmap, directly influencing Product and ML strategies to enhance our platform's capabilities. Skills and requirements: +3 years of experience as a Data Analyst / Data Scientist Bachelor's or Master's Degree in a Quantitative Field (Engineering, Statistics, Mathematics, Data Sciences,.) Strong problem-solving skills, ability to formulate questions, run analysis to articulate a recommendation. Proven working knowledge of Python, SQL and large data sets, understanding of analytic methodologies for data evaluation. Excellent verbal and written communication skills, with the ability to present analysis and conclusions. Strong knowledge and experience of statistical concepts and hypothesis testing. Knowledge of the ad-tech industry is a plus. Please note that we do NOT provide VISA sponsorship. Candidates without a legal permit to work in Spain won't be considered. What is in it for you: Integrate a highly motivated and young team. Great compensation package. Top location at the heart of Barcelona in a penthouse office with a rooftop terrace, barbeque, and a fully stocked fridge. Work from home: 2 days/week Private Health Insurance Access to LinkedIn Learning Meal vouchers - Tickets Restaurant monthly allowance. Monthly gym allowance: Choose between DiR Gym and Wellhub Monthly TGIF events. Regular team-building events. Fun and friendly work environment with talented marketers and engineers from over 40+ countries And more! Powered by JazzHR",False
BI / Analytics Specialist,Entravision,Barcelona,,,"Adwake is a tech-enabled services company powered by Entravision. At Adwake, we place cutting-edge technology and quality service at the heart of our approach to effectively find, connect and engage with your ideal customer across every screen. We are looking for a detail-oriented BI / Analytics Specialist to turn our vast data streams into actionable intelligence. As the architect of our reporting ecosystem, you will ensure that every department has the insights they need to make winning decis…",Unknown,https://www.adzuna.es/details/5647501348?utm_medium=api&utm_source=9361dc98,5647501348,2026-02-27T20:56:54Z,"Adwake is a tech-enabled services company powered by Entravision. At Adwake, we place cutting-edge technology and quality service at the heart of our approach to effectively find, connect and engage with your ideal customer across every screen. We are looking for a detail-oriented BI / Analytics Specialist to turn our vast data streams into actionable intelligence. As the architect of our reporting ecosystem, you will ensure that every department has the insights they need to make winning decisions. If you love building elegant dashboards and hunting for patterns in data, you belong at Adwake. Your Mission: Your mission is to provide a ""single source of truth"" for the company. You will take full ownership of our reporting tools (Looker/Tableau), maintain our CRM dashboards, and play a critical role in protecting our ecosystem through advanced fraud analysis. Key Responsibilities: Reporting Excellence: Design, build, and maintain sophisticated dashboards in Looker, Tableau, or similar BI tools. CRM Ownership: Take the lead on CRM dashboard maintenance, ensuring data integrity and usability for the Sales and Growth teams. Fraud Analysis: Develop and implement models to detect and mitigate fraudulent activity within our traffic and user base. Data Consultation: Act as an internal consultant, helping teams translate business questions into data queries. Process Automation: Streamline data collection and reporting processes to increase company-wide efficiency. Skills and Requirements: 3-5+ experience in a Business Intelligence or Data Analyst role. Expertise in BI tools (Looker, Tableau, or PowerBI) and advanced SQL. Experience with fraud detection or anomaly analysis in a digital or mobile environment. Strong understanding of CRM structures and data hygiene. Ability to communicate complex technical findings to non-technical stakeholders. Strong organizational skills and attention to detail. Exceptional English skills (C1 level), both written and spoken. ⚠️ Please submit your CV in English to be considered for this role. What We Offer Exciting challenges and opportunities for growth Ticket Restaurant ‍♀️ Wellbeing and gym membership Breakfast, Fruit & Snacks at the office Monthly team Events Work Anniversary Celebrations Gift Cards for special occasions Referral Program Hybrid work format, combining remote and in-office work twice a week Powered by JazzHR",False
Loyalty Business Analyst (They/She/He),Glovo,Barcelona,,,"Job Description We are looking for a highly skilled and motivated Business Analyst to become part of our Loyalty team within Growth HQ. The Loyalty team is responsible for the strategy definition and product development of Glovo’s loyalty subscription based program (called Glovo Prime). Glovo Prime aims to increase customer retention and frequency by offering a set of exclusive amazing benefits: unlimited free deliveries, reduced fees and exclusive promotions! It’s successfully reaching high an…",Unknown,https://www.adzuna.es/details/5652622590?utm_medium=api&utm_source=9361dc98,5652622590,2026-03-03T19:50:00Z,"Loyalty Business Analyst (They/She/He) Ubicación: Barcelona Empresa: Glovo Descripción: Job Description We are looking for a highly skilled and motivated  Business Analyst to become part of our Loyalty team within Growth HQ. The Loyalty team is responsible for the strategy definition and product development of Glovo’s loyalty subscription based program (called Glovo Prime). Glovo Prime aims to increase customer retention and frequency by offering a set of exclusive amazing benefits: unlimited free deliveries, reduced fees and exclusive promotions! It’s successfully reaching high and fast growing user penetration in most of our markets (and we’re planning to keep expanding it!). As a Business Analyst in the Loyalty team, you will play a key role in keeping scaling and optimizing the impact of our successful and loved Glovo Prime. You will work with Product, Data, CRM and local Growth teams, and obsess with turning Glovo Prime into a vital engagement lever for us with outstanding performance metrics. Glovo is a fast moving, dynamic environment where flexibility and adaptability are key attributes. The successful candidate is a self-starter with a passion for data analytics and continuously demonstrates an ability to tackle complex problems and implement solutions. Be a part of a team where you will: Define and execute Glovo Prime’s strategy (including the definition of pricing, benefits, conditions) for the different countries. You’ll be responsible for nurturing the relationship between Loyalty HQ and the countries. Create A/B test plans and manage them end to end - incl. design, implementation, analysis and communication. You’ll be responsible for drawing detailed and actionable conclusions. Own dashboards and build new tools to improve the visibility of key metrics to track Glovo Prime’s performance. You’ll need to ensure these tools are scalable and up-to-date. Understand and deep-dive into the data to find the root causes and the levers we can act upon to improve KPIs (and be accountable for them). Actively collaborate with your colleagues (Product managers, Data analyst, CRM and local Growth teams) and learn from each other in a supportive environment that allows you to grow, develop and make a difference. Contribute towards the continuous growth of Glovo Prime through out-of-the-box thinking.",False
Analytics Manager,Socialpoint,Barcelona,,,"Join to apply for the Principal Data Analyst role at Socialpoint Position Overview We're looking for a Principal Data Analyst to join our Analytics team. In this senior role, you'll be a key partner to our game teams, shaping product strategy and driving impactful data-driven decisions that improve our games, boost player engagement and fuel business growth. As a Principal, you'll help elevate analytics standards across the company, mentor analysts and champion a culture of data-informed decisi…",Unknown,https://www.adzuna.es/details/5656543375?utm_medium=api&utm_source=9361dc98,5656543375,2026-03-06T20:55:51Z,"Join to apply for the Principal Data Analyst role at Socialpoint Position Overview We're looking for a Principal Data Analyst to join our Analytics team. In this senior role, you'll be a key partner to our game teams, shaping product strategy and driving impactful data-driven decisions that improve our games, boost player engagement and fuel business growth. As a Principal, you'll help elevate analytics standards across the company, mentor analysts and champion a culture of data-informed decisi…",True
IT Anaplan Consultant,,Barcelona,,,"Asegurar la gobernanza y calidad del dato financiero en todos los sistemas corporativos. Diseñar, mantener y evolucionar el modelo analítico global (mercados, marcas, canales y categorías). Gestionar reglas de derivación, procesos de asignación y flujos analíticos end‑to‑end. Ejecutar procedimientos de reconciliación mensuales y trimestrales. Participar en la transformación hacia S/4HANA , validando estructuras, transportes y desarrollos. Colaborar estrechamente con Finanzas, Control, IT y equi…",Trabajos en informática,https://www.adzuna.es/details/5612556884?utm_medium=api&utm_source=9361dc98,5612556884,2026-02-04T00:54:13Z,"Asegurar la gobernanza y calidad del dato financiero en todos los sistemas corporativos. Diseñar, mantener y evolucionar el modelo analítico global (mercados, marcas, canales y categorías). Gestionar reglas de derivación, procesos de asignación y flujos analíticos end‑to‑end. Ejecutar procedimientos de reconciliación mensuales y trimestrales. Participar en la transformación hacia S/4HANA , validando estructuras, transportes y desarrollos. Colaborar estrechamente con Finanzas, Control, IT y equipos de datos. Integrar y trabajar con soluciones de planificación como Anaplan , asegurando alineación con el modelo analítico financiero. Formación en ADE, Finanzas, Economía, Ingeniería, Matemáticas o similar. Entre 3 y 5 años de experiencia en roles de reporting o controlling con fuerte componente técnico. Conocimiento funcional avanzado de SAP FI/CO, CO‑PA, procesos de asignación y reconciliación. Experiencia en BW y/o SAC a nivel de modelado semántico y validación de flujos. Valorable experiencia con Anaplan u otras herramientas de planificación empresarial. Capacidad para interpretar ABAP y gestionar transportes. Perfil analítico, orientado al detalle, con capacidad para interactuar con equipos técnicos y de negocio. Inglés fluido. Estamos buscando un/a Reporting Data Analyst para incorporarse al equipo corporativo de Finanzas. La persona seleccionada será responsable de garantizar la calidad, coherencia y trazabilidad del dato financiero, asegurando una base analítica sólida que permita la toma de decisiones a nivel global. Esta posición trabaja en la intersección entre Finanzas, Tecnología y Data , con fuerte exposición al ecosistema SAP y herramientas de planificación como Anaplan . Contrato indefinido. Flexibilidad horaria y jornada reducida los viernes. Modelo híbrido: 2 días de teletrabajo (uno de ellos viernes). Parking en oficinas, gimnasio gratuito y cantina subvencionada. Retribución flexible (mutua, transporte, guardería, etc.).",False
Data Scientist Growth Lead,Smadex SLU,Barcelona,,,"Smadex is a leading advertising technology company founded in Barcelona in 2010 and sold to American-based and stock-listed Entravision in 2018 (NYSE::EVC). We are one of the top mobile ad-tech companies in the world and the largest Demand Side Platform (DSP) based in Europe, with our revenues over $100M and consistently growing 40% YoY over the past years. And with an incredible 100% growth last year. Our mission is to continue to improve our ad-tech platform, especially the core of it, our al…",Unknown,https://www.adzuna.es/details/5633446270?utm_medium=api&utm_source=9361dc98,5633446270,2026-02-17T20:51:02Z,"Smadex is a leading advertising technology company founded in Barcelona in 2010 and sold to American-based and stock-listed Entravision in 2018 (NYSE::EVC). We are one of the top mobile ad-tech companies in the world and the largest Demand Side Platform (DSP) based in Europe, with our revenues over +$100M and consistently growing +40% YoY over the past years. And with an incredible 100% growth last year. Our mission is to continue to improve our ad-tech platform, especially the core of it, our algorithms, to help our clients achieve their programmatic advertising campaign goals. We want to give our employees a job they’ll love, where they will be challenged to improve results through real-life engineering and data analysis and where everyone’s implication has an impact. We are looking for a Growth Data Scientist Lead to work closely with internal and external teams to help advertisers achieve their business goals and improve the effectiveness of Smadex Ads. The candidate should be communicative and analytical, in order to answer the complex questions that Product and Campaign performance are facing. For this purpose we use tons of data available to get powerful insights to resolve them, creating effective strategies to help improve the Smadex platform! This is a full-time position based in Barcelona. Your tasks and responsibilities: Lead a dedicated team of 3-4 analysts, providing the technical vision, project oversight, and mentorship required to ensure the team delivers high-impact results. Dive deep into complex datasets—covering the behavior of millions of users and apps worldwide—to extract actionable learnings that inform high-level strategy and stakeholder understanding Partner with business and technical teams to drive rigorous analysis and testing, identifying key opportunities to maximize the performance and effectiveness of Smadex campaigns. Collaborate with stakeholders to channel market insights and performance data into our roadmap, directly influencing Product and ML strategies to enhance our platform's capabilities. Skills and requirements: +5 years of experience as a Data Analyst / Data Scientist Experience Leading a Team Bachelor's or Master's Degree in a Quantitative Field (Engineering, Statistics, Mathematics, Data Sciences,.) Strong problem-solving skills, ability to formulate questions, run analysis to articulate a recommendation. Proven working knowledge of Python, SQL and large data sets, understanding of analytic methodologies for data evaluation. Excellent verbal and written communication skills, with the ability to present analysis and conclusions. Strong knowledge and experience of statistical concepts and hypothesis testing. Knowledge of the ad-tech industry is highly preferred. Please note that we do NOT provide VISA sponsorship. Candidates without a legal permit to work in Spain won't be considered. What is in it for you: Integrate a highly motivated and young team. Great compensation package. Top location at the heart of Barcelona in a penthouse office with a rooftop terrace, barbeque, and a fully stocked fridge. Work from home: 2 days/week Private Health Insurance Access to LinkedIn Learning Meal vouchers - Tickets Restaurant monthly allowance. Monthly gym allowance: Choose between DiR Gym and Wellhub Monthly TGIF events. Regular team-building events. Fun and friendly work environment with talented marketers and engineers from over 40+ countries And more! Powered by JazzHR",False
IT Anaplan Consultant,Michael Page,Barcelona,permanent,,"IT Anaplan Consultant Perfil buscado (Hombre/Mujer) Asegurar la gobernanza y calidad del dato financiero en todos los sistemas corporativos. Diseñar, mantener y evolucionar el modelo analítico global (mercados, marcas, canales y categorías). Gestionar reglas de derivación, procesos de asignación y flujos analíticos end to end. Ejecutar procedimientos de reconciliación mensuales y trimestrales. Participar en la transformación hacia S/4HANA, validando estructuras, transportes y desarrollos. Colab…",Trabajos en informática,https://www.adzuna.es/details/5632520849?utm_medium=api&utm_source=9361dc98,5632520849,2026-02-17T02:34:31Z,"IT Anaplan Consultant Perfil buscado (Hombre/Mujer) Asegurar la gobernanza y calidad del dato financiero en todos los sistemas corporativos. Diseñar, mantener y evolucionar el modelo analítico global (mercados, marcas, canales y categorías). Gestionar reglas de derivación, procesos de asignación y flujos analíticos end to end. Ejecutar procedimientos de reconciliación mensuales y trimestrales. Participar en la transformación hacia S/4HANA, validando estructuras, transportes y desarrollos. Colab…",True
Sales analyst intern,Coty,Barcelona,,,"Sales analyst intern Sales Analyst Internship 6 months We are looking for a Junior Data Analyst / Intern with a strong technical orientation to join Coty's analytics team. This role will provide direct support in process optimization, report automation, and the management of large volumes of sales, forecast, customer, and channel data. The ideal candidate will have a background in IT or engineering and hands-on knowledge of data analysis and modeling tools-especially Power Query, Power Pivot, a…",Unknown,https://www.adzuna.es/details/5644478257?utm_medium=api&utm_source=9361dc98,5644478257,2026-02-25T05:13:41Z,"Sales analyst intern **Sales Analyst Internship** **6 months** We are looking for a **Junior Data Analyst / Intern** with a strong technical orientation to join Coty's analytics team. This role will provide direct support in process optimization, report automation, and the management of large volumes of sales, forecast, customer, and channel data. The ideal candidate will have a background in IT or engineering and hands-on knowledge of data analysis and modeling tools-especially **Power Query, Power Pivot, advanced Excel, and/or Power BI** -ensuring that data models are fast, robust, and easy to use for the commercial team. **Key Responsibilities** **1. Data Automation & Modeling** + Design and automate data consolidation processes using **Power Query** . + Build efficient and optimized models with **Power Pivot** (linked tables, relationships, simple DAX measures). + Reduce file size and refresh times through best modeling practices. + Design Excel structures and templates for KAMs and managers. + Integrate multiple data sources (sales, forecast, targets, coverage). + Create clear, lightweight, and user-friendly dashboards. + Ensure scalable structures for future enhancements. **2. Reporting & Business Intelligence** + Automate recurring reports (sell-in, channel mix, historical performance, coverage vs. forecast). + Prepare reports and templates for executive presentations. + Support the creation of advanced visualizations (Power BI is a plus). **3. Maintenance & Continuous Improvement** + Identify improvement opportunities within internal team processes. + Document procedures and ensure data quality. + Support the commercial team with technical tools that facilitate daily work. **Technical Requirements** **Must-have:** + Degree in Computer Engineering, Telecommunications, Mathematics, Statistics, Business Administration with Data focus, or similar. + Advanced Excel skills. + Practical experience or solid knowledge of: + Power Query (M) + Power Pivot + Data modeling + Pivot tables and slicers + Ability to work with large datasets without impacting performance. + Strong organizational skills and attention to detail. **Nice to have:** + Knowledge of DAX. + Experience with Power BI or SQL. + Basic programming skills (Python, VBA, or similar). **Soft Skills** + Problem-solving mindset, methodical approach, and continuous improvement orientation. + Strong analytical skills and logical, structured thinking. + High attention to detail and data quality. + Clear communication skills and ability to work with commercial and management teams. + Proactive attitude to propose technical improvements. Country/Region: ES City: Barcelona",False
Analytics Engineer,Adikteev,Barcelona,,,"WHO WE ARE Adikteev fuels the app ecosystem by inspiring users to engage with the apps they know and love. Specializing in user retention, we grow in-app revenue and build user loyalty with custom retargeting and CTV campaigns. Operating globally from Paris, San Francisco, Barcelona and Seoul, Adikteev has grown to over 100 employees and achieved 60% revenue growth this year. HOW WE MAKE AN IMPACT Own it, Live it: Our top priority is making sure our customers are fully supported and engaged. We…",Unknown,https://www.adzuna.es/details/5621625757?utm_medium=api&utm_source=9361dc98,5621625757,2026-02-09T20:41:44Z,"WHO WE ARE Adikteev fuels the app ecosystem by inspiring users to engage with the apps they know and love. Specializing in user retention, we grow in-app revenue and build user loyalty with custom retargeting and CTV campaigns. Operating globally from Paris, San Francisco, Barcelona and Seoul, Adikteev has grown to over 100 employees and achieved 60% revenue growth this year. HOW WE MAKE AN IMPACT Own it, Live it: Our top priority is making sure our customers are fully supported and engaged. We're not afraid to make decisive moves, embrace challenges, and see them through to the end. Rolling with Changes: We don't just face challenges, we anticipate them. Agility is core to who we are, and we believe in continuous learning and improvement. Making waves with purpose: We're here to make a difference. Every decision and action is aimed at creating a positive and meaningful impact. The ADIKTEAM vibe: We're more than a team; we're the ADIKTEAM. Everyone plays a crucial role, and we're always looking for people who thrive in collaborative, supporting environments. WHAT YOU WILL DO We are looking for a Senior Analytics Researcher who can tackle our most complex analytical challenges and innovative features in order to shape Adikteev's strategic direction. Your responsibilities will include: Designing and executing analytical projects that address strategic business questions with measurable impact Applying advanced statistical methods to uncover insights from complex datasets Conducting A/B testing for product initiatives Creating decision frameworks and success metrics for key business initiatives Building proof-of-concept models and prototyping new analytical tools and features Partnering with leadership to translate business strategy into analytical roadmap Providing thought leadership on industry trends and emerging techniques in analytics and data science. WHO YOU ARE You will be a good fit to join our Analytics team at Adikteev if you : Possess expert knowledge of statistical methods and experimental design Demonstrate strong programming skills in Python Have a proven track record of independently driving complex projects from conception to business impact Show strategic thinking and can connect analytical work to business outcomes Excel at communicating complex concepts to both technical and non-technical audiences. And if you bring any of the following, that's even better: Advanced degree (Master's or PhD) in Statistics, Computer Science, Economics, or related field Experience in AdTech Please note that, for legal reasons, candidates are required to hold European citizenship and/or maintain residency within the European Union in order to be considered for this position. PERKS AND BENEFITS Competitive Salary ; Performance-based Quarterly bonus with transparent KPIs; Longevity bonus every 2 years ; 4 1/2 days work week (Fridays afternoon off) ; Mental Health support ; Flexible remote working policy ; Regular team-life event / activity ; Inclusive parental leave Policy. OUR PROCESS Call with Claire, Talent Acquisition Partner, Case study Team fit interview with Pierre, Analytics Director and Priyakant, Senior Data Analyst Final interview with two Comex members. We prioritize people, not just job titles. At Adikteev, we value talent in all its many forms and qualifications. If, after reading this job description, you feel that the position aligns with your current abilities and career aspirations, we encourage you to apply even if you don't have every skill listed. Not everyone will make it through our hiring process, but your skills might just be the perfect match for another adventure we have now or down the road. As an Employer of choice, Adikteev does not and shall not discriminate on the basis of race, color, religion, gender, gender expression, age, national origin, disability, marital status, sexual orientation, or military status, in any of its activities or operations. These activities include, but are not limited to, hiring and firing of staff, selection of volunteers and vendors, and provision of services. We are committed to providing an inclusive and welcoming environment for all members of our staff, clients, volunteers, subcontractors, vendors and clients.",False
"Engineering Manager, Driver Onboarding (m/f/d)",Freenow,Barcelona,,,"Location : Come and join us in Barcelona! We are looking for a talented and motivated Engineering Manager to lead our new Driver Onboarding team . As the leader of this highly skilled, cross-functional team—comprising Fullstack Engineers, Backend Engineers, a Product Manager, a Product Designer, a Data Analyst, and yourself—you will shape the future of mobility with FREENOW. Your team is the cornerstone of the driver experience, focusing on streamlining the registration flow and ensuring platfo…",Trabajos en informática,https://www.adzuna.es/details/5605367888?utm_medium=api&utm_source=9361dc98,5605367888,2026-01-29T21:50:17Z,"Location : Come and join us in Barcelona! We are looking for a talented and motivated Engineering Manager to lead our new Driver Onboarding team . As the leader of this highly skilled, cross-functional team—comprising Fullstack Engineers, Backend Engineers, a Product Manager, a Product Designer, a Data Analyst, and yourself—you will shape the future of mobility with FREENOW. Your team is the cornerstone of the driver experience, focusing on streamlining the registration flow and ensuring platform integrity through advanced document validation. Your mission is to lead the delivery of a fast, frictionless, and secure onboarding journey for every new driver. You will guide the team in: Designing and implementing the entire driver registration and onboarding journey, making it simple, intuitive, and fast. Developing and maintaining robust, automated document validation systems to ensure compliance and quick approval for drivers. Building user-centric interfaces for the driver portal using React, ensuring a seamless and high-performance experience. Optimizing process automation within the document lifecycle in close collaboration with Operations. Empowering drivers through self-service tools to manage their accounts and documentation. Fostering collaboration across teams to integrate key insights and improve the overall driver experience. YOUR DAILY ADVENTURES WILL INCLUDE: People Leadership & Growth Mentoring & Coaching: Actively supporting the professional development of your engineers, providing regular feedback, and helping them achieve their career goals. Team Building & Scaling: Owning the hiring process to scale the team, ensuring a healthy balance of skills, and fostering a diverse, inclusive, and inspiring team culture. Career Pathing: Defining growth opportunities for team members, conducting performance reviews, and building a roadmap for individual and collective success. Culture Champion: Promoting a healthy work-life balance and a high-trust environment where engineers feel empowered to take risks and learn from failures. Technical & Strategic Leadership Ownership & Accountability: Cultivating a culture where engineers ""Own the Feature, Own the Code,"" feeling responsible for everything from ideation to monitoring. System Excellence: Overseeing the design of high-scale solutions across the full stack—from Kotlin/Java backend services to state-of-the-art React frontends. Operational Health: Guiding the team to identify bottlenecks, improve performance (DB access, cache, messaging), and maintain a state-of-the-art codebase. Agile Mentorship: Leading and living agile ceremonies while ensuring the team works together effectively in an Agile environment (Scrum/Kanban). Strategic Alignment: Working closely with Product and Design to translate business requirements into technical roadmaps. TO BE SUCCESSFUL IN THIS ROLE: Leadership & Management Proven Experience: Significant experience leading engineering teams, with a focus on people management, talent development, and scaling high-performing squads. Growth Mindset: Passionate about building teams and helping individuals grow their technical and soft skills. Communication: Excellent written and verbal communication skills in English, with the ability to bridge the gap between technical and non-technical stakeholders. Technical Foundation Backend Expertise: Professional experience with Kotlin or Java and the Spring Boot framework. Frontend Literacy: Familiarity with React and the modern JavaScript/TypeScript ecosystem. Architectural Knowledge: Deep understanding of microservices architecture , RESTful APIs, and scalable web application principles. Infrastructure & Monitoring: Experience with messaging systems (Kafka/RabbitMQ) and monitoring tools (Grafana, Datadog, or Kibana). Nice to Have Hands-on experience with AWS or similar cloud providers. Expertise in document automation validation processes. Experience navigating fast-paced, high-growth environments. Experience leading teams developing or integrating AI-driven products and Large Language Models (LLMs). Familiarity with Python and its ecosystem. BENEFITS & PERKS IN A NUTSHELL: Flexible working arrangements LinkedIn Learning Sabbatical & special leave policies WeRoad partnership Birthday, 24th + 31st December off Short term EU work policy Mobility Credit Health Insurance Employee assistance program DIVERSITY, EQUITY & INCLUSION: FREE NOW is an equal opportunity employer and we consider qualified applicants regardless of race, religion, national origin, gender, gender identity, sexual orientation, disability or age. We want you to grow and evolve, bring your true self to work. SEE WHAT OUR AWESOME COLLEAGUES SAY ABOUT US: ABOUT FREENOW: We are Freenow, the European taxi app with the broadest multi-mobility offering, available in 9 markets and over 180 cities. Our app gives millions of passengers the freedom to move with a wide choice of services including taxis, private hire vehicles, carsharing, car rental, e-scooters, e-bikes, e-mopeds and public transport. Headquartered in Hamburg and led by our CEO Thomas Zimmermann, we are on a mission to make urban mobility more efficient, sustainable and inclusive. Since July 2025 we have been part of Lyft, a global mobility platform connecting riders and drivers for billions of rides across North America and Europe. Together we are building a more caring and connected world, creating new opportunities for innovation, growth and impact.",False
Marketing Analyst Intern,Frekuent,Barcelona,,,"Marketing Analyst Intern Location: Barcelona | Type: Internship About Us Frekuent is a fast-growing startup redefining the world of payments, helping businesses turn one-time buyers into lifetime clients through unique and rewarding experiences. Operating in both B2B and B2B2C models, we create painless, cashless, and contactless payment solutions that transform the way businesses operate — keeping customers coming back time and again. We are a global company, headquartered in Barcelona and exp…",Unknown,https://www.adzuna.es/details/5637922347?utm_medium=api&utm_source=9361dc98,5637922347,2026-02-20T15:14:15Z,"Marketing Analyst Intern Location: Barcelona | Type: Internship About Us Frekuent is a fast-growing startup redefining the world of payments, helping businesses turn one-time buyers into lifetime clients through unique and rewarding experiences. Operating in both B2B and B2B2C models, we create painless, cashless, and contactless payment solutions that transform the way businesses operate — keeping customers coming back time and again. We are a global company, headquartered in Barcelona and expanding across Europe and Asia, backed by top VCs in Spain and recognized by Deloitte Technology Fast 50 Spain. Learn more at www.frekuent.com The Role At Frekuent, we believe the best talent grows with us. Internship at Frekuent is designed for high-potential professionals at the start of their careers — giving them real ownership, real mentorship, and a real path forward. 80% of our Interns became full-time Frekuent employees, after a full time 6 months internship experience As a Data Analyst Intern for Marketing & Sales, you'll work at the intersection of data and commercial strategy. You'll structure large volumes of information, design dashboards and KPI tracking frameworks, and deliver analysis and insights that directly influence how we grow across Europe and Asia. What You'll Do As part of the Frekuent Internship Program, you'll work at the intersection of Marketing and Sales data, reporting to our CMO and Chief Data Officer. From day one, you'll have real ownership over meaningful work: Analyze the full commercial funnel from awareness to conversion identifying attrition points and surfacing improvement opportunities Collect, clean, and structure data from multiple sources and leverage our CRM as our source of true for Marketing and Sales data Design and maintain dashboards and KPI tracking frameworks that give Marketing and Sales teams a clear view of performance Deliver ad-hoc analysis and actionable insights to support strategic and tactical decisions across Marketing and Sales Contribute to A/B testing and experimentation initiatives to optimize conversion across the funnel Collaborate with data engineers and business stakeholders to translate commercial needs into structured datasets and visualizations Work with our modern data stack including SQL, Python, dbt, and BI tools such as Looker or Metabase What We're Looking For Required Final year student or recent graduate in Data Science, Computer Science, Statistics, Mathematics, Economics, or a related quantitative field Strong analytical thinking and structured approach to problem-solving Fluent in either Spanish or English, with at least an intermediate level in the other language (written and spoken) Working knowledge of SQL for querying relational databases Knowledge of Excel or Google Sheets for quick analysis Understanding of statistics and hypothesis testing Genuinely curious, proactive, and energized by finding solutions — you see challenges as opportunities Availability for a minimum of 640 hours internship Nice to Have Exposure to marketing or commercial datasets (funnel analysis, campaign performance, CRM data) Experience with BI tools (Looker, Metabase, Power BI, or Tableau) Foundational knowledge of Python for data tasks Benefits Flexible schedule Great offices near Diagonal subway station and Gràcia FGC station, with tons of perks (3 days at the office, 2 remote) Learning and development budget 23 days of annual leave Positive and collaborative mindset in a dynamic environment with huge growth potential 80% of our Interns became full-time Frekuent employees Hiring Process We move fast and keep the process simple. We're looking to hire as soon as possible. Introductory Call — a conversation with our People team to get to know you and share what life at Frekuent looks like Technical Interview — a deep-dive with our Chief Data Officer to assess your analytical thinking and technical skills Technical Assessment — a take-home case to demonstrate how you structure and solve a real data problem Assessment Presentation — present your findings to our CMO and show us how you communicate data-driven insights Why you'll love it here At Frekuent, we believe our success is built on our people. We’re a team of non-conformists, committed and solution-driven individuals, who know that infinity is the limit when it comes to innovation. With plenty of room for personal and professional development, we value creativity, ownership, and collaboration — all driven by a strong culture that fuels our growth. Be authentic isn’t just a value, it’s our belief that embracing who we are and appreciating diverse backgrounds, experiences and opinions is what truly enriches us. If you're ready to jump into an exciting environment and make a real difference, this is the place for you. By applying for this job, the candidate acknowledges and agrees that any personal data contained in their application or supporting materials will be processed in accordance with Frekuent's Privacy Policy.",False
"Backend Engineer, Supply Driver Quality (m/f/d)",Freenow,Barcelona,,,"Location : Come and join us in Barcelona! We are looking for a talented and motivated Backend Engineer (m/f/d) for our Supply Driver Quality Team. As part of a highly skilled, cross-functional team comprising Mobile Engineers, Backend Engineers, a Product Manager, a Product Designer, a Data Analyst, and a technical Engineering Manager, you will help shape the future of mobility with FREENOW and assist our drivers in their daily work. Our team is dedicated to enhancing the Quality of Service (Qo…",Trabajos en informática,https://www.adzuna.es/details/5656766050?utm_medium=api&utm_source=9361dc98,5656766050,2026-03-06T22:16:54Z,"Location : Come and join us in Barcelona! We are looking for a talented and motivated Backend Engineer (m/f/d) for our Supply Driver Quality Team. As part of a highly skilled, cross-functional team comprising Mobile Engineers, Backend Engineers, a Product Manager, a Product Designer, a Data Analyst, and a technical Engineering Manager, you will help shape the future of mobility with FREENOW and assist our drivers in their daily work. Our team is dedicated to enhancing the Quality of Service (QoS) for drivers, ensuring they have the tools and insights needed to deliver exceptional service. We achieve this by: Measuring and analyzing driver performance , providing actionable metrics to both drivers and internal teams. Supporting document processes and document automatic validation processes , collaborating with other teams and Operations to maintain and increase the automation of document and validation processes. Enabling self-service capabilities , empowering drivers to manage their accounts efficiently. Providing access to support tools , ensuring drivers receive timely assistance. Integrating key insights into internal systems , fostering collaboration across teams. As a critical part of our company, this team's work directly impacts thousands of drivers and, ultimately, the experiences of millions of customers. Your contributions in this role will have a tangible and far-reaching effect on the lives of many. As an engineer on our team, you will tackle exciting challenges, including designing and building innovative products that enhance urban mobility—creating solutions that are delightful, sustainable, and tailored to the needs of our users. You'll be involved in every stage of product development, from ideation to implementation, ensuring a seamless and impactful experience. We also value a mindset that challenges the status quo —constantly exploring new technologies and approaches to improve our products and maintain a state-of-the-art codebase . Beyond technical excellence, your contributions will help foster a collaborative and inspiring team culture , making our workplace an enjoyable and fulfilling environment. YOUR DAILY ADVENTURES WILL INCLUDE: Own the Feature, Own the Code – feel responsible for what you create. It all starts with bringing in your feature ideas, goes over development, testing and ends in deploying your code and monitoring it. Design and develop systems based on product requirements or refactorings. Maintain and improve the existing systems by finding bottlenecks and performance issues and improving resource usage (DB access, cache, messaging, etc.). Collaborate with your team members in an Agile environment, contribute to and live our agile ceremonies. You care about teamwork: Be accountable for all topics above, but work together with the team on them. Stay on top of the latest technology trends and bring best practices to our daily work. Our Techstack : Kotlin | Java | AWS | Docker | Git | Kafka | ElasticSearch & more TO BE SUCCESSFUL IN THIS ROLE... Passionate about Kotlin or Java. Experience with the quirks of Spring Boot or similar frameworks, automated tests and CI/CD tools. Familiarity with monitoring tools (i.e., Grafana, Datadog, Kibana etc.). Knowledge of microservices architecture. Keen about principles and practices of scalable web applications, such as RESTful API’s, dealing with transactions, and resiliency. Familiar with messaging by using Kafka or RabbitMQ. High level of creativity; there’s all the freedom to think outside the box. Be communicative, proactive, and always collaborative. Excellent written and verbal communication skills in English. Nice to have: Experience working with AWS or similar cloud service providers. Familiar with Agile methodologies such as Scrum or Kanban. BENEFITS & PERKS IN A NUTSHELL: Flexible working arrangements LinkedIn Learning Sabbatical & special leave policies WeRoad partnership Birthday, 24th + 31st December off Short term EU work policy Mobility Credit Health Insurance Employee assistance program DIVERSITY, EQUITY & INCLUSION: FREE NOW is an equal opportunity employer and we consider qualified applicants regardless of race, religion, national origin, gender, gender identity, sexual orientation, disability or age. We want you to grow and evolve, bring your true self to work. SEE WHAT OUR AWESOME COLLEAGUES SAY ABOUT US : ABOUT FREENOW: We are Freenow, the European taxi app with the broadest multi-mobility offering, available in 9 markets and over 180 cities. Our app gives millions of passengers the freedom to move with a wide choice of services including taxis, private hire vehicles, carsharing, car rental, e-scooters, e-bikes, e-mopeds and public transport.Headquartered in Hamburg and led by our CEO Thomas Zimmermann, we are on a mission to make urban mobility more efficient, sustainable and inclusive.Since July 2025 we have been part of Lyft, a global mobility platform connecting riders and drivers for billions of rides across North America and Europe. Together we are building a more caring and connected world, creating new opportunities for innovation, growth and impact.",False
Backend Engineer (m/f/d),Freenow,Barcelona,,,"Location : Come and join us in Barcelona! We are looking for a talented and motivated Backend Engineer (m/f/d) for our new Driver Onboarding team. As part of a highly skilled, cross-functional team comprising Fullstack Engineers, Backend Engineers, a Product Manager, a Product Designer, a Data Analyst, and a technical Engineering Manager, you will help shape the future of mobility with FREENOW and assist our drivers in their daily work. Our team is the cornerstone of the driver experience, with…",Trabajos en informática,https://www.adzuna.es/details/5636686352?utm_medium=api&utm_source=9361dc98,5636686352,2026-02-19T22:35:59Z,"Location : Come and join us in Barcelona! We are looking for a talented and motivated Backend Engineer (m/f/d) for our new Driver Onboarding team. As part of a highly skilled, cross-functional team comprising Fullstack Engineers, Backend Engineers, a Product Manager, a Product Designer, a Data Analyst, and a technical Engineering Manager, you will help shape the future of mobility with FREENOW and assist our drivers in their daily work. Our team is the cornerstone of the driver experience, with a core focus on streamlining the driver registration flow and ensuring the integrity of our platform through advanced document validation processes. Our mission is to provide a fast, frictionless, and secure onboarding journey for every new driver. We achieve this by: Designing and implementing the entire driver registration and onboarding journey , making it simple, intuitive, and fast. Developing and maintaining robust, automated document validation systems to ensure compliance and quick approval for drivers. Collaborating closely with Operations and other engineering teams to constantly optimize process automation within the document lifecycle. Providing self-service tools that empower drivers to efficiently manage their documentation and account details. Integrating key insights into internal systems, fostering collaboration across teams to improve the overall driver experience . As a critical part of our company, this team's work directly impacts thousands of drivers and, ultimately, the experiences of millions of customers. Your contributions in this role will have a tangible and far-reaching effect on the lives of many. As an engineer on our team, you will tackle the exciting challenges of building a best-in-class driver onboarding platform . This includes designing and building innovative, high-scale solutions for document validation and workflow automation , directly enhancing the start-to-finish experience for our drivers and ensuring the quality and compliance of our fleet. You'll be involved in every stage of product development, from ideation to implementation, ensuring a seamless and impactful experience. We also value a mindset that challenges the status quo —constantly exploring new technologies and approaches to improve our products and maintain a state-of-the-art codebase . Beyond technical excellence, your contributions will help foster a collaborative and inspiring team culture , making our workplace an enjoyable and fulfilling environment. YOUR DAILY ADVENTURES WILL INCLUDE: Own the Feature, Own the Code – feel responsible for what you create. It all starts with bringing in your feature ideas, goes over development, testing and ends in deploying your code and monitoring it. Design and develop systems based on product requirements or refactorings. Maintain and improve the existing systems by finding bottlenecks and performance issues and improving resource usage (DB access, cache, messaging, etc.). Collaborate with your team members in an Agile environment, contribute to and live our agile ceremonies. You care about teamwork: Be accountable for all topics above, but work together with the team on them. Stay on top of the latest technology trends and bring best practices to our daily work. Our Techstack : Kotlin | Java | AWS | Docker | Git | Kafka | ElasticSearch & more TO BE SUCCESSFUL IN THIS ROLE: Passionate about Kotlin or Java. Experience with the quirks of Spring Boot or similar frameworks, automated tests and CI/CD tools. Familiarity with monitoring tools (i.e., Grafana, Datadog, Kibana etc.). Knowledge of microservices architecture. Keen about principles and practices of scalable web applications, such as RESTful API’s, dealing with transactions, and resiliency. Familiar with messaging by using Kafka or RabbitMQ. High level of creativity; there’s all the freedom to think outside the box. Be communicative, proactive, and always collaborative. Excellent written and verbal communication skills in English. Nice to have: Experience working with AWS or similar cloud service providers. Familiar with Agile methodologies such as Scrum or Kanban. Experience with document automation validation. Experience working with Large Language Models (LLMs) and AI-driven products. Experience in Python, particularly for data processing or AI integration tasks. BENEFITS & PERKS IN A NUTSHELL: Flexible working arrangements LinkedIn Learning Sabbatical & special leave policies WeRoad partnership Birthday, 24th + 31st December off Short term EU work policy Mobility Credit Health Insurance Employee assistance program DIVERSITY, EQUITY & INCLUSION: FREE NOW is an equal opportunity employer and we consider qualified applicants regardless of race, religion, national origin, gender, gender identity, sexual orientation, disability or age. We want you to grow and evolve, bring your true self to work. SEE WHAT OUR AWESOME COLLEAGUES SAY ABOUT US : ABOUT FREENOW: We are Freenow, the European taxi app with the broadest multi-mobility offering, available in 9 markets and over 180 cities. Our app gives millions of passengers the freedom to move with a wide choice of services including taxis, private hire vehicles, carsharing, car rental, e-scooters, e-bikes, e-mopeds and public transport.Headquartered in Hamburg and led by our CEO Thomas Zimmermann, we are on a mission to make urban mobility more efficient, sustainable and inclusive.Since July 2025 we have been part of Lyft, a global mobility platform connecting riders and drivers for billions of rides across North America and Europe. Together we are building a more caring and connected world, creating new opportunities for innovation, growth and impact.",False
Senior Backend Engineer (m/f/d),Freenow,Barcelona,,,"Location : Come and join us in Barcelona! We are looking for a talented and motivated Senior Backend Engineer (m/f/d) for our new Driver Onboarding team. As part of a highly skilled, cross-functional team comprising Fullstack Engineers, Backend Engineers, a Product Manager, a Product Designer, a Data Analyst, and a technical Engineering Manager, you will help shape the future of mobility with FREENOW and assist our drivers in their daily work. Our team is the cornerstone of the driver experienc…",Trabajos en informática,https://www.adzuna.es/details/5636680522?utm_medium=api&utm_source=9361dc98,5636680522,2026-02-19T22:32:42Z,"Location : Come and join us in Barcelona! We are looking for a talented and motivated Senior Backend Engineer (m/f/d) for our new Driver Onboarding team. As part of a highly skilled, cross-functional team comprising Fullstack Engineers, Backend Engineers, a Product Manager, a Product Designer, a Data Analyst, and a technical Engineering Manager, you will help shape the future of mobility with FREENOW and assist our drivers in their daily work. Our team is the cornerstone of the driver experience, with a core focus on streamlining the driver registration flow and ensuring the integrity of our platform through advanced document validation processes. Our mission is to provide a fast, frictionless, and secure onboarding journey for every new driver. We achieve this by: Designing and implementing the entire driver registration and onboarding journey , making it simple, intuitive, and fast. Developing and maintaining robust, automated document validation systems to ensure compliance and quick approval for drivers. Collaborating closely with Operations and other engineering teams to constantly optimize process automation within the document lifecycle. Providing self-service tools that empower drivers to efficiently manage their documentation and account details. Integrating key insights into internal systems, fostering collaboration across teams to improve the overall driver experience . As a critical part of our company, this team's work directly impacts thousands of drivers and, ultimately, the experiences of millions of customers. Your contributions in this role will have a tangible and far-reaching effect on the lives of many. As an engineer on our team, you will tackle the exciting challenges of building a best-in-class driver onboarding platform . This includes designing and building innovative, high-scale solutions for document validation and workflow automation , directly enhancing the start-to-finish experience for our drivers and ensuring the quality and compliance of our fleet. You'll be involved in every stage of product development, from ideation to implementation, ensuring a seamless and impactful experience. We also value a mindset that challenges the status quo —constantly exploring new technologies and approaches to improve our products and maintain a state-of-the-art codebase . Beyond technical excellence, your contributions will help foster a collaborative and inspiring team culture , making our workplace an enjoyable and fulfilling environment. YOUR DAILY ADVENTURES WILL INCLUDE: Own the Feature, Own the Code – feel responsible for what you create. It all starts with bringing in your feature ideas, goes over development, testing and ends in deploying your code and monitoring it. Design and develop systems based on product requirements or refactorings. Maintain and improve the existing systems by finding bottlenecks and performance issues and improving resource usage (DB access, cache, messaging, etc.). Collaborate with your team members in an Agile environment, contribute to and live our agile ceremonies. You care about teamwork: Be accountable for all topics above, but work together with the team on them. Stay on top of the latest technology trends and bring best practices to our daily work. Our Techstack : Kotlin | Java | AWS | Docker | Git | Kafka | ElasticSearch & more TO BE SUCCESSFUL IN THIS ROLE: Passionate about Kotlin or Java. Experience with the quirks of Spring Boot or similar frameworks, automated tests and CI/CD tools. Familiarity with monitoring tools (i.e., Grafana, Datadog, Kibana etc.). Knowledge of microservices architecture. Keen about principles and practices of scalable web applications, such as RESTful API’s, dealing with transactions, and resiliency. Familiar with messaging by using Kafka or RabbitMQ. High level of creativity; there’s all the freedom to think outside the box. Be communicative, proactive, and always collaborative. Excellent written and verbal communication skills in English. Nice to have: Experience working with AWS or similar cloud service providers. Familiar with Agile methodologies such as Scrum or Kanban. Experience with document automation validation. Experience working with Large Language Models (LLMs) and AI-driven products. Experience in Python, particularly for data processing or AI integration tasks. BENEFITS & PERKS IN A NUTSHELL: Flexible working arrangements LinkedIn Learning Sabbatical & special leave policies WeRoad partnership Birthday, 24th + 31st December off Short term EU work policy Mobility Credit Health Insurance Employee assistance program DIVERSITY, EQUITY & INCLUSION: FREE NOW is an equal opportunity employer and we consider qualified applicants regardless of race, religion, national origin, gender, gender identity, sexual orientation, disability or age. We want you to grow and evolve, bring your true self to work. SEE WHAT OUR AWESOME COLLEAGUES SAY ABOUT US : ABOUT FREENOW: We are Freenow, the European taxi app with the broadest multi-mobility offering, available in 9 markets and over 180 cities. Our app gives millions of passengers the freedom to move with a wide choice of services including taxis, private hire vehicles, carsharing, car rental, e-scooters, e-bikes, e-mopeds and public transport.Headquartered in Hamburg and led by our CEO Thomas Zimmermann, we are on a mission to make urban mobility more efficient, sustainable and inclusive.Since July 2025 we have been part of Lyft, a global mobility platform connecting riders and drivers for billions of rides across North America and Europe. Together we are building a more caring and connected world, creating new opportunities for innovation, growth and impact.",False
Fullstack Engineer (m/f/d),Freenow,Barcelona,,,"Location : Come and join us in Barcelona! We are looking for a talented and motivated Fullstack Engineer (m/f/d) for our new Driver Onboarding team. As part of a highly skilled, cross-functional team comprising Fullstack Engineers, Backend Engineers, a Product Manager, a Product Designer, a Data Analyst, and a technical Engineering Manager, you will help shape the future of mobility with FREENOW and assist our drivers in their daily work. Our team is the cornerstone of the driver experience, wi…",Trabajos en informática,https://www.adzuna.es/details/5636685268?utm_medium=api&utm_source=9361dc98,5636685268,2026-02-19T22:35:30Z,"Fullstack Engineer (m/f/d) Ubicación: España Empresa: Freenow Descripción: Location : Come and join us in Barcelona! We are looking for a talented and motivated Fullstack Engineer (m/f/d) for our new Driver Onboarding team. As part of a highly skilled, cross-functional team comprising Fullstack Engineers, Backend Engineers, a Product Manager, a Product Designer, a Data Analyst, and a technical Engineering Manager, you will help shape the future of mobility with FREENOW and assist our drivers in their daily work. Our team is the cornerstone of the driver experience, with a core focus on streamlining the driver registration flow and ensuring the integrity of our platform through advanced document validation processes. Our mission is to provide a fast, frictionless, and secure onboarding journey for every new driver. We achieve this by: Designing and implementing the entire driver registration and onboarding journey , making it simple, intuitive, and fast. Developing and maintaining robust, automated document validation systems to ensure compliance and quick approval for drivers. Developing user-centric interfaces for the driver portal using React , ensuring a seamless and high-performance experience. Building, integrating, and contributing to our internal Design System to ensure a consistent and scalable user interface. Collaborating closely with Operations and other engineering teams to constantly optimize process automation within the document lifecycle. Providing self-service tools that empower drivers to efficiently manage their documentation and account details. Integrating key insights into internal systems, fostering collaboration across teams to improve the overall driver experience . As a critical part of our company, this team's work directly impacts thousands of drivers and, ultimately, the experiences of millions of customers. Your contributions in this role will have a tangible and far-reaching effect on the lives of many. As an engineer on our team, you will tackle the exciting challenges of building a best-in-class driver onboarding platform . This includes designing and building innovative, high-scale solutions across the full stack—from backend services for document validation and workflow automation to a state-of-the-art frontend user experience using React and our internal design system . You'll be involved in every stage of product development, from ideation to implementation, ensuring a seamless and impactful experience. We also value a mindset that challenges the status quo —constantly exploring new technologies and approaches to improve our products and maintain a state-of-the-art codebase . Beyond technical excellence, your contributions will help foster a collaborative and inspiring team culture , making our workplace an enjoyable and fulfilling environment. YOUR DAILY ADVENTURES WILL INCLUDE: Own the Feature, Own the Code – feel responsible for what you create. It all starts with bringing in your feature ideas, goes over development, testing and ends in deploying your code and monitoring it. Design and develop systems based on product requirements or refactorings. Maintain and improve the existing systems by finding bottlenecks and performance issues and improving resource usage (DB access, cache, messaging, etc.). Collaborate with your team members in an Agile environment, contribute to and live our agile ceremonies. You care about teamwork: Be accountable for all topics above, but work together with the team on them. Stay on top of the latest technology trends and bring best practices to our daily work. Our Techstack : Kotlin | Java | AWS | Docker | Git | Kafka | ElasticSearch | React | TypeScript | Design Systems & more TO BE SUCCESSFUL IN THIS ROLE: Passionate about Kotlin or Java. Experience with the quirks of Spring Boot or similar frameworks, automated tests and CI/CD tools. Proven professional experience with React and the modern JavaScript/TypeScript ecosystem. Hands-on experience with building, integrating, or contributing to a Design System . Familiarity with monitoring tools (i.e., Grafana, Datadog, Kibana etc.). Knowledge of microservices architecture. Keen about principles and practices of scalable web applications, such as RESTful API’s, dealing with transactions, and resiliency. Familiar with messaging by using Kafka or RabbitMQ. High level of creativity; there’s all the freedom to think outside the box. Be communicative, proactive, and always collaborative. Excellent written and verbal communication skills in English. Nice to have: Experience working with AWS or similar cloud service providers. Familiar with Agile methodologies such as Scrum or Kanban. Experience with document automation validation. Previous experience working with Large Language Models (LLMs) and AI-driven products. Knowledge of Python, particularly regarding backend integration or data-driven features. BENEFITS & PERKS IN A NUTSHELL: Flexible working arrangements LinkedIn Learning Sabbatical & special leave policies WeRoad partnership Birthday, 24th + 31st December off Short term EU work policy Mobility Credit Health Insurance Employee assistance program DIVERSITY, EQUITY & INCLUSION: FREE NOW is an equal opportunity employer and we consider qualified applicants regardless of race, religion, national origin, gender, gender identity, sexual orientation, disability or age. We want you to grow and evolve, bring your true self to work. SEE WHAT OUR AWESOME COLLEAGUES SAY ABOUT US : ABOUT FREENOW: We are Freenow, the European taxi app with the broadest multi-mobility offering, available in 9 markets and over 180 cities. Our app gives millions of passengers the freedom to move with a wide choice of services including taxis, private hire vehicles, carsharing, car rental, e-scooters, e-bikes, e-mopeds and public transport. Headquartered in Hamburg and led by our CEO Thomas Zimmermann, we are on a mission to make urban mobility more efficient, sustainable and inclusive. Since July 2025 we have been part of Lyft, a global mobility platform connecting riders and drivers for billions of rides across North America and Europe. Together we are building a more caring and connected world, creating new opportunities for innovation, growth and impact.",False
Head Of Content (Personal Brand Growth & Content Intelligence),Soft Landing Agency,Barcelona,,,"En Landing construimos motores de crecimiento para negocios inmobiliarios premium. Ahora buscamos a una persona que lidere el sistema de contenido para marca personal con un enfoque muy concreto:Esto NO es un rol de Community Manager ni de Social Media Manager.No buscamos alguien para ""publicar"", ""gestionar comentarios"" o ""hacer calendarios"". Buscamos un perfil analítico, orientado a negocio, capaz de demostrar que el contenido genera facturación . Este perfil trabajará directamente con el CEO …",Unknown,https://www.adzuna.es/details/5655179685?utm_medium=api&utm_source=9361dc98,5655179685,2026-03-05T20:54:48Z,"En Landing construimos motores de crecimiento para negocios inmobiliarios premium. Ahora buscamos a una persona que lidere el sistema de contenido para marca personal con un enfoque muy concreto:Esto NO es un rol de Community Manager ni de Social Media Manager.No buscamos alguien para ""publicar"", ""gestionar comentarios"" o ""hacer calendarios"". Buscamos un perfil analítico, orientado a negocio, capaz de demostrar que el contenido genera facturación . Este perfil trabajará directamente con el CEO …",True
Head Of Content (Personal Brand Growth & Content Intelligence),Soft Landing Agency,Barcelona,,,"En Landing construimos motores de crecimiento para negocios inmobiliarios premium. Ahora buscamos a una persona que lidere el sistema de contenido para marca personal con un enfoque muy concreto: Esto NO es un rol de Community Manager ni de Social Media Manager. No buscamos alguien para ""publicar"", ""gestionar comentarios"" o ""hacer calendarios"". Buscamos un perfil analítico, orientado a negocio, capaz de demostrar que el contenido genera facturación. Este perfil trabajará directamente con el CEO…",Unknown,https://www.adzuna.es/details/5657842068?utm_medium=api&utm_source=9361dc98,5657842068,2026-03-07T20:57:00Z,"En Landing construimos motores de crecimiento para negocios inmobiliarios premium. Ahora buscamos a una persona que lidere el sistema de contenido para marca personal con un enfoque muy concreto: Esto NO es un rol de Community Manager ni de Social Media Manager. No buscamos alguien para ""publicar"", ""gestionar comentarios"" o ""hacer calendarios"". Buscamos un perfil analítico, orientado a negocio, capaz de demostrar que el contenido genera facturación. Este perfil trabajará directamente con el CEO…",True
Senior Digital Analyst,Garaje de Ideas,Barcelona,,,"DESCRIPCIóN Lo que buscamos es… Un Data Analyst que cuente con amplios conocimientos en el manejo y transformación de datos mediante SQL y/o Python y que haya trabajado previamente como analista o con datos digitales (Google Analytics, Adobe Analytics). Este perfil trabajará con el dato digital como principal fuente, colaborando con los equipos del cliente en la ingesta, procesamiento y almacenamiento de estos datos en su Data Warehouse con el objetivo de potenciar las capacidades analíticas de…",Unknown,https://www.adzuna.es/details/5655950888?utm_medium=api&utm_source=9361dc98,5655950888,2026-03-06T04:41:10Z,"DESCRIPCIóN Lo que buscamos es… Un Data Analyst que cuente con amplios conocimientos en el manejo y transformación de datos mediante SQL y/o Python y que haya trabajado previamente como analista o con datos digitales (Google Analytics, Adobe Analytics). Este perfil trabajará con el dato digital como principal fuente, colaborando con los equipos del cliente en la ingesta, procesamiento y almacenamiento de estos datos en su Data Warehouse con el objetivo de potenciar las capacidades analíticas del cliente. Y en concreto, esto es lo que harás: Liderar la estrategia técnica de medición de analítica digital en portales y marketplaces, colaborando con los equipos de desarrollo del cliente. Traducir las necesidades de medición (plan de etiquetado) en una estructura de datos sólida y escalable en Adobe Analytics. Auditoría y validación del dato, realizando tareas de automatización de debugging y QA Manipular y entender el comportamiento del DOM y JavaScript para garantizar una captura de datos precisa en diferentes entornos técnicos. Crear un estándar de medición ""long-term"" que permita a otros equipos integrarse sin romper la estructura global. Diseñar el modelo de datos para la ingesta y almacenamiento del dato Data Warehouse , trabajando directamente con Data Feeds de Adobe. Colaborar con el equipo Data & BI en la definición y puesta en marcha de pipelines de ingesta de datos y procesos ETL para garantizar el almacenamiento de datos en el Data Warehouse Formar un tándem con un equipo multidisciplinar y de analítica digital, aportando soluciones técnicas (Python/JS/SQL) a los retos de negocio que se identifican. Para eso, necesitamos que tengas experiencia y conocimientos en… Herramientas como Adobe Analytics o Google Analytics. Entender que es una tasa de conversión, un funnel y por qué la consistencia del dato es vital. JavaScript: Nivel avanzado para entender y proponer mejoras en la capa de datos. Python: Capacidad de scripting para automatización de tareas y conexión con APIs. SQL Avanzado: Modelado de datos y transformaciones complejas. Mentalidad Sistémica: Capacidad para diseñar soluciones que no sean parches, sino infraestructuras que duren años. Herramientas: Tracking: Adobe Launch, Data Layer (JSON), API Management. Data Ops: dbt, Git, Scripts de automatización (QA). Data Storage: Snowflake / BigQuery / Redshift. Visualización: Tableau (Data Prep) No es necesario ser experto en Adobe: Valoramos que conozcas el ecosistema, pero lo más importante es tu capacidad para programar la solución. El equipo de Garaje te aportará un conocimiento más profundo de la herramienta. En Garaje nos gustan las personas que… Se enorgullecen de su trabajo, dan lo mejor de sí mismas, se divierten siempre, son valientes y se arriesgan, aprenden de los errores y aman lo que hacen. Nuestra actitud se define por la pasión con la que nos involucramos en nuestros proyectos, la empatía y cercanía que mostramos hacia nuestros clientes, y nuestra ambición de ir más allá de lo correcto. En Garaje…Somos | No somos: Somos personas humildes y cercanas [pero no serviles ni simplistas] Somos personas apasionadas y expertas [pero no abrumadoras ni pretenciosas] Somos makers con propósito [pero no meras hacedoras o gurús] Somos personas valientes y consecuentes [pero no insensatas o irresponsables] Somos autoexigentes [pero no bloqueantes] Y las ventajas con las que contarás son: Contrato indefinido: Queremos que te sientas parte de Garaje y que puedas crecer con nosotros a largo plazo. Flexibilidad horaria: Tenemos horario flexible para que puedas adaptar tu jornada laboral a tu vida personal. Puedes ajustar tanto tu hora de entrada como de salida según las dinámicas y necesidades de conciliación, equipo y proyecto. Y en verano podrás disfrutar de jornada intensiva. Trabaja desde donde quieras y ven a cualquiera de nuestras oficinas siempre que quieras. Seguro médico con Adeslas: Accede al seguro de Garaje con beneficios fiscales. Además, puedes incluir a tu pareja e hijos. Sin copagos, carencias ni cuestionarios. Retribución flexible: Ahorra en IRPF dedicando parte de tu salario a ticket restaurante, transporte y guardería. 26 días de descanso: Descansa con 23 días de vacaciones y festivos regionales. Además, te concedemos 2 días adicionales libres en Navidad y en tu cumpleaños para celebrar momentos especiales. Incentivos: Trae nuevos clientes o empleados a Garaje y te pagamos por ello. ¡Sé parte del crecimiento! Cultura de la transparencia: Creemos en la comunicación abierta y compartimos periódicamente la situación y objetivos de la compañía en nuestros All Hands, newsletter.. G-Book: Nuestro oráculo. En Garaje, tenemos una guía en Notion que resuelve todo tipo de dudas. Allí, puedes encontrar respuestas a preguntas que van desde cómo solicitar días libres y conocer quién es quién, hasta cómo preparar una guía de prueba, plantillas corporativas para entregables o presentaciones de proyectos similares como referencia… ¡No te sentirás perdido! Eventos y dinámicas frecuentes: Compartimos conocimiento y aprendizajes de los proyectos constantemente. Como nos gusta pasar tiempo juntos, también organizamos eventos informales para conocernos mejor y divertirnos como equipo. Bono de 500€: Incentivamos tu desarrollo profesional con un bono de 500€ para que inviertas en formación, aprendizaje de idiomas, libros o eventos del sector. Entorno de alto crecimiento: Evoluciona tu carrera en Garaje y trabaja en equipos multidisciplinarios de Diseño, Data, Growth y Tecnología, creando experiencias, servicios y productos con impacto para grandes clientes como Vodafone, BBVA, Endesa, Banco Santander, Inditex, Telefónica, Adeslas, Repsol, IKEA, Legálitas, RBI y Grupo Dani García. Ser parte del equipo de Garaje significa tener la oportunidad de contribuir a la creación de experiencias, servicios y productos con un impacto significativo. Trabajarás entendiendo la data como una disciplina siempre ligada a todas las fases de diseño y desarrollo de producto, sentando bases sólidas en visualización, personalización y optimización para mejorar la experiencia de usuario y facilitar la toma de decisiones. ¿Qué pasará ahora? Si te suena bien, haz click en solicitar”, ¡estamos esperando tu candidatura con ganas! Si tu perfil encaja con lo que estamos buscando, nos pondremos en contacto contigo pronto para coordinar una primera llamada telefónica de acercamiento. Si avanzas, seguramente te pediremos que hagas un breve reto técnico para verte en acción y después conocerás a alguien del equipo.",False
Finance Transformation Program Manager - HQ,Glovo,Barcelona,,,"Job Description YOUR MISSION Be a PM that coordinates initiatives within the Global Finance Department. This role combines the skills of project management and business analysis to ensure successful project delivery and alignment with Finance objectives. The role requires communication and organizational skills to manage all aspects of the project lifecycle and also strong analytical skills to perform business analysis tasks such as gather requirements, analyze data to ensure solutions meet the…",Unknown,https://www.adzuna.es/details/5648038378?utm_medium=api&utm_source=9361dc98,5648038378,2026-02-28T01:45:30Z,"Finance Transformation Program Manager - HQ Ubicación: Barcelona Empresa: Glovo Descripción: Job Description YOUR MISSION Be a PM that coordinates initiatives within the Global Finance Department. This role combines the skills of project management and business analysis to ensure successful project delivery and alignment with Finance objectives. The role requires communication and organizational skills to manage all aspects of the project lifecycle and also strong analytical skills to perform business analysis tasks such as gather requirements, analyze data to ensure solutions meet the needs. THE JOURNEY End-to-End Project Delivery: Manage full lifecycle of projects from initiation to completion, ensuring delivery on time, within scope, and on budget. Project Planning: Define project scope, objectives, deliverables, timelines, and resource requirements. Risk Management: Identify, assess, and manage risks and issues to minimize impact on project delivery. Stakeholder Management: Maintain strong communication with project stakeholders and teams, providing regular updates on progress, challenges, and solutions. Oversee cross-functional teams, and foster collaboration to ensure efficient execution. User Acceptance Testing (UAT): Coordinate and oversee UAT efforts, ensuring the solution meets business requirements before full deployment. Change Management: Support the team through change initiatives, helping stakeholders understand and adapt to new processes, systems, or tools. Requirements Gathering: Work with stakeholders to gather, document, and validate requirements. Process, business and data analysis: Act as a business analyst, analyzing current processes and data to identify gaps and recommend improvements to boost efficiency and effectiveness and facilitate decision making.",False
Senior Finance Project Manager - HQ,Glovo,Barcelona,,,"Job Description YOUR MISSION Be a PM that coordinates initiatives within the Global Finance Department. This role combines the skills of project management and business analysis to ensure successful project delivery and alignment with Finance objectives. The role requires communication and organizational skills to manage all aspects of the project lifecycle and also strong analytical skills to perform business analysis tasks such as gather requirements, analyze data to ensure solutions meet the…",Unknown,https://www.adzuna.es/details/5648038380?utm_medium=api&utm_source=9361dc98,5648038380,2026-02-28T01:45:30Z,"Senior Finance Project Manager - HQ Ubicación: Barcelona Empresa: Glovo Descripción: Job Description YOUR MISSION Be a PM that coordinates initiatives within the Global Finance Department. This role combines the skills of project management and business analysis to ensure successful project delivery and alignment with Finance objectives. The role requires communication and organizational skills to manage all aspects of the project lifecycle and also strong analytical skills to perform business analysis tasks such as gather requirements, analyze data to ensure solutions meet the needs. THE JOURNEY End-to-End Project Delivery: Manage full lifecycle of projects from initiation to completion, ensuring delivery on time, within scope, and on budget. Project Planning: Define project scope, objectives, deliverables, timelines, and resource requirements. Risk Management: Identify, assess, and manage risks and issues to minimize impact on project delivery. Stakeholder Management: Maintain strong communication with project stakeholders and teams, providing regular updates on progress, challenges, and solutions. Oversee cross-functional teams, and foster collaboration to ensure efficient execution. User Acceptance Testing (UAT): Coordinate and oversee UAT efforts, ensuring the solution meets business requirements before full deployment. Change Management: Support the team through change initiatives, helping stakeholders understand and adapt to new processes, systems, or tools. Requirements Gathering: Work with stakeholders to gather, document, and validate requirements. Process, business and data analysis: Act as a business analyst, analyzing current processes and data to identify gaps and recommend improvements to boost efficiency and effectiveness and facilitate decision making.",False
Finance Systems Project Manager - HQ,Glovo,Barcelona,,,"Job Description YOUR MISSION To be a Project Manager that coordinates initiatives within the Global Finance Department. This role combines the skills of project management and business analysis to ensure successful project delivery and alignment with Finance objectives. The role requires communication and organizational skills to manage all aspects of the project lifecycle and also strong analytical skills to perform business analysis tasks such as gather requirements, analyze data to ensure so…",Unknown,https://www.adzuna.es/details/5648038419?utm_medium=api&utm_source=9361dc98,5648038419,2026-02-28T01:45:31Z,"Finance Systems Project Manager - HQ Ubicación: Barcelona Empresa: Glovo Descripción: Job Description YOUR MISSION To be a Project Manager that coordinates initiatives within the Global Finance Department. This role combines the skills of project management and business analysis to ensure successful project delivery and alignment with Finance objectives. The role requires communication and organizational skills to manage all aspects of the project lifecycle and also strong analytical skills to perform business analysis tasks such as gather requirements, analyze data to ensure solutions meet the needs. THE JOURNEY End-to-End Project Delivery: Manage full lifecycle of projects from initiation to completion, ensuring delivery on time, within scope, and on budget. Project Planning: Define project scope, objectives, deliverables, timelines, and resource requirements. Risk Management: Identify, assess, and manage risks and issues to minimize impact on project delivery. Stakeholder Management: Maintain strong communication with project stakeholders and teams, providing regular updates on progress, challenges, and solutions. Oversee cross-functional teams, and foster collaboration to ensure efficient execution. User Acceptance Testing (UAT): Coordinate and oversee UAT efforts, ensuring the solution meets business requirements before full deployment. Change Management: Support the team through change initiatives, helping stakeholders understand and adapt to new processes, systems, or tools. Requirements Gathering: Work with stakeholders to gather, document, and validate requirements. Process, business and data analysis: Act as a business analyst, analyzing current processes and data to identify gaps and recommend improvements to boost efficiency and effectiveness and facilitate decision making.",False
Senior Finance Systems Project Manager - HQ,Glovo,Barcelona,,,"Job Description YOUR MISSION To be a Project Manager that coordinates initiatives within the Global Finance Department. This role combines the skills of project management and business analysis to ensure successful project delivery and alignment with Finance objectives. The role requires communication and organizational skills to manage all aspects of the project lifecycle and also strong analytical skills to perform business analysis tasks such as gather requirements, analyze data to ensure so…",Unknown,https://www.adzuna.es/details/5648038417?utm_medium=api&utm_source=9361dc98,5648038417,2026-02-28T01:45:31Z,"Senior Finance Systems Project Manager - HQ Ubicación: Barcelona Empresa: Glovo Descripción: Job Description YOUR MISSION To be a Project Manager that coordinates initiatives within the Global Finance Department. This role combines the skills of project management and business analysis to ensure successful project delivery and alignment with Finance objectives. The role requires communication and organizational skills to manage all aspects of the project lifecycle and also strong analytical skills to perform business analysis tasks such as gather requirements, analyze data to ensure solutions meet the needs. THE JOURNEY End-to-End Project Delivery: Manage full lifecycle of projects from initiation to completion, ensuring delivery on time, within scope, and on budget. Project Planning: Define project scope, objectives, deliverables, timelines, and resource requirements. Risk Management: Identify, assess, and manage risks and issues to minimize impact on project delivery. Stakeholder Management: Maintain strong communication with project stakeholders and teams, providing regular updates on progress, challenges, and solutions. Oversee cross-functional teams, and foster collaboration to ensure efficient execution. User Acceptance Testing (UAT): Coordinate and oversee UAT efforts, ensuring the solution meets business requirements before full deployment. Change Management: Support the team through change initiatives, helping stakeholders understand and adapt to new processes, systems, or tools. Requirements Gathering: Work with stakeholders to gather, document, and validate requirements. Process, business and data analysis: Act as a business analyst, analyzing current processes and data to identify gaps and recommend improvements to boost efficiency and effectiveness and facilitate decision making.",False
HQ BARCELONA - Senior Python Developer (Data Team),Jobandtalent,Barcelona,,,"Who we are : We are a workforce on-demand company that heavily relies on tech . We integrate the complete process of selecting, hiring, and managing employees, being the first in digitizing all the steps, introducing Artificial Intelligence solutions in multiple phases, obtaining faster and higher-quality service for our clients, and great satisfaction and loyalty for our workers. Our Impact on Society : Our vision is to create a long-term job security condition for our workers while providing …",Trabajos en informática,https://www.adzuna.es/details/4800600477?utm_medium=api&utm_source=9361dc98,4800600477,2024-07-30T15:53:31Z,"Who we are: We are a workforce on-demand company that heavily relies on tech. We integrate the complete process of selecting, hiring, and managing employees, being the first in digitizing all the steps, introducing Artificial Intelligence solutions in multiple phases, obtaining faster and higher-quality service for our clients, and great satisfaction and loyalty for our workers. Our Impact on Society: Our vision is to create a long-term job security condition for our workers while providing flexible solutions to our clients. We can do this by concatenating different short-term contracts and minimizing–or completely removing–their unemployed time. We want to remove the need for finding a job ever again. Data-Driven: Being the owner of the entire hiring funnel, workforce management, and working experience, give us very unique data that we transform into powerful knowledge to make better decisions, improve job-candidate matches, estimate quality and affinity, and share performance feedback with our workers and clients. We are the most advanced workforce on-demand company thanks to our data and the way we use it. Great Challenges for the Data Team: Integrating very different AI solutions to improve the experience for both our workers and employers (Shift Optimization, Machine Learning algorithms, Quality Score Estimations, Document recognition, etc.), relying on a very powerful ETL that permits endless automatizations while keeping the focus on data quality. Growth Overview: An annual growth of 170%, available in multiple countries: the UK, Spain, Germany, Sweden, Mexico, Colombia, France, and more are coming. HQ in Madrid with a second big presence in Barcelona and some remote workers in the UK, The Netherlands, and the USA. And finally, some of our great clients are Amazon, XPOLogistics, Cabify, Santander, Just Eat, etc. Join us in one of the hottest startups in Spain, breaking into a new market worldwide, learning and contributing with your expertise in innovating the entire job market! Be the main referent of our Python code, help to raise the quality bar of any Python code we use. We use Airflow as our ETL, a very powerful Python framework that allows us to break down any complex problem/process into smaller ones. Each component can be implemented directly in Python, or in any other language since they could be docker images executed in ECS instances. The main priority is a senior profile with extremely solid Python skills, previous experience with Data/ETL is nice-to-have but it is not mandatory. Overall, we can resume the main responsibilities as follow: Raise the level of our Python good practices, code structure, cleaning, and testing. Design and implement high-quality and performant Python code within our powerful ETL. Automate external integrations with our Data Lake and Data Warehouse. Automate complex solutions that might require to train, build, and deploy a series of Machine Learning algorithms (no previous experience with ML required). In addition, we are looking for a senior profile that could be interested in: Mentor mid- and junior- Python Engineer: given the great impact of our ETL on the entire company, we want to grow a team dedicated to it, capable of improving, maintaining, and boosting it even further. Sharing her/his knowledge inside and outside Jobandtalent, raising the quality standards of the entire team with the aim of growing together. Contributing to Open Source projects: we are using different Open Source frameworks and libraries, and one of our wishes would be to contribute to some of those projects, dedicating part of our time when possible. Requirements and Skills Bachelor’s degree in Math, Engineering, Stats, or Quantitative field. 4+ years of proven experience programming in Python with production-ready code (not scripting code). Extremely skilled programmer ( e.g. , unittest , production/staging experience). Experience with Different kinds of standard databases ( e.g. , RDBMS, NoSQL). Container development with Docker or Kubernetes. The leadership of projects, services, or products. Excellent verbal and written communication skills; ability to communicate effectively with different levels of management, as well as the business and technical communities. (Nice to have) Previous experience with ETL, data pre-processing, or data analysis. Supervising junior and mid-level developers. Experience with Big-data frameworks and OLAP DBs Stream processing framework ( e.g. , RabbitMQ, Kafka, Spark, Flink). Fluent in English is a must. Examples of Projects and Responsibilities You receive a Jupyter Notebook made by one of our Data Analysts which contained a prototype of a data processing pipeline that generate very important data for our stakeholder. The Data Analyst has previously confirmed the data is corrected, but the code is definitely not ready for production. You need to understand it, define which is the best way to automate it (Airflow Python DAG, using Spark, external tools, etc.), and start the implementation by yourself or together with other team members. The previous example works in a similar way for Data Scientists when they come requesting help with automation about how to train a Machine Learning model that we want to re-evaluate on a weekly basis. Ideally, we want the results of the evaluation to be automatically computed and shared via a Slack channel, so we can quickly review them and decide if the model can be moved to production. We are expecting you to raise the quality bar of our code: helping your team members understanding which is the best way to structure the code for a specific problem, defining better protocols, introducing metrics when they are missing, improve the code performance, etc. Offer in Short Great ownership of the projects with a direct impact on the product. Competitive Salary Transparent Equity package. Discount on Health insurance. A yearly budget for Conferences/meetup/self-learning. Working in an international and multidisciplinary team You will be working in the Data Science team (read the last blog posts), together with Full-stack Engineers, Data Scientists, and Data Analysts. Q&A How the Jobandtalent Engineering team is structured? What we call “Product Team” includes the Product & Design, Tech, and Data. Product & Design ⇒ all the Product Owners and Designers that belong to the different Product Features teams (cross-functional teams that take care of some specific parts of the product). Tech ⇒ includes all the main engineering profiles and guilds, such as Backend, Frontend, Android, iOS, and Platform. The majority of them are embedded into the Product Features teams to create our extremely independent and cross-functional teams. Data ⇒ includes three different teams, namely Data Analytics, Data Science, and Data Engineering. How the Jobandtalent Data team is organized? The Data team includes three different teams that work very closely together. The Data Engineering one owns the data pipelines and processes that generate the data needed by our Data Warehouse, and thus by the entire Jobandtalent. The Data Science team, which owns all the models used by the Product teams The Data Analytics team is composed of two types of profiles: (i) Product Data Analysts, which work embedded in the Product Team following a Hub’n’Spoke approach, and (ii) Data Partners, which are working closely with other departments such as Finance, Sales, Marketing, etc. How do we organize the tasks and the planning? We are very data-driven, we have clear KPIs for each project, team, and goal. We define strong OKRs for every quarter, we work with bi-weekly Sprint (each team has its own JIRA Project), and a Data PM is leading the delivery processes and metrics.",False
Analista de Producto,Product Madness,Barcelona,,,"Estamos ampliando nuestros equipos y esta es una oportunidad para que te unas a nuestra oficina en Barcelona como Analista de Datos/Product Analyst. Trabajarás junto con otros analistas de productos y científicos de datos integrados en nuestro equipo de juegos. Tendrás un papel clave en la definición, extracción y acción de datos de productos a partir de grandes conjuntos de datos, cubriendo así todo el ámbito de la minería de datos hasta la presentación de informes. Además, también serás respo…",Unknown,https://www.adzuna.es/details/5548465130?utm_medium=api&utm_source=9361dc98,5548465130,2025-12-19T14:04:21Z,"Estamos ampliando nuestros equipos y esta es una oportunidad para que te unas a nuestra oficina en Barcelona como Analista de Datos/Product Analyst. Trabajarás junto con otros analistas de productos y científicos de datos integrados en nuestro equipo de juegos. Tendrás un papel clave en la definición, extracción y acción de datos de productos a partir de grandes conjuntos de datos, cubriendo así todo el ámbito de la minería de datos hasta la presentación de informes. Además, también serás responsable de mostrar el impacto de los datos de productos a través de paneles de control y/o otros medios de visualización a socios clave en toda la empresa. Lo que harás Este puesto tiene como objetivo fortalecer la práctica de análisis en Product Madness y garantizar que los equipos de juegos tomen decisiones informadas basadas en ideas prácticas. Tus responsabilidades clave serán: Colaborar con equipos de productos y de juegos para integrar el seguimiento de juegos, capturando datos de jugadores para obtener mejores perspectivas. Formular nuevas ideas y perspectivas que asesoren decisiones y nos ayuden a seguir encantando a quienes juegan nuestros juegos. Elaborar informes y proporcionar ideas que impacten en la dirección estratégica de nuestros juegos y en la hoja de ruta de estos. Trabajar con equipos de juegos y DWH para producir flujos de datos de extremo a extremo que empoderen a los usuarios finales. Colaborar estrechamente con los equipos responsables del desarrollo de productos y juegos para desarrollar informes y supervisar los objetivos diarios. Investigar problemas en el entorno de producción, analizar y optimizar las características existentes del producto y las pruebas A/B. Aplicar el pensamiento creativo hacia la creación, prueba, verificación e implementación de soluciones. Lo que estamos buscando Experiencia previa en un puesto de analista de productos o de datos Fuertes habilidades en SQL y Excel Experiencia con herramientas estándar de informes como Looker/QlikView/Tableau/Power BI, etc. Experiencia trabajando con la configuración y análisis de pruebas A/B sería deseable Sólidos conocimientos en matemáticas y análisis cuantitativo con pasión por los números y datos Interés en los juegos y la industria de los juegos móviles; cualquier experiencia en estos sectores sería útil Dominio del inglés Un título o experiencia equivalente en Informática, Ciencia de Datos, Matemáticas o un campo analítico es beneficioso Experiencia con Python y/o R sería ideal pero no crucial ¿Por qué Product Madness? Como parte de la familia Aristocrat, compartimos su misión de llenar de alegría la vida gracias al poder del juego, con un equipo de primer nivel que crea títulos líderes y de mayor recaudación en el género de casino social, entre ellos Heart of Vegas, Lightning Link y Cashman Casino. Con un equipo global de 800 personas, Product Madness tiene su sede en Londres, y oficinas en Barcelona, Gdańsk, Lviv, Montreal y un equipo remoto en Estados Unidos, lo que nos convierte en una auténtica potencia global. Nos guiamos por nuestro principio de “Las personas primero”. Independientemente de dónde, cuándo o cómo trabajen, los miembros de nuestro equipo tienen oportunidades para avanzar en su carrera profesional y crecer con nosotros. Nos enorgullece fomentar una cultura inclusiva, en la que se anima a cada persona a dar lo mejor de sí misma cada día. Pero no confíes solo en nuestra palabra. En 2024, fuimos incluidos en la lista de los Global Inspiring Workplace Awards y recibimos un premio de bronce en los Stevies for Great Employers, en la categoría de “Empleador del año – Medios de comunicación y entretenimiento”. Disponibilidad para viajar Ninguna Información adicional En este momento, no podemos tramitar visados de trabajo para este puesto. Los candidatos deben tener permiso para trabajar a tiempo completo en el país donde se ofrece la vacante, sin necesidad de visado ahora ni en el futuro.",False
Senior Data Architect,Bunge,Barcelona,,,"Location : Barcelona Hub City : Barcelona State : Barcelona (ES-B) Country : Spain (ES) Requisition Number : 40027 Bunge, a global leader in agribusiness, has an exciting opportunity available for a Senior Data Architect. As part of a global team, you will work on challenging and meaningful projects that directly impact core business activities. Since 1818, Bunge has been connecting farmers to consumers, delivering essential food, feed, and fuel to the world. Looking towards the future, Bunge a…",Unknown,https://www.adzuna.es/details/5314694773?utm_medium=api&utm_source=9361dc98,5314694773,2025-07-21T17:19:07Z,"Location : Barcelona Hub City : Barcelona State : Barcelona (ES-B) Country : Spain (ES) Requisition Number : 40027 Bunge, a global leader in agribusiness, has an exciting opportunity available for a Senior Data Architect. As part of a global team, you will work on challenging and meaningful projects that directly impact core business activities. Since 1818, Bunge has been connecting farmers to consumers, delivering essential food, feed, and fuel to the world. Looking towards the future, Bunge aims to continuously reinvent itself, leveraging data to be at the forefront of analytics, technology, and talent to accomplish its purpose in a better, faster, and simpler way. Bunge is committed to operating and thriving in the digital world, creating world-class agile teams where teammates are empowered and encouraged to collaborate, test, and learn to succeed. At Bunge, employees don't just come to work; they come to grow, solving challenges that directly impact the world with a diverse team of thinkers and doers. Bunge offers a strong compensation and benefits package, a generous paid time off program, flexible work arrangements, and opportunities for career progression. The hybrid work environment provides a balance between in-office and remote work. Most importantly, Bunge lives its values in all that it does: Act as One Team: Fostering inclusion, collaboration, and respect Drive for Excellence: Being agile, innovative, and efficient Do What's Right: Acting safely, ethically, and sustainably Overview We are seeking a highly motivated and experienced Senior Data Architect as part of the Data Platform team. This platform will empower data-driven decision-making across the company, fueling innovation and operational efficiency in areas such as supply chain & logistics, risk management, Industrial Operation, corporate functions, or market analysis. As Senior Data Architect, you will be responsible for modeling new data products in a Data Mesh paradigm ensuring data solve business problems, communicating to the technical team building data products, and assure the delivery matches business expectations. You will also be responsible for working with cross-functional teams to identify and prioritize the definition of new master data in the platform. Essential Functions Act a main point of contact and SME for all data architecture and modeling topics for a one specific business domain: supply chain & logistics, risk management, Industrial Operation, corporate functions, or market analysis Design, create, test data models in data products that drive the reusability of analytical solutions throughout the organization. Gives technical support for data product teams building new data products. Collaborate with Business Analyst, Data Scientists and Data Product Owners to understand business problems and implement scalable and sustainable data solutions. Define master data, data ontologies and metadata managements for data products and Platform components Coordinate with Data Product Owners and Data Governance team to implement and enforce data governance policies and procedures to maintain data accuracy, consistency, and compliance with regulatory requirements. Make decisions aligned to Bunge’s global strategy, business needs and financial goals and explore new perspectives by driving innovation. Cultivate strong relationships and networks, effectively influence others, and develop talent to excel in their current and future roles. Develop data driven strategies aligned with Bunge’s priorities, energize others to action through clear and compelling communication. Qualifications Field with research experience in Data Science or experience Post graduate degree in STEM field with 3-5 years' experience as Lead Data Scientist Expert in SQL and data modeling techniques Experience with Data Catalog and metadata management tools: Collibra (Preferred), DataHub, Atlas, etc. Proficient in data modeling techniques, SQL and Python, data analysis, analytical skills, teamwork, and communication skills. Advanced knowledge analytics and computer science, knowledge of AI/ML and BI spaces Experience in Data Platform and Data Mesh paradigm in a mid or big enterprises. Capable of mentoring Associates and other Data architects/Engineers and answer business questions to higher authorities and management related to the designated business domain. Model behavior as a great team player and teach new ideas. Communications with the project stakeholders on a regular basis Can help business structure the problems/hypotheses they want to address and convert it into a data model implemented in a data product Develop best practices and improve data-driven mindset awareness of possible use cases and help them to understand the necessary concepts of data modeling, data sharing in a Data Mesh architecture and ensure better communication and understanding across functions. Bunge (NYSE: BG) is a world leader in sourcing, processing and supplying oilseed and grain products and ingredients. Founded in 1818, Bunge’s expansive network feeds and fuels a growing world, creating sustainable products and opportunities for more than 70,000 farmers and the consumers they serve across the globe. The company is headquartered in St. Louis, Missouri and has 25,000 employees worldwide who stand behind more than 350 port terminals, oilseed processing plants, grain facilities, and food and ingredient production and packaging facilities around the world. Bunge is an Equal Opportunity Employer. Veterans/Disabled",False
Demand Generation Analyst (Temporary Contract),SAP,Barcelona,,,"Demand Generation Analyst (Temporary Contract) We help the world run betterAt SAP, we keep it simple: you bring your best to us, and we'll bring out the best in you. We're builders touching over 20 industries and 80% of global commerce, and we need your unique talents to help shape what's next. The work is challenging – but it matters. You'll find a place where you can be yourself, prioritize your wellbeing, and truly belong. What's in it for you? Constant learning, skill growth, great benefits…",Unknown,https://www.adzuna.es/details/5656541670?utm_medium=api&utm_source=9361dc98,5656541670,2026-03-06T20:55:36Z,"Demand Generation Analyst (Temporary Contract) We help the world run betterAt SAP, we keep it simple: you bring your best to us, and we'll bring out the best in you. We're builders touching over 20 industries and 80% of global commerce, and we need your unique talents to help shape what's next. The work is challenging – but it matters. You'll find a place where you can be yourself, prioritize your wellbeing, and truly belong. What's in it for you? Constant learning, skill growth, great benefits…",True
