,id,titulo,empresa,ubicacion,salario,tipo_contrato,modalidad,url,descripcion
0,ef8da29b4067d8ce,FP&A Analyst,Freightos,"Trabajo híbrido in 08018 Barcelona, Barcelona provincia",,Jornada completa,,https://es.indeed.com/viewjob?jk=ef8da29b4067d8ce,"About Us
Almost every single thing that you eat, wear, or use (yes, even the screen you’re reading this on) is imported. Freight quite literally moves the world. And we’re helping it move even better.
Freightos (Nasdaq: CRGO) is the global booking and payment platform for the trillion-dollar freight industry. Hundreds of airlines and ocean liners, thousands of freight companies, and over ten thousand importers and exporters use our platform to move goods around the world faster and more efficiently. This matters. Efficient freight ultimately makes things cost a little bit less when you buy them in the store.
As the leading global freight booking platform for a massive industry, we’ve been crushing it with double-digit growth, year after year, supporting well over one million shipments every year.
About the Role
Freightos Group is seeking a dynamic FP&A Analyst experienced in financial planning and analysis. As an integral part of our Finance team, you will significantly contribute to shaping strategic decisions across the company. This role involves ensuring the precision of financial forecasts, delivering insightful analyses, and spearheading process improvements that drive our growth and profitability. If you’re passionate about financial strategy and eager to make a tangible impact in a leading global logistics technology company, we’d love to have you on board.
Responsibilities
Financial Reporting
Conducting comprehensive analyses of monthly, quarterly, and annual financial statements.
Crafting insightful reports to aid managerial decision-making.
Ensuring compliance with accounting standards and regulatory mandates during book closures.
Budgeting and Forecasting
Facilitating the budgeting and forecasting processes, encompassing both Group and business unit perspectives.
Engaging in ""What-if"" scenario planning and variance analysis to preemptively address risks and opportunities.
Presenting financial insights to senior leadership and external stakeholders.
Data Management
Managing and updating financial databases and systems to guarantee data integrity and accuracy.
Identifying potential enhancements in reporting tools and methodologies.
Ad Hoc Analysis
Running ad hoc financial analyses on unit economics, Customer Acquisition Costs (CAC), Lifetime Value (LTV), and headcount KPIs.
Contributing to special projects aimed at driving process improvements and organizational efficiency.
Requirements:
About You
Basic requirements:
2–3 years of experience in FP&A or financial controlling roles.
Proficiency in Excel and familiarity with Business Intelligence tools like Domo, Power BI, Tableau, or Looker.
Strong foundation in accounting principles and procedures.
A Bachelor's degree in Finance, Economics, Business Administration, or a related field.
Fluency in English and Spanish, with strong communication skills in both.
Demonstrated analytical and quantitative capabilities, coupled with a knack for independent collaboration in fast-paced settings.
Preferred Requirements:
Experience with ERP systems (e.g., Netsuite, SAP) and FP&A software in SaaS platforms.
Exposure to a hi-tech start-up environment.
Ability to communicate complex financial information effectively to non-finance stakeholders through storytelling.
Why Freightos is the Perfect Runway for Your Career!
We genuinely value work-life balance!
We work hybrid, allowing you to enjoy quiet days at home, free from traffic, with in-office days, to meet your fabulous team face-to-face just 5 days a month.
We believe that employees who get better make us all better. We strive for professional development and continuous learning. Alongside career support and guidance,
you’ll receive an annual training budget
for personal and professional development.
We don’t just offer jobs—we offer a stake in something bigger. As part of Freightos,
you’ll be eligible to receive equity incentive grants that vest over time
, aligning your success with the company’s long-term growth. The more we build together, the more you benefit.
A multicultural global team makes global freight easier. You’ll
work with people from around the world
, gain new perspectives, and experience diverse ways of thinking—fun and eye-opening!
Some cool perks such as
Private Health Insurance
,
Ticket Restaurant,
and
Flexible Remuneration
options for nursery, transport, and restaurant vouchers.
Flexible schedule & intensive working hours on Fridays
so that you can enjoy a longer weekend :)
Our
office
in
Torre Glories
is located in the center of the tech HUB in Barcelona and has stunning city views. We organize events and gatherings throughout the year to keep the team connected and energized.
Freightos is an equal opportunity employer, committed to treating all potential employees fairly and ensuring equal opportunities for everyone.
Hybrid:
Yes"
1,d01ca385b03a8ab5,BI Analyst,Grupo Planeta,"Barcelona, Barcelona provincia",,,,https://es.indeed.com/viewjob?jk=d01ca385b03a8ab5,"Activa | Planeta Innovación Somos el proveedor de servicios corporativos de Grupo Planeta. Desde hace más de 40 años hemos acompañado a diferentes áreas de negocio en su lanzamiento y crecimiento, diseñando múltiples procesos con ayuda de las mejores soluciones tecnológicas.
Así pues, en Activa | Planeta Innovación nos encontramos en la búsqueda de un/a
Data Analyst
para el departamento de Data Analyst & Reporting.
¿En qué consistirá tu día a día?
Diseño y mantenimiento de cuadros de mando en Power BI.
Conexión e integración con fuentes de datos complejas: SQL Server, Azure Data Lake, Excel, APIs, etc.
Preparación, limpieza e ingesta de datos utilizando herramientas de ETL (Power Query, Azure Data Factory u otras).
Automatización de reportes y procesos de análisis para diferentes stakeholders.
Generación de insights para negocio y soporte a los equipos de operaciones, calidad o dirección.
Optimización de modelos de datos (relaciones, medidas DAX, KPIs).
Validación de calidad de datos y seguridad de acceso (RLS si aplica).
Documentación técnica y funcional de los procesos desarrollados.
¿Qué nos gustaría ver en tu CV?
Conocimientos técnicos requeridos:
Visualización Power BI (avanzado): dashboards, medidas DAX, RLS.
Modelado y tratamiento Power Query, Excel avanzado, SQL.
Ingesta y almacenamiento Data Lakes (Azure preferible), ETL.
Bases de datos SQL Server, PostgreSQL, Azure Synapse.
Cloud (opcional) Azure (Data Lake, Data Factory, Synapse).
Otros Python o R para análisis estadístico (opcional).
Grado o FP Superior en Estadística, Matemáticas, Informática, Ingeniería, ADE con especialización en análisis de datos o similares.
3 años de experiencia realizando funciones similares.
Valorables certificaciones en Power BI, Azure Data Engineer, u otras similares (deseable).
Encajarías con nosotros/as si te consideras una persona...
Con capacidad analítica y pensamiento crítico.
Autónoma y con habilidades de gestión del tiempo.
Hábil para la comunicación efectiva para traducir los datos en acciones para el negocio.
Atenta al detalle y proactiva en la mejora continua.
Si crees que es tu oportunidad laboral, ¡Te animamos a inscribirte y formar parte de nuestro equipo!
En Grupo Planeta ofrecemos igualdad de oportunidades. Nos comprometemos a tratar todas las candidaturas por igual en función de sus capacidades, logros y experiencia
independientemente de su raza, nacionalidad, sexo, edad, discapacidad, orientación sexual, identidad de género o cualquier otra clasificación protegida por la ley."
2,cdef0123456789ab,,,,,,,https://es.indeed.com/viewjob?jk=cdef0123456789ab,
3,8c331ce1dbb312a4,Junior Data Analyst,Holded,"Trabajo híbrido in 08039 Barcelona, Barcelona provincia",,Jornada completa,,https://es.indeed.com/viewjob?jk=8c331ce1dbb312a4,"Join the team. Make an impact.
At
Holded
, we believe that daily admin should never stop a great idea from becoming a success. That's why we create intuitive software to empower anyone who dares to start their own business. Long story short: we want to make business simple.
In order to create cutting-edge products that meet the needs of the sector, talent is essential.
We are looking for passion, creativity, and commitment
. In return, we offer the same.
The Role
Data plays a key role in how we design the product, support our customers, and make better decisions across the company. Our Data team works with teams across Holded (Product, Sales, Support, Marketing and Finance) and we’re now looking for a Junior Data Analyst to join us, with a focus on Product and Business teams (Sales, Ops, Support and Partnerships).
You’ll be part of a growing data organisation that includes analysts, data engineers and data science, and you’ll work closely with both business and product teams from day one.
You’ll start by supporting existing analysts and progressively take on more ownership as you grow. Your work will include:
Building and improving dashboards used by Product and Business teams
Answering data questions and helping teams understand what’s happening in the business
Supporting product launches by helping define metrics, validating tracking and monitoring results
Developing data models using dbt
Contributing to shared metrics and a common semantic layer
Working closely with Product Managers and Business stakeholders
As you gain confidence, you’ll also start expanding into more analytics engineering and data engineering work, such as:
More advanced data modeling
Data quality and observability
Contributing to the overall data pipelines and maintaining the data platform
This is a growth path we encourage for people interested in becoming more technical over time.
Within your first year, you should:
Build dashboards and analyses that teams rely on
Contribute DBT models with autonomy
Help reduce the day-to-day workload for senior analysts
Feel comfortable answering questions and suggesting improvements
Start taking on more technical and platform-related work
About you
Bachelor Degree in Computer Science, Master in Data Science or any related field
Around 1–3 years of experience in data, analytics or a similar role
Good SQL
Some experience with Python is a plus
Data modeling knowledge
Ideally, some experience working close to product and business teams
Interest in Data Engineering as a potential future career
Curious mindset and willingness to learn
Spanish (working proficiency), English (Intermediate)
Based in Barcelona
Experience with tools like dbt, BigQuery, Looker Studio, Google Tag Manager or cloud platforms is a plus, but not required.
What it's like to work with us
Permanent contract
Short workday on Fridays
26 paid vacation days
Free catered lunch at the office
English/Spanish classes
Referral program
Continuous Training: an annual budget for training for each employee
Fully equipped kitchen with snacks, drinks, and fresh fruit
Top-notch work equipment
Office in front of the sea with ping pong, pool table, PlayStation…
Interesting projects and a great work environment
An excellent opportunity to grow with the company
Discounts on a Gym membership
At Holded, we do things a bit differently. There’s no corporate nonsense and no old-fashioned hierarchy. Instead, we work in self-sufficient, autonomous teams. We are an equal opportunities employer and welcome applications from all suitably qualified persons regardless of their race, sex, disability, religion/belief, sexual orientation, or age.
We didn’t start Holded to be another software company. We started Holded to
be epic
, and you will be part of it."
4,e84341c140a96071,Junior Data Analyst,EXOGROUP,"Trabajo híbrido in 08005 Barcelona, Barcelona provincia",,Jornada completa,,https://es.indeed.com/viewjob?jk=e84341c140a96071,"About ExoClick:
ExoClick is an innovative and global ad company serving 20 billion daily geo-targeted ads to web and mobile advertisers & publishers. We are part of EXOGROUP, a set of companies made up of +200 talents and offering a wide range of services within the digital business landscape with headquarters in Barcelona and offices in Dublin, Porto and Valencia.
Role
As a Junior Data Analyst you will be part of the Analytics team at EXOGROUP, which is a highly skilled and qualified department that has diverse responsibilities.
Together with the Director of Analytics & Data Science and the Analytics team you will develop and maintain data reports that provide critical business visibility on key revenue and profit trends, by product, market, vertical and traffic sources. Additionally, you will collaborate with IT and Product teams to identify potential improvements in the platform by analysing and designing algorithms.
Tasks
Structure masses of information, identify data-driven trends and understand what really matters and why.
Collect KPIs and design/define visualizations.
Deliver insights and analytics across the company's operation and advertising departments.
Ability to identify and escalate issues and opportunities ahead of time helping to reduce impact and improve financial / performance implications.
Develop and maintain different internal applications and dashboards.
Together with the Analytics team, you will develop and promote actionable insights to increase the profitability of the company.
Skills
You thrive on data and have a highly analytical mind.
Degree in computer science or mathematical sciences.
Managing and prioritising workload, taking ownership of all assigned tasks.
You feel comfortable retrieving, cleaning, tidying and processing data from different sources and formats. You have a general understanding of how web applications work.
You have programming experience in Python.
You are familiar with SQL and Git.
Experience with advanced statistical methodology, data and datasets is a plus.
Strong verbal and written communication skills.
The desire and agility to work in a fast-paced and ever evolving environment.
What you'll find working at ExoClick:
We offer a position in a young, dynamic and international team with exceptional working conditions in unique offices high up in the Torre Mapfre, one of Barcelona's world-renowned landmarks, located right on the city's seafront.
Additionally, we offer the opportunity for permanent training, personal development, ambitious career growth, and a competitive salary.
Most of all, we offer a position in a team that thrives on achievement, success, and leadership within our industry. Our core company value is innovation: where people and creativity drive innovative technology. If you have an innovative, winning mentality, this position is for you!
Our company benefits:
Flexitime and summer schedule;
Private health insurance;
Your Birthday off as a paid holiday;
Flexible compensation plan: travel, meals & childcare;
Additional internal and external training through our EXOGROUP University program;
English, Portuguese & Spanish classes;
training budget & study leave;
Employee referral program bonus - You can earn 2500Eur by referring someone!
Exciting team buildings in locations such as Ibiza;
Office games room/chill-out zone;
Organic fruit;
Monday team breakfast;
Subsidised Well-Being activities;
Calm App;
Yoga classes;
Massages;
Subsidized catering;
Flexible remote work;
Home office set up budget of 500 Eur;
Is this not the right role for you? Then make sure to check out all other roles we have open for you on our careers website.
The companies that are part of
EXOGROUP
are the data controllers regarding your personal data, in order to consider your application for present or future vacancies in our organization. For more information about the processing of your personal data and on how to exercise your rights of access, rectification, suppression, limitation, portability and opposition please visit the
Protection Informative Clause Candidates."
5,a897d014547833a7,BI / Analytics Specialist,Entravision,"Barcelona, Barcelona provincia",,Jornada completa,,https://es.indeed.com/viewjob?jk=a897d014547833a7,"Adwake
is a tech-enabled services company powered by Entravision. At Adwake, we place cutting-edge technology and quality service at the heart of our approach to effectively find, connect and engage with your ideal customer across every screen.
We are looking for a detail-oriented
BI / Analytics Specialist
to turn our vast data streams into actionable intelligence. As the architect of our reporting ecosystem, you will ensure that every department has the insights they need to make winning decisions. If you love building elegant dashboards and hunting for patterns in data, you belong at Adwake.
Your Mission:
Your mission is to provide a ""single source of truth"" for the company. You will take full ownership of our reporting tools (Looker/Tableau), maintain our CRM dashboards, and play a critical role in protecting our ecosystem through advanced fraud analysis.
Key Responsibilities:
Reporting Excellence:
Design, build, and maintain sophisticated dashboards in Looker, Tableau, or similar BI tools.
CRM Ownership:
Take the lead on CRM dashboard maintenance, ensuring data integrity and usability for the Sales and Growth teams.
Fraud Analysis
: Develop and implement models to detect and mitigate fraudulent activity within our traffic and user base.
Data Consultation:
Act as an internal consultant, helping teams translate business questions into data queries.
Process Automation:
Streamline data collection and reporting processes to increase company-wide efficiency.
Skills and Requirements:
3-5+ experience in a Business Intelligence or Data Analyst role.
Expertise in BI tools (Looker, Tableau, or PowerBI) and advanced SQL.
Experience with fraud detection or anomaly analysis in a digital or mobile environment.
Strong understanding of CRM structures and data hygiene.
Ability to communicate complex technical findings to non-technical stakeholders.
Strong organizational skills and attention to detail.
Exceptional English skills (C1 level), both written and spoken.
️ Please submit your CV in English to be considered for this role.
What We Offer
Exciting challenges and opportunities for growth
Ticket Restaurant
️ Wellbeing and gym membership
Breakfast, Fruit & Snacks at the office
Monthly team Events
Work Anniversary Celebrations
Gift Cards for special occasions
Referral Program
Hybrid work format, combining remote and in-office work twice a week
DBgMOdUmvy"
6,44e2f2db3bee962f,Lead Data Analyst - Marketing,Rover,"Barcelona, Barcelona provincia",,Jornada completa,,https://es.indeed.com/viewjob?jk=44e2f2db3bee962f,"Who we are:
Want to make an impact? Join our pack and come work (and play!) with us.
We believe everyone deserves the unconditional love of a pet—and at Rover, our mission is to make it easier to experience that love. Founded in 2011, the Rover app and website connect dog and cat parents with loving pet sitters and dog walkers in neighborhoods across the US, Canada, and Europe. We empower our community of trusted pet sitters and dog walkers to run their own pet care businesses on Rover with the tools and security of a global company to back them.
Headquartered in Seattle, Washington, we work closely with our teams in Barcelona, San Antonio, Spokane, and remote locations. We’ve got a reputation for being a great place to work, having been named among the 100 Best Companies to Work For in Seattle Business Magazine and Washington’s Best Workplaces in the Puget Sound Business Journal. We're an agile, fast-growing company, and our leadership comes from some of the world's most respected tech companies.
At Rover, our furry coworkers are just as important as our human ones—and we wouldn’t have it any other way. Along with making the joys of pet parenthood more accessible, we’re committed to fostering a diverse, inclusive, and welcoming community of pet people—and that starts with our employees.
Who We're Looking For:
We're looking for a Lead Analyst to ensure that our Marketing team makes data-driven decisions at every stage—from early-stage ROI modeling to designing and analyzing experiments that drive global growth. You will be the primary point of contact for our Growth, SEO, and International teams, collaborating directly with marketing leadership to define strategy.
You will take the lead in designing measurement frameworks and analyzing performance to inform where we invest next. You will be empowered to identify the root causes of fluctuations in our metrics and present the overarching narrative of marketplace performance to the broader organization. When the data shows a need for change, you are expected to bring together the evidence and the right people to find the solution.
This is a hybrid position that has the minimum expectation to work out of our Barcelona Office in the Poblenou neighborhood two days per week on Mondays and Thursdays. For this reason, candidates must be based in Barcelona or willing to relocate.
Your Impact:
Deepen customer engagement: Lead the analysis on customer retention and LTV expansion. You will identify underlying trends and proactively recommend strategies to the marketing team to increase long-term user value.
Tell stories that drive action: Design the reporting architecture and define the key business metrics for the department. You will build dashboards and craft data narratives that directly influence decisions made by marketing and cross-functional leadership.
Drive marketing efficiency: Define the way we run experimentation in the Marketing space. You will advance our testing methodology to ensure statistical rigor and optimize strategies across multiple marketing functions.
Partner with key decision-makers: Partner with Growth, International Expansion, and SEO leadership. You will translate their complex business goals into analytical roadmaps and provide the insights needed to prioritize their initiatives.
Your Qualifications:
6+ years of experience using data to drive business impact, including identifying actionable insights, crafting compelling narratives, and partnering with cross-functional teams to define and implement solutions.
Advanced proficiency in SQL, with the ability to review and optimize code from other analysts and collaborate with engineering on data models.
Strong proficiency in statistical analysis and using Python or R.
Proven expertise in A/B testing, statistical analysis, and experimental design.
Proven ability to manage large analytical initiatives from design to completion, including managing stakeholder expectations and timelines.
Demonstrated success in collaborating cross-functionally to define business problems, scope project deliverables and timelines, implement reporting solutions, and shape organizational strategy.
Highly adept communicator of data insights across technical and non-technical audiences.
Data visualisation tool experience (e.g. Mode, Looker, Tableau, etc.)
Nice to Have:
Demonstrated experience mentoring and developing junior team members, analysts, and non-technical stakeholders.
Experience in a two-sided marketplace.
Benefits of working at Rover:
Long-term incentive plan with a company performance-based cash payout
Pension plan
Private medical insurance
25 days PTO
Meal allowance and flexible compensation plan (transport and nursery)
Gym membership
€450 to cover the costs associated with the adoption of a pet
Annual €150 wellness reimbursement
Flexible work hours, sometimes you'll need to be in at certain times, but on the whole, we're pretty flexible when it comes to managing workload and time
Grab snacks, fresh fruit, in our kitchen to keep yourself going
Regular team activities, events, game nights, and more
Dog-friendly office
Rover is an equal-opportunity employer committed to promoting a diverse, inclusive, and inventive environment with the best employees. We’re driven by seeing our people succeed and grow, and we work to ensure everyone contributes to their fullest potential. We consider all qualified applicants without regard to age, race, color, ancestry, national origin, religion, disability, protected veteran status, sex, gender identity or expression, sexual orientation, or any other protected status in accordance with applicable laws, regulations, and ordinances.
_"
7,0a543d40dea506b1,Software Business Analyst Intern,Aizon,"Trabajo híbrido in Barcelona, Barcelona provincia",,Contrato en prácticas,,https://es.indeed.com/viewjob?jk=0a543d40dea506b1,"Who we are
Aizon
is a software-as-a-service provider that transforms manufacturing operations in life science industries using advanced analytics and artificial intelligence.
Following our recent Series C round of growth funding, we are looking for ambitious new team members motivated to directly impact our future growth and success as we launch what we consider “Aizon 3.0”.
Aizon is helping pharma manufacturers and CDMOs make better decisions in GMP operations.
What makes us different from other manufacturing platforms?
We help operations leaders and engineers avoid endless cycles of chasing data in disparate and heavy-handed systems and rapidly understand how to run their manufacturing processes better.
We’re solving multiple problems in GMP operations that cost manufacturers millions yearly while accelerating their digital maturity journey. One of our unique capabilities is the ability to operationalize the use of predictive AI models in real-time without a big data science staff.
We’re backed by both industry and software investor firms like NewVale Capital, Atlantic Bridge, Danaher, Honeywell, CrossLink, and UnCork, with solid industry and technology expertise.
Our
mission
is to improve global health by optimizing how medicines are manufactured so that pharma and biotech companies can provide patients worldwide with the right medicine at the right time and price.
Join us if you are motivated to directly impact our company's success and growth path forward and, more importantly, by positively contributing to the life science industry and deserving patients worldwide.
The Position
The
Software Business Analyst Intern
will report to the Software Business Analyst Manager & Product Owner.
We are looking for a dedicated, proactive, and enthusiastic individual who is equally passionate about analyzing and defining new software functionalities as they are about documenting and formalizing them.
Responsibilities:
Participate in the construction and maintenance of the functional reference of Aizon's products.
Analyze and refine the requirements of new features.
Assist in the functional design of new features, bringing a technical eye and practical sense.
Composing the functional documentation of these new features.
Support the communication between Product Owners, UX designers, and SW developers.
Knowledge and Experience - Must Have:
At least a bachelor's degree in information technology and computer science.
Proficient in spoken and written English.
Basic programming skills and knowledge of programming frameworks.
Knowledge and Experience - Nice to Have:
UML knowledge.
Basic programming skills and knowledge of programming frameworks.
Experience with a relevant CASE tool (Visual Paradigm, Enterprise Architect, etc.).
What We Offer
\uD83D\uDCBC Unique opportunity to join our company as it scales with excellent market traction and huge potential to grow globally
\uD83D\uDCB0 Competitive salary (according to your experience/skills)
\uD83C\uDF93 Internal training and certifications plan
\uD83D\uDDC2️ Career plan
\uD83C\uDF89 Team-building activities
\uD83D\uDCBB Top-notch ""tech pack"" – We are Mac lovers!
\uD83D\uDE80 An open and collaborative work environment with a young and dynamic team and a very international culture
\uD83D\uDCA1 An opportunity for personal and professional growth, supported by stellar investors and the exciting challenges that come with joining a company at the start of its growth trajectory
Join our team and significantly impact our company's growth and success as we shake the pharmaceutical manufacturing industry. Apply now and be part of our journey to transform the way pharmaceutical companies operate.
We are dedicated to maintaining an inclusive workplace in which all employees are treated with respect and are able to contribute meaningfully to society. Our organization brings together professionals from diverse backgrounds, representing more than 28 nationalities, and we take pride in being an equal-opportunity employer.
Employment decisions are based exclusively on qualifications, merit, and business requirements. Applicants who require assistance or accommodation due to a disability may contact us at
jobs@aizon.ai
."
8,3a577d8e5f1dc4bf,"Data Engineer, Analytics",Rover.com,"Trabajo híbrido in Barcelona, Barcelona provincia",,Jornada completa,,https://es.indeed.com/viewjob?jk=3a577d8e5f1dc4bf,"Who we are:
Want to make an impact? Join our pack and come work (and play!) with us.
We believe everyone deserves the unconditional love of a pet—and at Rover, our mission is to make it easier to experience that love. Founded in 2011, the Rover app and website connect dog and cat parents with loving pet sitters and dog walkers in neighborhoods across the US, Canada, and Europe. We empower our community of trusted pet sitters and dog walkers to run their own pet care businesses on Rover with the tools and security of a global company to back them.
Headquartered in Seattle, Washington, we work closely with our teams in Barcelona, San Antonio, Spokane, and remote locations. We’ve got a reputation for being a great place to work, having been named among the 100 Best Companies to Work For in Seattle Business Magazine and Washington’s Best Workplaces in the Puget Sound Business Journal. We're an agile, fast-growing company, and our leadership comes from some of the world's most respected tech companies.
At Rover, our furry coworkers are just as important as our human ones—and we wouldn’t have it any other way. Along with making the joys of pet parenthood more accessible, we’re committed to fostering a diverse, inclusive, and welcoming community of pet people—and that starts with our employees.
This role provides relocation assistance to Barcelona. This role is permanent/full-time and hybrid - Mondays & Thursdays in our office in Poblenou in Barcelona.
Please submit CV in English
Analytics Engineering at Rover:
Data powers everything at Rover. Our team works closely with all parts of the organization to ensure that the data the business relies on is fresh, accurate, and reliable and that our reporting infrastructure meets the needs of everyone from analysts to the C-suite.
We own and maintain the data infrastructure and tooling used all throughout Rover. Our team is taking on a new Analytics Engineering function, aiming to empower Rover’s Analysts and Data Scientists by building high quality and easy to use datasets, and ensuring the wider business has high quality data integrated into where it’s needed. We’re looking for someone excited to partner closely with our stakeholders, dive deep into the data needs of our business, build highly impactful data products and pipelines to integrate them into third party tools!
Your Responsibilities:
Lead and contribute to cross team data projects to ensure our data pipelines are reliable, efficient, and testable
Work with internal stakeholders to ensure data products align with business goals, proactively surfacing areas of improvement
Identify areas of improvement throughout Rover’s data ecosystem to build out the Analytics Engineering portion of our roadmap
Deliver well-defined, tested, documented, and code-reviewed ETL/ELT pipelines and DBT models
Build and maintain self-service tools and data products that empower engineers, data scientists, and analysts to quickly get key business insights
Enable the effective usage of our platform by partnering with Product Engineering, Data Science, and Analytics
Investigate and solve data related bugs and technical issues efficiently within our Data Platform tooling and DBT models
Your Qualifications:
4+ years of Data/BI/Analytics/Software engineering, data science, or similar experience
Expertise in Python with a passion for writing high-quality code
Advanced SQL skills with experience writing/tuning/debugging queries against large datasets from multiple sources
Experience building, maintaining, and collecting requirements for high quality datasets that meet the needs of our stakeholders
Excellent communication skills and the ability to collaborate with technical and non-technical teams
Experience building ETL/ELT pipelines that are reliable, properly monitored, and easy to maintain
Familiarity with the majority of our tech stack: Python, DBT, Dagster, Redshift, Kubernetes, and Terraform
Bonus Skills:
Familiarity with data governance best practices, such as implementing and maintaining data policies, standards and procedures
Experience with Sagemaker, ML Flow, and/or other ML Ops related tooling
Benefits of Working for Rover:
Competitive compensation
Long-term incentive plan with a company performance-based cash payout
Permanent contract
Pension plan
Meal tickets through Cobee
Generous PTO allowance
Private health insurance
Discounted gym membership
Bring your dog to work (and unlimited puppy time)
Monetary help for adopting a dog or cat plus yearly credit to use on our platform
A wide variety of snacks, fresh fruit, and beverages in our kitchen to keep yourself going
Regular team activities, including happy hours, game nights, and more
Rover is an equal-opportunity employer committed to promoting a diverse, inclusive, and inventive environment with the best employees. We’re driven by seeing our people succeed and grow, and we work to ensure everyone contributes to their fullest potential. We consider all qualified applicants without regard to age, race, color, ancestry, national origin, religion, disability, protected veteran status, sex, gender identity or expression, sexual orientation, or any other protected status in accordance with applicable laws, regulations, and ordinances.
_"
9,4496d6a782288478,Senior Data Analyst,Appodeal,"Barcelona, Barcelona provincia",,,,https://es.indeed.com/viewjob?jk=4496d6a782288478,"Appodeal
is a dynamic US-based product company with a truly global presence.
We have offices in
Warsaw, Barcelona and Parkland (FL),
along with remote team members located around the world.
Our company thrives on diversity, collaboration, and innovation, making us a leader in the mobile app monetization space.
Why Appodeal?
At Appodeal, we're more than just a company—we're a team united by a common mission:
Help people discover and grow their talents through products that enable successful mobile app businesses!
We take pride in our cutting-edge product and our internationally dispersed team of talented professionals.
Here's what we value, and what we hope you do too:
Continuous Learning and Growth:
We are passionate about learning, growing personally, and building rewarding careers.
Making an Impact:
We are committed to building a history-defining company that leaves a lasting impact on the mobile app industry.
Solving Exciting Challenges:
We tackle complex problems every day, supported by a team of world-class professionals and mentors.
Enjoying the Journey:
We believe in having fun while working toward our goals.
We are looking for a talented and driven
Senior Data Analyst
to join our AdNetwork team. You will play a crucial role in optimizing our advertising operations and enhancing the overall performance of our ad campaigns. Your analytical skills, Python expertise, and proficiency in pandas will be instrumental in uncovering valuable data-driven insights that shape our advertising strategies.
Responsibilities:
Collaborate with the AdNetwork team to understand business requirements and objectives related to advertising campaigns.
Collect, clean, and analyze large datasets to identify trends, patterns, and opportunities for optimization.
Develop and maintain data pipelines to ensure smooth data extraction and transformation processes.
Create insightful and actionable reports and dashboards for key stakeholders to track advertising performance metrics.
Conduct in-depth analysis of campaign data to provide actionable recommendations for improving ad targeting, bidding strategies, and performance.
Identify and troubleshoot data quality issues to maintain the accuracy and reliability of the data.
Stay up-to-date with industry trends, best practices, and emerging technologies in data analysis and advertising.
Requirements:
Proven work experience as a
Data Analyst
or in a similar analytical role, 3+ years.
Experience with databases, knowledge of SQL and Python.
Solid understanding of data analysis techniques.
Excellent problem-solving skills and attention to detail.
A proactive and self-driven approach to work, with the ability to work independently and as part of a team.
Experience in the
advertising industry
or knowledge of ad network operations
Nice to have:
Management experience.
Join our innovative AdNetwork team and help shape the future of advertising through data-driven insights and impactful strategies. If you are excited about the possibilities of data analysis and love to work with Python and pandas, we encourage you to apply and be a part of our dynamic team.
With an outstanding product and a mission that excites and inspires, Appodeal offers a unique opportunity to make an impact while being part of an amazing team.
Join us
and help shape the future of mobile app success!"
10,588301838e968e55,Business Analyst Revenue Operations,Wallapop,"Trabajo híbrido in Barcelona, Barcelona provincia",,,,https://es.indeed.com/viewjob?jk=588301838e968e55,"Wallapop is a Barcelona based scale-up driven by the purpose to empower people to embrace a more conscious and human way of consumption. We believe in a world where collaborative economy is mainstream. This is what drives us.
Wallapop operates in Spain, Italy and Portugal, offering a catalogue of several hundreds of millions of products and services. Powered by technical innovation and continuous improvement, we bring together the scale & trust of classifieds with the marketplace's convenience & reach. Our mission is to enable a connected trade ecosystem, making 2nd-hand the norm through smart use of technology.
The Challenge
We are looking for a
Mid level Business Analyst
that supports Wallapop business units in achieving their goals by providing data-driven insights. Reporting to the Head of Revenue Operations and based in Barcelona, this role collaborates with Sales, Marketing, Data Analytics, Customer Service, and Finance to integrate data sources and deliver actionable recommendations that accelerate growth.
The role requires strong analytical and problem-solving skills, adaptability in navigating uncertainty, and a commitment to Wallapop's purpose of fostering a more conscious and human way of consumption.
What You Will Do
Conduct analysis to identify commercial pockets of opportunity and levers for driving subscriber and revenue acquisition.
Develop a deep understanding of subscriber retention drivers to help the account management team to keep churn under control.
Build your own dashboards and analytical solutions to enable recurrent business performance monitoring and insights sharing.
Support budgeting and goal setting processes with analysis and reporting to incentivize the right behaviors.
Partner with other data stakeholders to implement required data models and assure data availability & accuracy.
What We're Looking For
Solid experience as a Business Analyst with demonstrated problem-solving ability to provide practical business insights from large, complex data sets.
Spreadsheet expert (Excel or Google Sheets) with ability to write SQL queries to extract data needed for analysis.
Experience with at least one major business intelligence tool (e.g. Looker or Tableau).
Highly organized, and with excellent attention to detail.
Bachelor or Master's degree in a business or engineering related field.
Fluent in both Spanish and English.
Do note that all our jobs are Barcelona based. We follow a hybrid model where flexibility rules. We commit to a minimum of 6 days per month in the office. Each team self-organizes to decide on cadence and in-person/remote rituals.
Wallapop is an equal opportunity employer. We celebrate diversity and are committed to creating an inclusive environment for all employees as we want Wallapop to be a place for everyone.
Additionally to the opportunity to contribute to an agile product set up and work together towards achieving our meaningful mission, we offer the following
Perks & Benefits
:
Generous individual learning budget of 2k per year
Group and individual English, Catalan & Spanish lessons as part of our working day
Private Health Insurance with Alan
Flexible working hours + intensive Fridays
Flexible remuneration to deduct from gross salary (kindergarten/food/transport check)
Gym & Wellness plan, including physiotherapist in the office
Generous referral Program & Charity Donation
Bonus for weddings & newborns
Wallapop Renta (Tax income support)
Monthly product advantages (Wallapop Club)
Work anniversary Gifts and Birthday Surprises
Contribution towards your WIFI in your monthly payroll
One-off payment based on compensation package to go towards setting up your home office
Relocation package (monetary support and legal advice) and visa sponsorship, if applicable
26 holidays per year
TOP hardware of your choice (latest Apple or Windows)
What does
the hiring process
for this position look like?
**Please, note that all interviews take place remotely over hangouts.**
Intro Call
- run by talent acquisition, focus on providing more information about the role and the company as well as going over your experience, motivation, and expectations. This usually takes 45-60 minutes.
Case Study Submission
- you will be assigned a task to submit within 4 up to 6 days where you will be able to showcase your expertise / technical skills required for the role.
Expertise Interview
- run by the hiring team, focus on the required core skills and the ability to deliver in a given context. This usually takes 60-90 minutes.
Stakeholder Interview
- run by relevant stakeholders reflecting the reality of the context of the role, focus on the ability to collaborate & deliver in a cross-functional set-up. This usually takes 60 minutes.
Culture Interview
- run by culture interviewers, focus on adherence to Wallapop's purpose and business proposition. This usually takes 60 minutes.
Offer
- should you be the right candidate, your offer will be discussed over a call with talent acquisition and will then be confirmed in writing."
11,89ef7e9d17dc9cc3,Data Governance Expert for Data Analytics Tools,Fusion Consulting,"Barcelona, Barcelona provincia",,Jornada completa,,https://es.indeed.com/viewjob?jk=89ef7e9d17dc9cc3,
12,a90082a231e49905,"Business Analyst Intern, Barcelona",Mirakl,"Barcelona, Barcelona provincia",,Contrato en prácticas,,https://es.indeed.com/viewjob?jk=a90082a231e49905,
13,deaba371a923219d,IT Business Analyst ( Barcelona - English Mandatory),Sopra Steria,"08011 Barcelona, Barcelona provincia",,Jornada completa,,https://es.indeed.com/viewjob?jk=deaba371a923219d,"Company Description
Your career starts now…
We are renowned European world leader in consulting, digital services and software development with 56.000 employees in almost 30 countries and more than 4.000 employees in Spain.
We focus on people; their growth and their professional development is what makes us grow and improve constantly.
We are passionate about the digital world and just like you we are looking for the greatest adventures. We want your day to day to be your source of inspiration. We want you to learn, to have fun, to grow and most importantly to enjoy to the fullest.
If you want to be a part of a “
Great Place to work
” company ...just keep reading!
Job Description
As a Business Systems Analyst, you will serve as the vital link between our business objectives and the technical implementation of our business applications. Your role will involve driving the functional and technical design of our applications, specifying precise requirements, and analyzing defects. You will be responsible for adapting and designing components and processes to ensure our applications are highly reliable. Your business understanding, visibility on data coming from the applications and technical knowledge will put you in the unique position to make the competitive advantage on the market. Additionally, you will play a crucial role in providing innovative AI solutions and AI-driven processes, aligning with cutting-edge technology.
Key Responsibilities:
Collaborate with stakeholders to gather and document business requirements.
Translate business needs into functional and technical specifications.
Lead the design and architecture of business applications.
Analyze defects and work collaboratively to resolve issues.
Analyze applications data to come up with business improvement ideas
Adapt and design components and processes to enhance application reliability.
Implement AI solutions and AI-driven processes to meet business needs.
Facilitate communication between business units and technical teams.
Utilize project management methodologies, with a preference for SCRUM, to ensure timely delivery of projects.
Qualifications
Required Qualifications:
A minimum of 5 years of experience in computer science or IT-related fields.
Strong analytical, problem-solving, communication, and interpersonal skills.
Proficiency in system design and documentation.
Experience with MS Office, oneConfluence, JIRA, Database (MySQL), Office, and Diagrams Notations (UML, BPMN, ePC).
Knowledge of project management methodologies, with a preference for SCRUM.
Understanding of the insurance business.
Desirable Skills:
Experience with Postman and Webservices (JSON).
Familiarity with GitHub, APIs, Java, XSD, JSON.
Experience with Splunk, including query capabilities.
Knowledge of Dynatrace and AWS Console.
Understanding of Assistance value chain.
Additional Information
What do we have for you?
Full time permanent contract
23 days annual leave
Continuous training: technical and transversal skills and languages. We provide access to several certifications and accreditations and learning programs with our main technological partners, online platforms and more.
Life and accident insurance.
Flexible benefits program (health insurance, meal vouchers, childcare vouchers, mobility, and training)
“Privilige Club” access, where you will find deals for several brands.
Detailed and personalized onboarding. We’ll be with you in every step of the way so you can feel #soprano from the very beginning.
Recreational spaces in our offices because work and fun go hand in hand.
Companionship and great working environment because we know how important the power of togetherness is.
And most importantly you´ll have the opportunity to develop your professional career with us. Together we’ll create an individualized career development plan. We’ll establish goals and we’ll make sure we achieve them together. Your priorities will be ours.
Your voice will be heard! - Join us and be part of something bigger!
The world is how we shape it
Adquirimos el compromiso de respetar la diversidad, creando un ambiente de trabajo inclusivo y aplicando políticas que favorezcan la inclusión y promuevan el respeto social y cultural en cuestiones de género, edad, funcional, orientación sexual y religión con igualdad de oportunidades."
14,79a593cf3f137459,Senior Data Analyst (English Mandatory),Sopra Steria,"08011 Barcelona, Barcelona provincia",,Jornada completa,,https://es.indeed.com/viewjob?jk=79a593cf3f137459,"Company Description
Your career starts now…
We are renowned European world leader in consulting, digital services and software development with 56.000 employees in almost 30 countries and more than 4.000 employees in Spain.
We focus on people; their growth and their professional development is what makes us grow and improve constantly.
We are passionate about the digital world and just like you we are looking for the greatest adventures. We want your day to day to be your source of inspiration. We want you to learn, to have fun, to grow and most importantly to enjoy to the fullest.
If you want to be a part of a “
Great Place to work
” company ...just keep reading!
Job Description
As a Senior Data Analyst, you will be responsible for analyzing and implementing technical and functional requirements, working on improving the current software solution. You will be part of a mixed agile team composed of designers, developers and testers.
Responsibilities / Tasks
This role requires a combination of technical expertise, business acumen and strong communication skills to effectively bridge the gap between business stakeholders and technical teams.
Use of statistical techniques and data mining methodologies to identify patterns, trends and anomalies in data.
Collaborate with business stakeholders to understand their needs and requirements. Translate business requirements into technical specifications and data models to ensure effective data collection and analysis.
Contribute to database design, including data collection mechanisms, data warehousing and data integration strategies.
Work closely with IT teams to ensure that the infrastructure supports the required data analytics capabilities.
Create visually appealing and insightful reports and dashboards to communicate key findings and performance metrics, transactional and behavioural data analytics.
Present findings to business stakeholders in a clear and concise manner.
Qualifications
5+ years of IT experience. Hands-on experience in data analysis / business analysis / reporting.
Proficient in data analysis tools and techniques such as SQL, Python, R or similar programming languages.
Experience in ETL tools.
Experience with Power BI.
Experience with Azure data services (Azure Data Factory, Azure Databricks, Azure Synapse Analytics).
Strong proficiency in DBT (data builder tool) for data transformation.
Strong understanding of data modelling and database design principles.
SoftSkills:
Ability to communicate effectively with technical and non-technical stakeholders.
Problem solving and decision making skills.
Experience working in a global environment and with virtual teams.
Experience with effective communication at different levels of the organisation and in English.
Additional Information
What do we have for you?
Full time permanent contract
23 days annual leave
Continuous training: technical and transversal skills and languages. We provide access to several certifications and accreditations and learning programs with our main technological partners, online platforms and more.
Life and accident insurance.
Flexible benefits program (health insurance, meal vouchers, childcare vouchers, mobility, and training)
“Privilige Club” access, where you will find deals for several brands.
Detailed and personalized onboarding. We’ll be with you in every step of the way so you can feel #soprano from the very beginning.
Recreational spaces in our offices because work and fun go hand in hand.
Companionship and great working environment because we know how important the power of togetherness is.
And most importantly you´ll have the opportunity to develop your professional career with us. Together we’ll create an individualized career development plan. We’ll establish goals and we’ll make sure we achieve them together. Your priorities will be ours.
Your voice will be heard! - Join us and be part of something bigger!
The world is how we shape it
Adquirimos el compromiso de respetar la diversidad, creando un ambiente de trabajo inclusivo y aplicando políticas que favorezcan la inclusión y promuevan el respeto social y cultural en cuestiones de género, edad, funcional, orientación sexual y religión con igualdad de oportunidades."
15,1f3607849d3ad2d4,Data Analyst,Prenomics SL,"Trabajo híbrido in 08001 Barcelona, Barcelona provincia",,Contrato indefinido,,https://es.indeed.com/viewjob?jk=1f3607849d3ad2d4,"Tareas
Análisis del uso que hace el cliente de los datos y estratégia de negocio.
Detección de oportunidades de explotación de sus datos y de datos externos con alto impacto en su negocio.
Exploración y análisis de datos, identificación de variables relevantes para resolver retos concretos.
Estudio y modelización de la estructura global de datos del cliente.
Construcción de soluciones a problemas de negocio en base a datos de principio a fin (compresión de necesidad, integrción del dato, curación de datos, visualización con herramientas de business intelligence, construcción de algoritmos y modelos predictivos).
Comunicación de resultados e interacción directa con clientes.
Requisitos
Titulación: Grado en Matemáticas, Física, Ingeniería, Química. Máster en BI, Business Analytics, Data Science, o experiencia equivalente.
Herramientas: SQL, Python
Nivel de Español hablado y escrito nativo.
Sensibilidad de negocio y pensamiento estratégico.
Fuertes habilidades analíticas
Capacidad de comunicación y presentación de resultados analíticos
Beneficios
Participar en proyectos innovadores en el ámbito del Data Science (nuestra tecnología combina BI con soluciones de machine learning adaptadas a cada cliente y con las que él mismo interacciona).
Contacto directo con los clientes y acceso a problemas reales a los que se enfrentan las empresas, diseñando soluciones con un alto impacto.
Formar parte de una startup en crecimiento y colaborar a diario con un equipo de expertos en consultoría estrategia, data science y desarrollo de software en la nube.
Trabajar con tecnologías de última generación
Beneficios Prenomics
Horario de trabajo flexible e híbrido
Suministro ilimitado de bebidas con y sin cafeína
Horas semanales dedicadas a apreder y discutir nuevas tecnologías
Sistema de retribución flexible: tickets restaurante y transporte
Evaluaciones de desempeño, diseño de plan de carrera y revisiones salariales anuales
Actividades de teambuilding con todo el equipo"
16,3f05a49cc7108aeb,Data Analyst,MCEng España,"Teletrabajo in 08015 Barcelona, Barcelona provincia",,Jornada completa,,https://es.indeed.com/viewjob?jk=3f05a49cc7108aeb,"MCENG ESPAÑA es una empresa de consultoría especializada en Tecnologías de la Información, fundada a principios de los años 2000. Con tres sedes en Italia - Turín, Milán, Roma – y una en España: Barcelona, somos un socio estratégico con un alto contenido técnico.
Nuestro enfoque centrado en el ser humano, la competencia y la innovación tecnológica son los elementos a través de los cuales abordamos objetivos ambiciosos, conscientes de nuestra capacidad para alcanzarlos.
¿Deseas experimentar en un entorno dinámico y en crecimiento?
¡Únete a nosotros!
Puesto:
Data Analyst
Requisitos:
Bachillerato y/o grado técnico;
Experiencia previa en el desarrollo de soluciones de Reporting y Diseño de Dashboards;
Buen conocimiento de Python;
Buen conocimiento de R y SQL;
Buen manejo de herramientas como Microstrategy, Qlik y PowerBI;
Buen conocimiento de Excel o SPSS;
Conocimiento de herramientas y servicios relacionados con Big Data (Hadoop, Hive, Impala, Kafka, Spark, Kudu);
Background académico en el área matemática/estadística;
Buen nivel de inglés.
Otra información:
El perfil se complementa con una alta aptitud para el trabajo en equipo, habilidades de precisión, flexibilidad mental y capacidad proactiva en la gestión de problemas profesionales.
Ofrecemos integración en el equipo con una clasificación acorde a la experiencia profesional previa y una remuneración en línea con las habilidades reales del candidato.
Este anuncio está dirigido a ambos sexos, de acuerdo con la Ley Orgánica 3/2007, del 22 de marzo, para la igualdad efectiva de mujeres y hombres, y a personas de todas las edades y nacionalidades, en cumplimiento con la legislación española vigente sobre igualdad de oportunidades en el empleo.
El trabajo se realizará en modalidad de teletrabajo completo."
17,d1825536b86d14f1,Data Analyst Intern,Build38,"Trabajo híbrido in Barcelona, Barcelona provincia",,Contrato en prácticas,,https://es.indeed.com/viewjob?jk=d1825536b86d14f1,"January 29, 2026
Who we are.
At Build38, we are a global team of technology and business professionals committed to putting our customers first and addressing their needs with innovation and agility. With offices in Munich, Barcelona, and Singapore, we work tirelessly to create a world where personal and corporate assets are protected, staying ahead of potential attacks.
What we do.
Build38 is a cybersecurity tech company specializing in the protection of mobile apps. We enable organizations across various sectors – from car manufacturers to banks – to securely deliver their mobile app use cases. With millions of Android and iOS endpoints already protected by our SDK and backend analytics platform, we offer the most comprehensive mobile app security solution on the market.
The Opportunity
As a Data Analyst Intern, you’ll play a vital role within our SCRUM team, supporting with your insights and skills to create inventive solutions. Your responsibilities will include attending and supporting meetings to grasp project requirements and objectives, collaborating and supporting closely with developers, and supporting the leveraging a range of software tools to analyze, test, and deploy software components.
Who are you?
We’re looking for students currently studying a Master in Data Analyst, preferably in the last stages of the course.
Understanding of basic concepts of data analysis and statistics.
Knowledge of the use of data analysis related tools and technologies such as SQL, Excel, Python, R, Tableau, Power BI, etc.
Ability to manipulate and analyze data sets.
Knowledge of data mining and machine learning techniques.
Familiarity with basic cybersecurity concepts and terminology.
Interest in learning about cybersecurity threats, vulnerabilities, attack and defense techniques, etc.
Ability to work in a team environment and collaborate with professionals from different areas, such as cybersecurity engineers, intelligence analysts, etc.
Fluency in English is required. Proficiency in Mandarin is a plus.
Possibility to sign an agreement with your university or school
Practically Speaking, what’s in it for you:
Paid hourly and flexible working hours (25h/week)
Optimized onboarding for a smooth start
Supportive and enthusiastic team
International exposure with offices across three continents
Opportunities for growth and exploration in a greenfield environment
Attractive performance-based remuneration model
Hybrid working model and flexibility
Vibrant office spaces in Barcelona with regular team events
Tell us what excites you about mobile app security and your passion and plans.
We want to get to know YOU and know who YOU are."
18,3fb5ce6e1489e3c9,Data Analyst,Proton,"Barcelona, Barcelona provincia",,,,https://es.indeed.com/viewjob?jk=3fb5ce6e1489e3c9,"Join Proton and build a better internet where privacy is the default
At Proton, we believe that privacy is a fundamental human right and the cornerstone of democracy. Since our inception in 2014, founded by a team of scientists from CERN, we have dedicated ourselves to providing free and open-source technology to millions worldwide, ensuring access to privacy, security, and freedom online.
Our journey began with Proton Mail, the largest secure email service globally, and has since expanded to include Proton VPN, Proton Calendar, Proton Drive, and Proton Pass. These tools empower individuals and organizations to take control of their personal data, break away from Big Tech's invasive practices, and defeat censorship. Our work impacts hundreds of millions of lives, from activists on the front lines defending freedom to leaders in governments protecting sensitive information. In some cases, Proton's services have even been instrumental in saving lives by enabling secure and private communications in high-risk situations.
Proton is a profitable company that does not rely upon VC funding, supporting over 100 million user accounts with a growing team of over 500 people from over 50 different countries, from the world's top companies and universities. We value intelligence, learning potential, and ambition in our hiring process. Adaptability is key as we navigate uncharted territories and redefine how business is conducted online.
Hiring at Proton is highly selective, with less than 1% of candidates hired. We believe smaller teams of exceptional talent will always prevail over larger teams with lower talent density. You will have the opportunity to work with many of the world's top minds in their fields, ranging from former international math and science olympiad winners to chess champions.
We have a global mindset and big ambitions but remain a start-up at heart. We value empowerment and flexibility and keep our structure flat to keep moving fast and avoid unnecessary politics. Tired of blending into the crowd? Join us and do work you can truly be proud of. Check our
open-source
projects
here
!
Purpose of the role
We are looking for a talented data analyst to help us support data-driven decision-making across the company. You will be embedded within a business unit (Mail, VPN, Drive, Growth, etc) and will play a key role in understanding our customers, guiding the team in their decision-making, and driving the implementation of new features and growth initiatives. As part of the data team, you will also collaborate with data science and data engineering in improving our data platform.
What you will do
Lead colleagues to the right decision by using data
Assemble, clean, and manage large, complex datasets from different data sources
Apply tools and techniques for data analysis and visualization
Represent and summarize data and findings in the most appropriate format
Research new use cases for already existing data, and provide feedback on new data sources to be incorporated
Share findings and best practices for your business unit with analysts in other business units
Job requirements
Bachelor's degree or higher in a quantitive (statistics, mathematics, physics, engineering, computer science, etc) or financial discipline.
Strong analytical skills
Experience in business intelligence, product analytics, marketing KPIs, or web analytics
at least 5 years of relevant working experience in the field
Advanced knowledge of SQL
Strong data visualization skills
Bonus points for:
Good knowledge of Python
Git knowledge
Open-minded, ready to test and implement new ideas
What We Offer
Office First:
Collaboration is easier and more effective in person, which is why we have offices in Geneva, Zurich, Prague, Barcelona, Paris, London, Vilnius, Skopje, and Taipei. You can also enjoy working from home up to 30% of the time, while enjoying great company during our three core days in the office.
Technology:
We provide all the devices and software you need to excel in your role, ensuring you have the best tools at your disposal to achieve your goals.
Food:
Lunch and snacks are provided by Proton every day at our offices.
Transport:
We will always support our employees with transport costs through subsidizing public transport, bike allowances, or parking spaces based on your office location.
Stock Options:
At Proton, we are all owners of the company and you get stock options when you join us.
Flexible Working:
You can define your own working hours as long as it works with team meetings.
Learning and Development:
We are committed to your professional growth. Proton offers various learning opportunities, including training programs, conferences and events, and continual learning.
Employee Benefits:
Comprehensive health insurance plans, competitive retirement savings options, generous vacation and leave policies, and wellness programs.
Work that Matters:
Proton is a community-first organization, started with the support of a crowdfunding campaign and built with community input. To this day, Proton's only source of revenue is user subscriptions. Over 100 million people trust and support Proton, and we put our users and community first in everything we do. Read more about our impact here.
Our Commitment to Diversity and Inclusion
At Proton, we believe diversity drives innovation and strengthens our mission to provide privacy as a default for all. We are committed to fostering an inclusive environment where all individuals, regardless of race, ethnicity, gender, age, sexual orientation, physical ability, or socio-economic background, feel valued and empowered. We strive to create equal opportunities, promote open dialogue, and support continuous learning to ensure every voice is heard and respected.
If you need any extra support or reasonable adjustments during the hiring process, please let your talent partner know.
Candidate Privacy Notice
When you apply for a position, refer a candidate, or are considered for a role at Proton Technologies AG (Proton, we, us, or our), your information is stored in Greenhouse, in accordance with their Service Privacy Policy. This information is used to evaluate your suitability for the posted position. We also retain this information for consideration for future roles that you may apply for or that we believe may align with your background and skills.
If we no longer have a legitimate business need to process your information, we will either delete or anonymize it. Should you have any inquiries about how we use or manage your information, or if you wish to access, correct, or delete your data, please contact our privacy team at careers@proton.ch.
Proton does not accept unsolicited resumes from any sources other than directly from candidates. We will not pay a fee for any placement resulting from an unsolicited offer, even if the candidate is subsequently hired by Proton.
To learn more about our privacy policy, please visit
our privacy policy page
.
#LI-ONSITE"
19,475af0816afd1e8d,Data Analyst Jr,DDB Spain,"Barcelona, Barcelona provincia",,,,https://es.indeed.com/viewjob?jk=475af0816afd1e8d,"Perfil
Si te apasionan los datos, quieres aprender en un entorno creativo y buscas dar tus primeros pasos en el mundo de la analítica aplicada al marketing y la automoción, este es tu sitio.
En DDB Barcelona buscamos un/a Data Analyst Junior con ganas de aprender, crecer y desarrollarse en un entorno dinámico y creativo. Te incorporarás a una agencia de publicidad con un cliente líder del sector automoción, trabajando codo con codo con equipos de estrategia, marketing digital y tecnología, y participando en proyectos reales con impacto directo en negocio.
Tu misión será dar soporte al análisis y la interpretación de datos digitales, ayudando a transformar la información en insights accionables que impulsen la toma de decisiones estratégicas del cliente.

Responsabilidades
Análisis de datos de performance de la web, campañas digitales...etc.
Elaboración de informes y dashboards de seguimiento de KPIs.
Apoyo en la interpretación de resultados y detección de insights accionables.
Colaboración con equipos de cuentas, estrategia y tecnología para responder a necesidades analíticas del cliente.
Soporte en la automatización de reportes y procesos de análisis.
Aprendizaje progresivo de herramientas avanzadas de analítica y BI.
Requisitos
Conocimientos de Excel y Power Point
Familiaridad con herramientas de analítica digital (Google Analytics, Adobe Analytics).
Capacidad analítica, atención al detalle y mentalidad orientada a negocio.
Ganas de aprender, actitud proactiva y curiosidad por los datos.
Interés por el sector automoción y el entorno digital.
Se valorará positivamente

Formación en Business Intelligence y/o Marketing Digital.
Experiencia académica o prácticas en análisis de datos, marketing digital o consultoría.
Buenas habilidades de comunicación para explicar datos de forma clara y sencilla a cliente
Todas las candidaturas serán consideradas para el empleo, independientemente de su raza, orientación sexual o edad."
20,6208ff914489c529,Product Data Analyst,Benjamin,"Barcelona, Barcelona provincia",,,,https://es.indeed.com/viewjob?jk=6208ff914489c529,"Join one of the fastest growing rewards/fintech startups in the world - Benjamin! Backed by Play Ventures and F4 Fund, we're all about making everyday actions rewarding. We're looking for an experienced
Product Data Analyst
to help us take things to the next level.
At Benjamin, we give users real cash rewards—what we call Money Moments—for things they're already doing. From playing games and watching ads to everyday card purchases with cash back, we're all about putting money back in people's pockets.
What you'll do:
Partner with Product, Systems, and LiveOps teams to deliver clear, actionable insights that influence decision-making
Build and maintain dashboards to track performance across product, growth, and monetization
Analyze experiments, cohorts, funnels, retention curves, and segments to uncover opportunities and risks
Define and improve tracking schemas, events, and parameters in collaboration with Engineering
Proactively surface insights, anomalies, and trends — not just respond to ad-hoc requests
Help improve data quality, reliability, and usability across the organization
What we're looking for:
Experience working with product and growth data in fast-moving environments
Strong understanding of retention, LTV, funnels, and experimentation frameworks
Hands-on expertise with SQL and modern analytics tools
Ability to work pragmatically with imperfect data and evolving processes
Clear communicator who prioritizes decision-making over over-engineered models
Comfortable operating independently and owning analysis end-to-end
Ideal candidate has:
A product-minded approach to analytics, not just reporting
Experience supporting live products with real revenue impact
A bias toward action, curiosity, and continuous improvement
Why Join Us?
Competitive pay
: We offer great salaries and bonuses.
Thriving in Hyper-Growth:
Immerse yourself in the dynamic environment of a hyper-growth startup, where you'll encounter daily challenges and avenues for professional advancement.
Cutting-Edge Collaboration:
Engage with innovative technology and join a fast-paced team known for its forward-thinking approach and commitment to innovation.
Positive Workplace Culture:
Experience a professional yet enjoyable atmosphere, where hard work is valued alongside a sense of humor and camaraderie, fostering a fulfilling work environment.
About Benjamin
Benjamin is reshaping the future of cash rewards with a simple idea: everyday actions should earn you cash. Whether you're making a purchase, playing a mobile game, or watching an ad, you get rewarded with Benjamin Money Moments. It's that simple.
We are an equal opportunity employer and value diversity at our company. We do not discriminate on the basis of race, religion, color, national origin, gender, sexual orientation, age, marital status, veteran status, or disability status."
21,73709ef1d59351e3,Analyst,Alira Health,"Barcelona, Barcelona provincia",,Jornada completa,,https://es.indeed.com/viewjob?jk=73709ef1d59351e3,"Join our global team dedicated to innovation and initiative, where physical walls and different time zones don’t limit, but encourage, collaboration. Where all contributions and new ideas are explored with an open mind and work is driven by our shared values: be courageous, be accountable, be honest, be inclusive and elevate others.
Job Description
ROLE
Analyst will work on client projects as part of a team. You will play a key role in gathering and analyzing data, transforming data into relevant insights, supporting stakeholders’ interviews, and contributing to the team’s recommendations.
KEY RESPONSABILITIES
Project Execution (100%)
Identify issues and help form hypotheses and solutions to address client questions.
Prepare documentation for evaluation (analysis, literature review, critical reading, analysis of clinical studies, development of dossiers...).
Develop knowledge about the environment and stakeholders involved in the overall framework of global health systems.
Take part in the organization and conduct of internal meetings, trainings and external meetings (events, advisory boards).
DESIRED QUALIFICATION & EXPERIENCE
Graduate with an excellent academic record in Business Economics, finance or life sciences (Medicine, Pharmacy, Nursing, Biomedical Engineering).
Previous experience in the Life Sciences Companies, Health Care industry or Consulting can be a plus.
Specialized Master in Business, Life Sciences and/ or HealthCare may be a plus.
Availability for occasional international travel (EU).
TECHNICAL COMPETENCES & SOFT SKILLS
Strong analytical skills.
Basic skills in Microsoft Office Suite (PowerPoint, Excel, and Word).
High attention to details.
Adaptability and an ability to learn quickly and apply new knowledge.
Ability to work with teams based in different countries.
Excellent business English, both written and verbal. Additional language is considered a plus.
Excellent interpersonal, written communication, time management and organizational skills.
Contract Type
Intern (Fixed Term) (Trainee)"
22,789abcdef0123456,,,,,,,https://es.indeed.com/viewjob?jk=789abcdef0123456,
23,ff6cb25c43468584,Senior Data Analyst,BidMachine,"Barcelona, Barcelona provincia",,,,https://es.indeed.com/viewjob?jk=ff6cb25c43468584,"BidMachine Exchange – a fast-growing global programmatic exchange built for the future of in-app advertising.
As part of the Appodeal ecosystem, BidMachine operates with a strong US foundation and an international presence, with teams across Warsaw, Barcelona, Parkland (FL), and remote experts around the world.
We combine deep AdTech expertise, proprietary technology, and a data-driven mindset to deliver transparency, performance, and efficiency in the mobile advertising ecosystem.

Why BidMachine?
At BidMachine, we are building more than an exchange — we are shaping the infrastructure that powers fair, efficient, and scalable in-app programmatic advertising.
Our mission is to create a high-performance marketplace where publishers maximize value and advertisers access premium inventory with full transparency and control.
We are proud of our technology, our ambitious vision, and our globally distributed team of talented professionals who continuously raise the bar in AdTech.
Here's what we value, and what we hope you do too:
Ownership & Accountability
We move fast, take responsibility, and think like builders. Every team member has a direct impact on product growth and market success.
Data-Informed Excellence
We leverage data to make smarter decisions, optimize performance, and build scalable solutions that deliver measurable results.
Innovation & Technical Depth
We solve complex programmatic challenges with cutting-edge technology and a deep understanding of the ecosystem.
Global Collaboration
We work across cultures, time zones, and disciplines — united by shared goals and high standards.
Ambition & Impact
We are here to build something significant — a best-in-class exchange that competes with the strongest players in the market.
As a Senior Data Analyst, you will play a key role in analyzing advertising data and developing insights to optimize our platform's performance.
You will work closely with the Data Analyst Team Lead to implement data strategies and mentor junior team members.
Responsibilities:
Independently identify and execute high-impact data analysis projects.
Mentor junior analysts and provide technical guidance on projects.
Design and implement A/B tests for marketing, app monetization, and product features.
Create and maintain dashboards for monitoring key advertising metrics.
Develop automated reporting solutions and data pipelines.
Collaborate with cross-functional teams to identify and solve business challenges.
Support data infrastructure improvements and maintenance.
Lead A/B testing (marketing, app monetization, product testing).


Requirements:
4+ years of experience in data analysis, preferably in Ad tech.
Strong proficiency in Python, SQL, and data visualization tools.
Experience in A/B testing and statistical analysis.
Strong problem-solving and analytical skills.
Excellent communication skills and ability to present findings to stakeholders.
Demonstrated ability to work independently and make data-driven decisions.
Bachelor's degree in Computer Science, Data Science, Statistics, or related field.


Nice to have:
Experience with cloud platforms (AWS) and data tools (Databricks, Grafana, Elasticsearch, Kibana).
Solid understanding of ad tech metrics and OpenRTB protocol.
With a powerful product, strong market positioning, and a team that strives for excellence, BidMachine offers a unique opportunity to grow, innovate, and make a tangible impact in the programmatic advertising space.
Build the future of mobile AdTech with us!"
24,ae5d560ff2a96373,Marketing Data Analyst (Digital & CRM),AI&Soul Agency,"Trabajo híbrido in 08006 Barcelona, Barcelona provincia",,Jornada completa,,https://es.indeed.com/viewjob?jk=ae5d560ff2a96373,"Buscamos un/a
Analista de Datos con mínimo 3 años de experiencia demostrable
para incorporarse a nuestra agencia de marketing online y apoyar al equipo en el análisis del rendimiento de campañas digitales, analítica web y CRM.
El rol es clave para conectar datos de marketing y ventas, mejorar la medición del funnel y generar insights accionables para clientes y equipos internos. La persona seleccionada trabajará de forma transversal con los equipos de Paid Media, SEO y CRM, contribuyendo a mejorar resultados mediante insights basados en datos.
Se requiere un nivel alto de inglés y español. El conocimiento de los mercados asiáticos será considerado un plus en el proceso de selección.
Responsabilidades
Analizar datos de campañas digitales (Google Ads, Meta Ads, etc.).
Monitorizar y reportar
KPIs clave
.
Conectar y analizar datos de
marketing y CRM
para entender el rendimiento end-to-end del funnel.
Trabajar con datos de
Salesforce y Hubspot
(leads, oportunidades, pipeline, conversiones).
Trabajar de forma habitual con
Google Analytics 4,
Google Tag Manager
y otras herramientas de medición.
Trabajar en la implementación y validación de tracking (eventos, conversiones, etiquetas).
Crear dashboards y reportes periódicos para clientes y equipos internos.
Detectar oportunidades de optimización y alertar sobre anomalías en los datos.
Colaborar con distintos equipos (Paid Media, SEO, CRO, CRM y ventas) y participar en reuniones de seguimiento con clientes.
Requisitos
Experiencia demostrable de al menos 3 años
en análisis de datos o marketing digital.
Formación en
Marketing, Data, Estadística, Economía, Ingeniería o similar
.
Dominio de
Excel / Google Sheets
.
Experiencia demostrable en implementaciones avanzadas de
GA4
y
GTM
y en la configuración de
modelos de atribución
.
Conocimiento sólido de
tracking y medición de ecommerce
, incluyendo eventos, conversiones, funnels y revenue por producto/divisa.
Experiencia en
análisis de datos multi-domain y multi-country
, con capacidad para consolidar información de distintas fuentes.
Conocimientos de
herramientas de etiquetado y tracking avanzado
: configuración de Data Layers, eventos personalizados y cross-domain tracking.
Habilidad para
interpretar KPIs y métricas de marketing digital
, identificando oportunidades de optimización en campañas y embudos de conversión
Conocimientos avanzados de herramientas de
CRM
(Salesforce, Hubspot o similares).
Experiencia básica con
SQL
(consultas sencillas).
Manejo de herramientas de visualización (Looker Studio, Power BI, Tableau).
Buenas habilidades de comunicación para explicar datos de forma clara a perfiles no técnicos.
Capacidad analítica, atención al detalle y mentalidad orientada a resultados.
Nivel alto de inglés y español.
Valorable
Experiencia previa en agencias de marketing digital.
Conocimientos en
Google Ads, Meta Ads
u otras plataformas paid.
Experiencia en mercados asiáticos.
Nivel intermedio de italiano
Ofrecemos
Formación continua en
marketing digital y data analytics
.
Participación en proyectos reales con clientes de distintos sectores.
Entorno dinámico, colaborativo y orientado al aprendizaje.
Plan de crecimiento profesional dentro de la agencia.
Modalidad híbrida o remota (según condiciones).
Ubicación del trabajo: Teletrabajo híbrido en 08006 Barcelona, Barcelona provincia"
25,d241f9555bb3fe0c,Business Intelligence Analyst,Silgan Dispensing,"Barcelona, Barcelona provincia",,Jornada completa,,https://es.indeed.com/viewjob?jk=d241f9555bb3fe0c,"We are seeking a highly skilled and analytical Business Intelligence (BI) Analyst with expertise in Amazon Web Services (AWS) Data Lake and Redshift environments. The BI Analyst will be responsible for designing, developing, and maintaining BI solutions to support data-driven decision-making. The ideal candidate will have experience in data modeling, ETL processes, dashboard development, and performance optimization.
Key Responsibilities:
Design, develop, and maintain
BI dashboards and reports
to visualize business insights.
Work with large datasets in
AWS Data Lake, Redshift, and other AWS data services
.
Optimize
ETL processes
using AWS Glue, Lambda, and Step Functions.
Develop and maintain
SQL queries
for data extraction, transformation, and analysis.
Ensure data integrity, consistency, and security within AWS environments.
Collaborate with business stakeholders to understand requirements and translate them into BI solutions.
Monitor and optimize Redshift clusters for performance and cost efficiency.
Implement
data governance best practices
to ensure compliance with industry standards.
Provide training and support to business users on BI tools and dashboards.
Required Qualifications:
Bachelor’s degree
in Computer Science, Data Analytics, Information Systems, or a related field.
3+ years of experience
in business intelligence, data analysis, or a related field.
Proficiency in
SQL, Python, or other scripting languages
for data manipulation.
Hands-on experience with
AWS Redshift, AWS Data Lake, Glue, Athena, and related AWS services
.
Strong experience in data visualization tools such as
Tableau, Power BI, or QuickSight
.
Knowledge of
ETL tools and processes
within AWS environments.
Experience in
performance tuning and optimization
for AWS Redshift and large-scale data warehouses.
Strong analytical and problem-solving skills with attention to detail.
Excellent communication and interpersonal skills.
Preferred Qualifications:
AWS certifications (e.g.,
AWS Certified Data Analytics – Specialty, AWS Solutions Architect
).
Experience with
data lake architecture and data cataloging tools
.
Familiarity with
machine learning or predictive analytics
within AWS.
Experience with version control and CI/CD practices for data pipelines.
LIMITATIONS AND DISCLAIMER
The above job description is meant to describe the general nature and level of work being performed; it is not intended to be construed as an exhaustive list of all responsibilities, duties and skills required for the position.
All job requirements are subject to possible modification to reasonably accommodate individuals with disabilities. Some requirements may exclude individuals who pose a direct threat or significant risk to the health and safety of themselves or other employees.
This job description in no way states or implies that these are the only duties to be performed by the employee occupying this position. Employees will be required to follow any other job-related instructions and to perform other job-related duties requested by their supervisor in compliance with Federal and State Laws.
Requirements are representative of minimum levels of knowledge, skills and/or abilities. To perform this job successfully, the employee must possess the abilities or aptitudes to perform each duty proficiently. Continued employment remains on an “at-will” basis.
Silgan is an Equal Opportunity Employer. We consider applicants for all positions without regard to race, color, religion, sex, national origin, age, marital status, or the presence of a disability, which would not prevent the performance of essential job duties with, or without reasonable accommodation of any other protective status.
Silgan is a drug-free workplace."
26,b6f1626b2c6e7a3e,Senior Data Analyst,Smadex SLU,"08009 Barcelona, Barcelona provincia",,Jornada completa,,https://es.indeed.com/viewjob?jk=b6f1626b2c6e7a3e,
27,5de868a449bf6bb6,Data Analyst,Vestacy,"08403 Granollers, Barcelona provincia",,Jornada completa +1,,https://es.indeed.com/viewjob?jk=5de868a449bf6bb6,
28,ee071c6c0b5e83cd,Bilingual Business Analyst,TechBiz Global GmbH,"Teletrabajo in Barcelona, Barcelona provincia",,Jornada completa,,https://es.indeed.com/viewjob?jk=ee071c6c0b5e83cd,"At TechBiz Global, we are providing recruitment service to our TOP clients from our portfolio. We are currently seeking a bilingual Business Analyst to join one of our clients' teams. If you're looking for an exciting opportunity to grow in an innovative environment, this could be the perfect fit for you.

Location: Remote (must be available during Eastern Time business hours)
Industry: Insurance / Insurtech
Type: Full-Time
Language Requirements: Bilingual – English & Spanish
Responsibilities
Collaborate with clients and tech teams to analyze business problems and propose solutions
Plan and design simple to moderately complex business processes and system modifications
Gather, analyze, and document business requirements
Create test case scenarios and support business application testing
Draft user stories and business requirements documentation
Support QA, UAT, and release phases of projects
Contribute to time estimations and procedural documentation
Aid in understanding technical aspects of mobile/web apps
Mentor other analysts and oversee their work as needed

Degree in Business, IT, or a related field
Experience in the insurance industry is required (health insurance or Insurtech preferred)
Certification in health insurance (INS/LOMA/III) is a plus
Strong knowledge of Agile methodologies and tools (Scrum, epics, sprints)
Solid business analysis skills: facilitation, process mapping, UAT, requirements gathering
Excellent time management and communication skills
Familiarity with system functionality, data integration, and process documentation
Technical writing experience is a bonus
Fluent in both English and Spanish
Prior experience working for a tech vendor serving insurance clients is highly preferred"
29,feb7da58e39a229e,Data Analyst (Senior),Strategic Platform,"Trabajo híbrido in 08003 Barcelona, Barcelona provincia",,,,https://es.indeed.com/viewjob?jk=feb7da58e39a229e,"¿Te interesa desarrollar tu perfil en un entorno de consultoría estratégica y alta innovación tecnológica? ¿Buscas un reto donde tus habilidades técnicas transformen datos en decisiones clave de negocio? ¡Impulsa tu carrera desde nuestros HQ en Barcelona!
En
Strategic Platform
unimos estrategia y tecnología para crear productos y servicios que impulsan el crecimiento de las organizaciones. Aplicamos conocimiento y método para acelerar la adopción tecnológica y generar impacto real en negocio encontrando nuevos territorios de oportunidad. Aseguramos el resultado de nuestros clientes.
Actualmente, nos encontramos en búsqueda de un/a
Senior Data Analyst / Data Engineer
para unirse a nuestro equipo en
Barcelona
y liderar técnicamente uno de nuestros proyectos clave.
Buscamos un perfil híbrido y altamente resolutivo, con sólida experiencia en
análisis y procesamiento de datos
, capaz de moverse con agilidad entre la ingeniería de datos y el análisis de negocio. Te integrarás en el proyecto para diseñar, implementar y mantener pipelines de datos confiables y escalables, apoyando directamente la toma de decisiones mediante análisis cuantitativos de alto nivel.
Como Senior Data Analyst / Data Engineer, tus funciones se enfocarán en:
Ingeniería y Arquitectura de Datos:
Diseñar, construir y mantener
ETLs
robustos para la ingesta y transformación de datos desde múltiples fuentes.
Modernización y Orquestación:
Orquestar y monitorear pipelines de datos utilizando
Apache Airflow
y gestionar el despliegue de soluciones en entornos
Cloud (AWS y Azure)
y contenedores (
Docker
).
Calidad y Modelado:
Desarrollar y optimizar consultas complejas en
SQL (SQL Server)
, asegurando un modelado relacional eficiente y el mantenimiento de stored procedures y vistas.
Análisis de Negocio:
Realizar análisis exploratorio y avanzado (EDA) utilizando
Python (pandas, numpy)
para identificar patrones, tendencias y oportunidades de mejora real para el negocio.
Colaboración Transversal:
Actuar como puente entre los equipos de tecnología, producto y negocio, traduciendo requerimientos funcionales en soluciones de datos técnicas y documentando flujos operativos.
Trabajarás de forma transversal
con equipos internos multidisciplinarios, coordinando líneas de trabajo y asegurando la calidad técnica de las entregas.
¿Qué buscamos en ti?
Formación:
Ingeniería (Informática, Sistemas, Telecomunicaciones), Matemáticas, Estadística o carreras afines con fuerte base computacional.
Experiencia:
Mínimo entre
5 a 7 años
en roles de datos, combinando experiencia en consultoría tecnológica o entornos corporativos complejos.
Stack Tecnológico Indispensable:
Dominio avanzado de
SQL (SQL Server)
.
Programación sólida en
Python
para análisis y automatización.
Experiencia en orquestación con
Airflow
.
Manejo de entornos
Cloud (AWS y Azure)
,
Docker
y control de versiones con
Git
.
Valorable (Nice to have):
Experiencia en visualización de datos con
Power BI
Ganas de aprender y superarte
: Estamos buscando una persona con visión estratégica, actitud proactiva y muchas ganas de crecer.
¿Qué te ofrecemos?
️
Horario flexible
, jornada intensiva los viernes y verano
& Modelo de trabajo
híbrido
Oficina en el centro de Barcelona
24
días de
vacaciones + 2 que te regalamos
. ️
Oportunidad de crecimiento y desarrollo profesional.
Proyectos transformadores:
Trabaja con clientes líderes y aporta soluciones que generen un impacto real.
Paquete salarial competitivo
acorde a tu experiencia.
¿Te interesa el desafío? Únete a nuestro equipo en Barcelona y lleva tu carrera al siguiente nivel."
30,e2623ca10983bac9,Associate - Business Analyst,Shipco IT,"Barcelona, Barcelona provincia",,Jornada completa,,https://es.indeed.com/viewjob?jk=e2623ca10983bac9,"Description
Are you a detail-oriented Business Analyst who loves turning business needs into smart, actionable solutions? Do you thrive on collaborating with cross functional teams, translating complex requirements into clear functional specifications, and seeing your ideas come to life in real-world systems?
Join Shipco IT as an Associate – Business Analyst
We are seeking a skilled and detail-oriented Business Analyst to act as a vital bridge between business goals and technology solutions. In this role, you will analyze and refine business processes, identify opportunities for improvement, and help translate business needs into clear, actionable system requirements.
You’ll collaborate closely with cross-functional teams and stakeholders to ensure solutions are well-designed, practical, and deliver real business value. If you excel at problem-solving, communication, and driving successful outcomes in a dynamic environment, this position offers the opportunity to make a meaningful impact.
What You'll Do…
Elicit, Analyze, and Document Requirements:
Collaborate with business and IT
stakeholders to gather, analyze, and prioritize business requirements and feedback. Translate these into clear use cases, user stories, functional specifications, and business requirement documents (BRDs).
Solution Design & Implementation Support:
Work closely with technical and
business teams to design, document, and implement system solutions that align with business needs. Prepare requirement scope documents, mockups, and coordinate approvals during the solution design process.
Process Analysis & Optimization:
Evaluate and document existing business
processes, develop process models and workflows, and recommend innovative and
practical improvements to enhance operational efficiency and effectiveness.
Risk Assessment & Prioritization:
Assess risks and impacts associated with
proposed solutions and designs, and effectively prioritize competing business
demands to ensure project success.
Cross-Functional Collaboration:
Partner with cross-functional teams throughout
the specification, testing, and implementation phases to ensure seamless
communication and delivery.
BRD Oversight & Query Resolution:
Follow up on technical BRD preparation by IT
teams, ensuring timely reviews and approvals while resolving any functional queries that arise.
Testing, Validation & UAT Coordination:
Support solution validation by delivering
requirement walkthroughs, assisting in system testing and User Acceptance Testing
(UAT), and coordinating signoffs from business users to confirm solution readiness.
Ensure Quality Standards:
Validate that developed solutions meet defined
business and technical requirements, maintaining alignment with established quality standards.
Documentation & Continuous Improvement:
Maintain comprehensive business
process and system documentation, including flowcharts, data models, and business rules. Stay current with industry best practices, tools, and methodologies to continuously improve analysis quality and project delivery.
What You’ll Need…
Bachelor’s degree (or higher) in Computer Science, Engineering, Business
Administration, or a related field with equivalent experience considered.
Minimum of 5 years as a Business Analyst with prior exposure to IT projects;
experience in Shipping, Logistics, or Supply Chain is highly desirable.
Hands-on experience in requirement gathering, functional documentation,
stakeholder communication, and testing coordination, with the ability to translate
business needs into actionable specifications.
Strong analytical skills with the ability to interpret complex data and generate
actionable insights; keen attention to detail in identifying and implementing improved
workflows and solutions.
Proficiency in tools and techniques such as UML, BPMN, use cases, Microsoft Visio,
JIRA, Confluence, and SQL; experience with data visualization (Power BI/Tableau)
and API testing (SoapUI/Postman) is a plus.
Familiarity with Agile and Waterfall project management methodologies; Scrum
Certification is an advantage.
Excellent written and verbal communication skills, capable of engaging effectively
with technical and non-technical stakeholders, business teams, and external
partners.
Strong documentation and formatting skills in English, with the ability to produce
clear and well-structured requirement materials.
Proven ability to work independently as well as collaboratively, maintaining
professionalism and a positive attitude under pressure.
Experience working closely with senior business analysts, product owners, or other
key stakeholders for guidance, alignment, and best practice implementation.
Here’s What We Offer …
At Shipco-IT, we pride ourselves on our vibrant and supportive culture.
Exciting Work Culture
: Join our friendly, supportive team and start making a difference from day one
Innovate Logistics
: Help improve global efficiency and shape the future of logistics
Collaborative Environment
: Work with leaders in the industry in a creative and open culture
Growth Opportunities:
Reach your full potential with abundant professional and personal development options
Competitive Compensation:
Earn a salary that reflects your skills and expertise
Awards and Recognition:
For outstanding performance or significant contributions to the company's success
Join Shipco-IT and be part of a team that’s shaping the future of the transportation and logistics industry.
Visit us at www.shipco-it.com / www.shipco.com follow us on LinkedIn
About Shipco IT
Shipco IT Pvt. Ltd. is a subsidiary of global logistics provider
Shipco Transport
and serves as the shared service center for
Scan-Group
companies. It is also the technology partner of
WorldWide Alliance
.
As a subsidiary of Scan-Group, we are entirely Danish-owned and privately held. Today, our Group is present in over 40 countries worldwide employing more than 3,200 staff in 156 offices."
31,2eccb57a2d3b176b,THREAT INTELLIGENCE ANALYST,S2 Grupo,"Trabajo híbrido in 08019 Barcelona, Barcelona provincia",,Jornada completa +1,,https://es.indeed.com/viewjob?jk=2eccb57a2d3b176b,"DESCRIPCIóN
¡Te queremos en nuestro equipo como
Threat Intelligence Analyst
!
¿Qué vas a hacer aquí con nosotros?
Data Collector and Threat Analysis.
Elaboración de informes estratégicos (tendencias, perfil de actores, riesgos a largo plazo).
Preparación de inteligencia táctica y operacional (IoCs, reglas YARA, indicadores de phishing).
Generación de
alertas tempranas para el SOC y equipos de respuesta a incidentes.
Diseño y mantenimiento de bases de datos internas de amenazas.
Nos encantará conocerte si tienes…
1.
Titulación Superior en Informática o Telecomunicaciones.
2.
Habilidades de programación en Python.
3.
Conocimiento de Amenazas Persistentes Avanzadas.
4.
Conocimiento de Tácticas, Técnicas y Procedimientos empleados por adversarios.
5.
Conocimiento del framework MITRE ATT&CK, Análisis de Malware y reglas SIGMA y Yara.
6.
Experiencia en la operación con MISP y OpenCTI.
¿Qué te vas a encontrar aquí?
Una empresa exclusivamente de ciberseguridad y muy consolidada, con más de 20 años en el sector, presencia en más de 35 países y un equipo de casi 700 expertos y no hemos parado de crecer!!
Estabilidad 100% desde el primer día.
Compañeros que te ayudarán, te escucharán y te acompañarán en todo momento en tu viaje con nosotros.
Retos interesantes donde tu trabajo y formación de verdad cuenta.
Esta lista podría más larga, pero es mejor que conozcas los detalles tu mismo en #Evoluciona2
¿Qué te parece?
Si has llegado hasta aquí y leyendo todo esto has pensado que puede sonarte bien, probablemente podría ser este tu sitio.
¡Vente a trabajar con nosotros a una de las mejores empresas de ciberseguridad!
¡APÚNTATE, TE ESTAMOS ESPERANDO!"
32,2ef6b22156fbf1ee,Power Bi Developer,TechBiz Global GmbH,"Teletrabajo in Barcelona, Barcelona provincia",,Jornada completa,,https://es.indeed.com/viewjob?jk=2ef6b22156fbf1ee,"At TechBiz Global, we are providing recruitment service to our TOP clients from our portfolio. We are currently seeking a Power BI Developer to join one of our clients' teams. If you're looking for an exciting opportunity to grow in a innovative environment, this could be the perfect fit for you.
Job Summary
We are seeking a highly skilled Power BI Developer with strong experience in financial and accounting data analysis and a solid understanding of Oracle EPM (Enterprise Performance Management) systems. The ideal candidate will be responsible for designing and developing visually compelling dashboards and reports that enable business leaders to make data-driven decisions.
Key Responsibilities
Design, develop, and maintain Power BI dashboards and reports focused on financial and accounting data.
Collaborate with Finance, Accounting, and EPM teams to gather business requirements and translate them into analytical solutions.
• Connect Power BI to various data sources (including Oracle EPM, ERP systems, and financial data models) to create dynamic, interactive reports. • Implement data modelling, DAX calculations, and advanced Power BI features to optimize performance and usability.
Ensure data accuracy, consistency, and security within Power BI datasets and workspaces.
Develop and maintain KPIs, metrics, and visualizations aligned with business and financial reporting needs.
Provide ad-hoc analysis and insights to support management decision-making and forecasting activities.
Collaborate with IT and business teams for data validation and governance within Power BI.

Required Skills & Qualifications
6–8 years of experience as a Power BI Developer or BI Analyst.
Proven experience in financial reporting, accounting analytics, and budgeting dashboards.
Strong understanding of financial statements, P&L, balance sheet, and cash flow analysis.
Classified as Solutions+ Internal
Expertise in Power BI Desktop, Power BI Service, DAX, and data modelling best practices.
Strong analytical and problem-solving skills with attention to detail.
Excellent communication and stakeholder management skills."
33,caf2c57f65ba0e10,Junior Supply Chain Data analyst,Bluecrux,"Trabajo híbrido in 08019 Barcelona, Barcelona provincia",,Jornada completa,,https://es.indeed.com/viewjob?jk=caf2c57f65ba0e10,
34,bece160541b196dd,Data Analyst - Partner Operations Performance (They/She/He),Glovo,"Trabajo híbrido in 08005 Barcelona, Barcelona provincia",,Jornada completa,,https://es.indeed.com/viewjob?jk=bece160541b196dd,"Company Description
Glovo is part of the Delivery Hero Group, the world’s pioneering local delivery platform, our mission is to deliver an amazing experience—fast, easy, and to your door. We operate in around 70 countries worldwide. Headquartered in Berlin, Germany. Delivery Hero has been listed on the Frankfurt Stock Exchange since 2017 and is part of the MDAX stock market index.
Job Description
If you’re here, it’s because you’re looking for an
exciting ride
.
A ride that will fuel up your ambitions to take on a
new challenge and stretch yourself beyond your comfort zone.
We’ll deliver a
non-vanilla culture built on talent, where we work to amplify the impact on millions of people
, paving the way forward together.
Not your usual app
. We are the fastest-growing multi-category app connecting millions of users with businesses, and couriers, offering on-demand services from more than 170,000 local restaurants, grocers and supermarkets, and high street retail stores. We operate in more than 1500 cities across 23 countries.
Together we revolutionise the way people connect with their everyday needs, from delivering essentials to connecting our ecosystem of users through innovative solutions powered by technology. For us, every day is filled with purpose.
What makes our ride unique?
Our culture and strong values.
Our career development philosophy.
Our commitment to being a force for good.
We have a vision:
Building the largest marketplace in your city, to give access to anything in minutes
.
And this is where your ride starts.
YOUR MISSION
Develop tools to optimize partner operations performance, quantifying the impact that they might bring to the company, supporting the design process with data to make decisions, coordinating the rollout of features, and measuring their impact.
THE JOURNEY
Work closely with product and operations teams to define the product roadmap and strategy, monitor and give visibility of product metrics and KPIs.
Apply data analytics and statistical techniques (e.g. A/B testing, multivariate testing, clustering) to uncover insights, validate product hypotheses and solve business problems that drive the highest impact.
Translate product questions and hypotheses into structured analyses that drive clear, actionable outcomes.
Develop and maintain scalable and self-service visualization tools and storytelling dashboards.
Owning everything analytics end to end in the product development cycle, from ideation and opportunity sizing, to experimentation and post-launch impact analyses.
Build robust relationships with stakeholders acting as a strategic and supportive link between the technology, business and product.
Qualifications
WHAT YOU WILL BRING TO THE RIDE
1-3 years of professional experience outside of an academic and internship setting, in an analytical role, preferably in product facing teams.
Experience with an application of statistical modeling and advanced analytics to provide insights.
Excellent SQL skills and experience applying those on-the-job; you know how to join multiple tables, you know how and when to use CTEs, and you use aggregate functions to come up with relevant statistics.
Solid proficiency in programming (Python) and experience working with tools such as Pandas, SciPy, Seaborn, Jupyter/iPython notebooks.
Knowledgeable and preferably experienced in designing and analyzing experiments (A/B test, multivariate, etc).
Knowledge of visualization tools like Tableau, Looker, Qlikview.
Excellent spoken and written English.
Individuals representing diverse profiles,
and abilities,
encompassing various genders, ethnicities, and backgrounds, are less likely to apply for this role if they do not possess solid experience in 100% of these areas. Even if it seems you don't meet our musts don't let it stop you, we are all about finding the best talent out there!
Skills can be learned, and embracing diversity is invaluable.
We believe driven talent deserves:
An enticing equity plan that lets you own a piece of the action.
Top-notch private health insurance to keep you at your peak.
Monthly Glovo credit to satisfy your cravings!
Discounts on transportation, food, and even kindergarten expenses.
Discounted gym memberships to keep you energized.
️ Extra time off, the freedom to work from home two days a week, and the opportunity to work from anywhere for up to three weeks a year!
Enhanced parental leave, and office-based nursery.
Online therapy and wellbeing benefits to ensure your mental well-being.
Here at Glovo, we thrive on diversity, we believe it enhances our teams, products, and culture. We know that the best ideas come from a mashup of brilliant diverse minds. This is why we are committed to providing equal opportunities to talent from all backgrounds - all genders, racial/diverse backgrounds, abilities, ages, sexual orientations and all other unique characteristics that make you YOU. We will encourage you to bring your authentic self to work, fostering an inclusive environment where everyone feels heard.
Feel free to note your pronouns in your application (e.g., she/her/hers, he/him/his, they/them/theirs, etc).
So, ready to take the wheel and make this the ride of your life?
Delve into our culture by taking a peek at our Instagram and check out our Linkedin and website!
Additional Information
Here at Glovo, we thrive on diversity, we believe it enhances our teams, products, and culture. We know that the best ideas come from a mashup of brilliant diverse minds. This is why we are committed to providing equal opportunities to talent from all backgrounds – all genders, racial/diverse backgrounds, abilities, ages, sexual orientations and all other unique characteristics that make you YOU. We will encourage you to bring your authentic self to work, fostering an inclusive environment where everyone feels heard.
Feel free to note your pronouns in your application (e.g., she/her/hers, he/him/his, they/them/theirs, etc).
So, ready to take the wheel and make this the ride of your life?
Delve into our culture by taking a peek at our Instagram and check out our Linkedin and website!"
35,d2948d61d903914f,Lead Business Intelligence Analyst - Marketing,Rover,"Barcelona, Barcelona provincia",,Jornada completa,,https://es.indeed.com/viewjob?jk=d2948d61d903914f,"Who we are:
Want to make an impact? Join our pack and come work (and play!) with us.
We believe everyone deserves the unconditional love of a pet—and at Rover, our mission is to make it easier to experience that love. Founded in 2011, the Rover app and website connect dog and cat parents with loving pet sitters and dog walkers in neighborhoods across the US, Canada, and Europe. We empower our community of trusted pet sitters and dog walkers to run their own pet care businesses on Rover with the tools and security of a global company to back them.
Headquartered in Seattle, Washington, we work closely with our teams in Barcelona, San Antonio, Spokane, and remote locations. We’ve got a reputation for being a great place to work, having been named among the 100 Best Companies to Work For in Seattle Business Magazine and Washington’s Best Workplaces in the Puget Sound Business Journal. We're an agile, fast-growing company, and our leadership comes from some of the world's most respected tech companies.
At Rover, our furry coworkers are just as important as our human ones—and we wouldn’t have it any other way. Along with making the joys of pet parenthood more accessible, we’re committed to fostering a diverse, inclusive, and welcoming community of pet people—and that starts with our employees.
Who We're Looking For
We're looking for a technically-minded Lead Analyst who loves the intersection of Data Modeling and Marketing Strategy. You are someone who isn't satisfied with just ""pulling numbers""—you want to understand and architect the underlying logic that makes those numbers true.
In this role, you will be the technical backbone of the Marketing Analytics team. You will take ownership of our reporting infrastructure, driving the transition from legacy reports to clean, automated insights. You will act as the bridge between raw data and advanced Data Science, ensuring our data models are robust enough to support rigorous analytics and experimentation.
You will also serve as the subject matter expert for one of our most complex domains: Attribution. You will navigate our datasets to refine and maintain our logic—helping us distinguish between actions that lead to account creation versus those that drive repeat bookings—ensuring our Lifecycle and Acquisition stakeholders have a reliable view of their impact.
This is a hybrid position that has the minimum expectation to work out of our Barcelona Office in the Poblenou neighborhood two days per week on Mondays and Thursdays. For this reason, candidates must be based in Barcelona or willing to relocate.
Your Impact:
Own Marketing Attribution: Serve as the custodian of our attribution logic. You will maintain and refine our models to ensure the business understands how provider and owner strategies compound to drive New and Repeat bookings, constantly looking for ways to improve our measurement accuracy.
Architect the Reporting Suite: Tackle technical debt head-on by modernizing our reporting infrastructure. You will own the migration of critical business reports to our BI tools, designing clean, SQL-heavy calculations that serve as the ""single source of truth"" for Lifecycle Marketing and leadership.
Scale Experimentation Operations: Unblock the team on testing by operationalizing our experimentation framework. You will manage the transition to new tools (like Statsig), create SQL templates for test analysis, and conduct code reviews to ensure statistical rigor across the team.
Enable Advanced Analytics: Partner with our Data Scientists to perform Exploratory Data Analysis (EDA) and build robust data models. By ensuring our data foundation is solid, you will free up the team to focus on high-impact predictive modeling (LTV, Churn) and strategic deep dives.
Your Qualifications:
6+ years of experience in Analytics or Analytics Engineering, with a specific focus on Marketing or Growth data.
Expert-level SQL proficiency. You don't just write queries; you write performant, readable code for complex data modeling, window functions, and heavy calculations within BI tools.
Deep understanding of Marketing Attribution logic. You have experience building, interpreting, or maintaining models that track user journeys across multiple touchpoints (Acquisition vs. Retention/Repeat).
Experience with Data Modeling and creating ""Gold Layer"" datasets that allow other analysts and stakeholders to self-serve easily.
Strong knowledge of experimentation logic. You understand how to set up data structures to track control vs. variant groups and check for sample ratio mismatches.
Proven ability to manage technical projects from end-to-end, such as migrating reports between tools or auditing tracking setups.
Communication skills that allow you to translate complex data engineering concepts into benefits for non-technical marketing stakeholders.
Nice to Have:
Experience with code-first BI tools (e.g. Mode, Looker, Tableau) where SQL is the primary driver of analysis.
Experience with experimentation platforms like Statsig.
Familiarity with CRM tools (e.g., Iterable), Customer Data Platforms (CDPs), and how their data flows into a warehouse.
Background in a two-sided marketplace.
Benefits of working at Rover:
Long-term incentive plan with a company performance-based cash payout
Pension plan
Private medical insurance
25 days PTO
Meal allowance and flexible compensation plan (transport and nursery)
Gym membership
€450 to cover the costs associated with the adoption of a pet
Annual €150 wellness reimbursement
Flexible work hours, sometimes you'll need to be in at certain times, but on the whole, we're pretty flexible when it comes to managing workload and time
Grab snacks, fresh fruit, in our kitchen to keep yourself going
Regular team activities, events, game nights, and more
Dog-friendly office
Rover is an equal-opportunity employer committed to promoting a diverse, inclusive, and inventive environment with the best employees. We’re driven by seeing our people succeed and grow, and we work to ensure everyone contributes to their fullest potential. We consider all qualified applicants without regard to age, race, color, ancestry, national origin, religion, disability, protected veteran status, sex, gender identity or expression, sexual orientation, or any other protected status in accordance with applicable laws, regulations, and ordinances.
_"
36,f1e2d3c4b5a67890,,,,,,,https://es.indeed.com/viewjob?jk=f1e2d3c4b5a67890,
37,abab105be3483a6c,Business Controlling & Data Analyst,Rhenus Logistics S.A.U.,"08820 El Prat de Llobregat, Barcelona provincia",,Jornada completa,,https://es.indeed.com/viewjob?jk=abab105be3483a6c,"Sales Controlling & Data Analyst
What you can expect
We are looking for a professional with a strong focus on
Controlling
and
Business Analysis
, someone who can think critically, analyze data, and make informed decisions.
Responsibilities
Ensure autonomy in monthly reporting.
Prepare VPM analyses and bridges without supervision.
Maintain consistent control of monthly forecasts.
Identify at least two process improvements or automation opportunities within the first six months.
Build strong working relationships with local delegations and cross-functional teams.
Requirements & Competencies
Technical Requirements
Advanced Excel skills: PowerQuery, PowerPivot, modeling, and complex functions.
Solid experience in controlling or business analysis (minimum 3–4 years).
Knowledge of KPIs such as GM, EBITA, VPM, variances, and results analysis.
Proficiency in Power BI (data models + basic DAX).
Familiarity with ERPs (ideally SAP FI/CO).
Previous experience in monthly reporting, closing, and forecasting.
Advanced business English.
Core Competencies
Business Knowledge
Business Management
Active Collaboration
Self-Management
Determination
What you bring
RHENUS OVERLAND TRANSPORT SPAIN is an equal opportunity employer.
All individuals will have the opportunity to be considered for employment regardless of race, color, religion, national origin, ancestry, citizenship, age, sex, gender, gender identity, gender expression, sexual orientation, marital status, disability, pregnancy, childbirth and related medical conditions, or any other characteristic protected by applicable laws.
Rhenus will make reasonable accommodations for the known physical or mental limitations of a qualified applicant with a disability, unless such accommodation would impose an undue hardship on the operation of our business.
Your Benefits
Continuous Training:
Sharpen your skills and advance your expertise with our professional development programs.
Exclusive Discounts:
Enjoy exclusive perks: Our extensive partner network gives you access to special discounts with various providers.
Great Team:
It’s truly the people that make the difference — and with us you’ll join the best team around."
38,859ff93cf658fc6d,Jr sales analyst,Claire Joster,"Esplugues de Llobregat, Barcelona provincia",,Jornada intensiva en verano,,https://es.indeed.com/viewjob?jk=859ff93cf658fc6d,
39,158944d904c2a1b0,Pipeline Analyst,NDT Global,"08038 Barcelona, Barcelona provincia",,,,https://es.indeed.com/viewjob?jk=158944d904c2a1b0,"About NDT Global
NDT Global is the leading provider of inline diagnostic solutions, advanced data insights, and integrity management services that safeguard energy-sector infrastructure. The company is recognized for its expertise in both ultrasonic inspection technologies — such as Pulse Echo, Pitch-and-Catch, Phased Array, and Acoustic Resonance (ART Scan) — and ultra-high-resolution Magnetic Flux Leakage (MFL) inspection services. These differentiated offerings, along with non-ultrasonic technologies like Inertial Measurement Units and others in development, enable NDT Global to deliver comprehensive asset integrity solutions.
Innovation is at the core of NDT Global's mission. We continuously challenge the boundaries of existing technologies to deliver transformational solutions that empower the industry to achieve safer, more cost-effective pipeline management. Our commitment to research and development drives the creation of vital new methods and tools that address the evolving needs of our customers while setting new industry standards.
By strategically applying inspection technologies to detect, diagnose, and model various types of threats, NDT Global provides predictive, decision-ready insights. These insights, driven by the world’s most accurate data, enable asset owners to optimize infrastructure health, drive operational efficiencies, reduce risk, and minimize their carbon footprint.
Purpose:
The Pipeline Analyst interprets data collected from Ultrasonic Shear Wave Technology for the purposes of detecting crack-like axial defects under the constant supervision of individuals qualified for the task(s) being performed.
Role and Responsibilities:
Reviews and interprets data to identify features, patterns, or irregularities following established guidelines.
Recognizes key elements within the data set and ensures they are correctly categorized and documented.
Identifies relevant installation or structural indicators based on the information provided.
Establishes and verifies reference points in the data to support accurate analysis and reporting.
Detects and documents changes or variations in the data that may require attention.
Aligns and cross references different sources of information (e.g., customer documents, maps, logs) to ensure consistency and completeness.
Interprets location based information and ensures accurate entry, correction, and organization of this data in internal systems.
Qualifications and Requirements
Must hold a university degree in Engineering, preferably in Geological, Environmental, Chemical Engineering, or a closely related technical field is required.
Degrees in other scientific or engineering disciplines will also be considered if they provide a strong analytical or technical foundation.
Proficient in English, both spoken and written
Minimum of 2 year's working experience in a technical field is preferred
Strong Excel skills and general technical aptitude.
Skillset
Strong data interpretation and analysis skills
Strong analytical thinking
High attention to detail and precision
Strong commitment to quality standards, documentation accuracy, and compliance with internal guidelines
Ability to generate clear and concise reports
Structured and organized working style.
Detail-oriented approach to data validation and reference point establishment
Ability to manage repetitive or detail heavy tasks with consistency and reliability
Comfortable working with digital platforms and data systems
Comfortable asking clarifying questions and escalating uncertainties when needed
Competence in establishing and validating reference points.
Capability to correlate and align customer maps, logs, and alignment sheets with collected data.
Benefits
Hybrid type of work
Family-friendly and flexible working hours
Pension plan
Health and Dental Insurance
International and multicultural work environment
Challenging and versatile tasks with creative freedom
Company activities during the year promoting opportunities to create cohesion with work colleagues (teambuilding activities, external training, Christmas party and gift exchange)
At NDT Global, we are committed to creating an inclusive and diverse workplace. We believe that equal opportunities for all employees are essential to our success"
40,bce777d7bf3c0536,Head of Monetization,Appodeal,"Barcelona, Barcelona provincia",,,,https://es.indeed.com/viewjob?jk=bce777d7bf3c0536,"Appodeal
is a dynamic US-based product company with a truly global presence.
We have offices in
Warsaw, Barcelona and Parkland (FL),
along with remote team members located around the world.
Our company thrives on diversity, collaboration, and innovation, making us a leader in the mobile app monetization space.
Why Appodeal?
At Appodeal, we're more than just a company—we're a team united by a common mission:
Help people discover and grow their talents through products that enable successful mobile app businesses!
We take pride in our cutting-edge product and our internationally dispersed team of talented professionals.
Here's what we value, and what we hope you do too:
Continuous Learning and Growth:
We are passionate about learning, growing personally, and building rewarding careers.
Making an Impact:
We are committed to building a history-defining company that leaves a lasting impact on the mobile app industry.
Solving Exciting Challenges:
We tackle complex problems every day, supported by a team of world-class professionals and mentors.
Enjoying the Journey:
We believe in having fun while working toward our goals.
We are a mobile gaming company specializing in evergreen casual titles with ad-driven monetization at scale. We are looking for a
Head of Monetization
to lead and scale our monetization strategy across all titles, ensuring maximum LTV uplift and close collaboration with product, UA, and ad tech teams.
Responsibilities:
Define & execute monetization strategy across a portfolio of casual games (iOS & Android).
Lead and grow the monetization team (monetization managers, ad quality, technical support).
Act as Product Owner for internal ad tech solutions and collaborate with the ad tech team on projects to scale our performance.
Run systematic A/B tests to make data driven decisions on ads strategy.
Build and maintain senior relationships with ad partners (networks, DSPs, exchanges).
Partner with Product & UA teams to align monetization design with game economy and user acquisition ROI.
Requirements:
5+ years in mobile ads monetization, with proven leadership experience (Head/Lead role or equivalent).
Track record of building and managing monetization teams (analysts, managers, tech).
Deep understanding of ad mediation, waterfalls, bidding, and in-house monetization infrastructure.
Strong data-driven mindset, comfortable with A/B testing, SQL, BI tools, and LTV modeling.
Experience working cross-functionally with Product, UA, BI, and Tech.
Established relationships with major ad partners.
Entrepreneurial, hands-on, and comfortable operating in a fast-moving environment.
With an outstanding product and a mission that excites and inspires, Appodeal offers a unique opportunity to make an impact while being part of an amazing team.
Join us
and help shape the future of mobile app success!"
41,58ad3134462b4ab2,Growth Marketing Analyst,Kaplan Languages Group,"Trabajo híbrido in Barcelona, Barcelona provincia",,Jornada completa,,https://es.indeed.com/viewjob?jk=58ad3134462b4ab2,"Company Description

Part of Kaplan Inc., the Kaplan Languages Group (KLG) is made up of Kaplan International Languages, ESL Education, and Alpadia. Language travel is an inspiring business sector with lots of scope for fun and creative work. Our student’s study from 2 weeks up to a full academic year and we are proud to welcome language learners from over 100 countries, ensuring a great cosmopolitan mix in our classrooms across the globe. With a network of Kaplan International Languages and Alpadia -branded schools spanning seven countries, KLG has the largest presence of any international language school in the English-speaking world, as well as France, Germany and Switzerland. In addition, ESL, Europe’s largest language education travel agency matches students with the right language course for them.

Job Description

We’re looking for an analytical and impact-oriented data analyst to drive insight generation across our marketing organization. This role is central to identifying opportunities for growth through deep analysis of marketing performance, lead generation trends, and customer behaviour.
You will act as the data engine behind our marketing and growth strategy—working across teams to deliver actionable insights, build predictive models, and inform marketing decisions with a clear understanding of business impact. You’ll help translate data into growth by shaping how we acquire, engage, and convert potential customers more effectively.
Key Responsibilities
INSIGHTS
Transform data collected across multiple touchpoints into strategic insights and quantifiable business opportunities.
Develop reports and dashboards to improve business processes, provide visibility and accelerate data-driven decision making as well as drive Key Performance Indicator (KPI) reporting, ad hoc business reporting and analysis as needed.
Communicate insights, strategic recommendations, and clear and actionable insights to marketing stakeholders and executives through presentations and workshops.
Feed into the overall tracking and reporting roadmap. Work with Digital Analytics and Data teams to validate data sources, improve collection methods, and maintain documentation and integrity.
OPTIMIZATION
Work with all the areas of the Marketing team to build a cross function understanding of user behaviour, product performance and marketing dynamics to inform overall strategy and department-level decisions.
Provide strong business analytics and performance optimization recommendations to drive better business decisions for the Marketing area.
Build a deep understanding of our users’ behaviours, markets’ dynamics, and competitor analyses for the different company brands.
GROWTH
Aggregate and analyse marketing and sales performance data—covering lead generation channels, website analytics, CRM, and customer behaviour—to identify trends, conversion bottlenecks, and growth opportunities.

Qualifications

Required Skills and Qualifications
Previous solid experience in data analysis or insights generation roles, with a track record of driving significant business value.
Excellent communication skills. Master at sharply and concisely communicating advanced insights to stakeholders, both written and verbally.
Strong analytical, critical thinking, and problem-solving skills
Experience in data visualization tools, such as Microsoft Power BI or Google Looker Studio, for automation of dashboards.
Strong knowledge and experience with Google Analytics.
Creative thinker able to find innovative solutions to complex and ambiguous business problems.
Can-do attitude, attention to detail, and ability to multitask.
Bachelor’s degree in business, mathematics or relevant field.
Preferred Qualifications
Good SQL skills, ability to write complex SQL queries is preferred.

Additional Information

What we offer you
Creative and rewarding work
Half day off on your birthday
Unlimited tea & coffee
Free breakfast on Mondays, Free Fruits on Thursdays!
A stimulating and dynamic work environment
Free languages courses abroad after 6 months.
Conditions
Permanent contract
Full-time
Gross Salary + Ticket restaurant
Special price on private medical insurance
Hybrid mode.
Location
This role is based at KLG’s offices in Barcelona. Kaplan uses a hybrid working model, and we’ll be asking you to join us for a minimum of three days a week in the office.
If you are interested in this position, please attach your CV and cover letter in English.
Diversity and inclusion are important to us, and we’re constantly working to improve these aspects. At KLG and all our brands, we don’t just accept our differences, we fully support and celebrate them.

We’re committed to equal opportunity employment regardless of race, color, ancestry, religion, sex, national origin, sexual orientation, age, citizenship, marital status, disability, gender, or gender identity or expression. We strive to be an equal-opportunity workplace."
42,e0d21206dd875602,Data Engineering Lead,SeQura,"Teletrabajo in 08010 Barcelona, Barcelona provincia",,Jornada completa,,https://es.indeed.com/viewjob?jk=e0d21206dd875602,
43,0c1c2ce54eac7ae3,Product Designer,Wallapop,"Trabajo híbrido in Barcelona, Barcelona provincia",,,,https://es.indeed.com/viewjob?jk=0c1c2ce54eac7ae3,"Wallapop is a Barcelona based scale-up driven by the purpose to empower people to embrace a more conscious and human way of consumption. We believe in a world where collaborative economy is mainstream. This is what drives us.
Wallapop operates in Spain, Italy and Portugal, offering a catalogue of several hundreds of millions of products and services. Powered by technical innovation and continuous improvement, we bring together the scale & trust of classifieds with the marketplace's convenience & reach. Our mission is to enable a connected trade ecosystem, making 2nd-hand the norm through smart use of technology.
The Challenge
Identify and shape a design roadmap aimed at enhancing our user experience and driving key business metrics. In this proactive role, you will collaborate and communicate effectively with diverse stakeholders to ensure the relevance, quality, and impact of design initiatives. You will provide strategic input for decision-making and prioritization, contributing to the broader team roadmap and leading cross-team UX initiatives.
As a
Senior Product Designer,
you will play a pivotal role in shaping Wallapop's discovery journey—creating engaging, intuitive, and scalable user experiences. Your work will directly enhance how millions of users discover and connect with unique items. This role blends strategic vision with hands-on execution, where you'll craft impactful deliverables such as design strategy documents, frameworks, and prototypes to move Wallapop's product vision forward. By partnering with cross-functional teams, you will ensure every design initiative delivers measurable value for both our community and the business.
What You Will Do
Strategic Partnership:
Collaborate with Product Managers, Researchers, and Analysts to define the design roadmap, ensuring our goals align with user needs and business strategy.
Evidence-Based Design:
Translate quantitative data and qualitative insights into elegant, actionable design solutions that solve real human problems.
End-to-End Guidance:
Guide the design process from early-stage discovery and research through to high-fidelity UI and technical specifications.
Consistency & Scale:
Contribute to our global design system, ensuring a seamless and accessible experience across all platforms.
Mentorship & Culture:
Act as a thought partner for fellow designers, fostering a culture of mutual growth, confidence, and design excellence.
What We're Looking For
Product Experience:
Deep experience in designing mobile-first digital products at scale (e.g., marketplaces, e-commerce, or complex applications).
Problem Solving:
A natural ability to frame ambiguous problems and deliver user-centered solutions that drive tangible impact.
Systems Thinking:
Experience building or utilizing scalable design frameworks and modular systems to maintain consistency and efficiency.
Design Tooling:
High proficiency in Figma and modern prototyping workflows, with an interest in staying current with industry best practices.
Collaboration & Communication:
The ability to articulate the ""why"" behind design decisions to diverse stakeholders and work effectively across function
What Would Be A Plus
Experience working within a fast-paced, iterative product-tech company.
A background in user research methodologies or data visualization.
Experience or interest in accessibility standards (WCAG) to ensure our platform is inclusive for everyone.
Do note that all our jobs are Barcelona based. We follow a hybrid model where flexibility rules. We commit to a minimum of 6 days per month in the office. Each team self-organizes to decide on cadence and in-person/remote rituals.
Wallapop is an equal opportunity employer. We celebrate diversity and are committed to creating an inclusive environment for all employees as we want Wallapop to be a place for everyone.
Additionally to the opportunity to contribute to an agile product set up and work together towards achieving our meaningful mission, we offer the following
Perks & Benefits
:
Generous individual learning budget of 2k per year
Group and individual English, Catalan & Spanish lessons as part of our working day
Private Health Insurance with Alan
Flexible working hours + Intensive Fridays
Flexible remuneration to deduct from gross salary (kindergarten/food/transport check)
Gym & Wellness plan, including physiotherapist in the office
Generous referral Program & Charity Donation
Bonus for weddings & newborns
Wallapop Renta (Tax income support)
Monthly product advantages (Wallapop Club)
Work anniversary Gifts and Birthday Surprises
Contribution towards your WIFI in your monthly payroll
One-off payment based on compensation package to go towards setting up your home office
Relocation package (monetary support and legal advice) and visa sponsorship, if applicable
26 holidays per year
TOP hardware of your choice (latest Apple or Windows)
What does
the hiring process
for this position look like?
**Please, note that all interviews take place remotely over hangouts.**
Intro Call
- run by talent acquisition, focus on providing more information about the role and the company as well as going over your experience, motivation, and expectations. This usually takes 45-60 minutes.
Case Study Submission
- you will be assigned a task to submit within 5 up to 7 days where you will be able to showcase your expertise / technical skills required for the role.
Expertise Interview- Live Exercise
- run by the hiring team, focus on the required core skills and the ability to deliver in a given context. This usually takes 90 minutes.
Stakeholder Interview
- run by relevant stakeholders reflecting the reality of the context of the role, focus on the ability to collaborate & deliver in a cross-functional set-up. This usually takes 60 minutes.
Culture Interview
- run by culture interviewers, focus on adherence to Wallapop's purpose and business proposition. This usually takes 60 minutes.
Offer
- should you be the right candidate, your offer will be discussed over a call with talent acquisition and will then be confirmed in writing."
44,f28da5f6b62fed8a,"Principal Developer, Central Tech",Madbox,"Trabajo híbrido in 08006 Barcelona, Barcelona provincia",,,,https://es.indeed.com/viewjob?jk=f28da5f6b62fed8a,"Madbox is a fast-growing mobile gaming company with a very unique way of developing games. Everything has been made for teams to take as much
ownership
as possible, unleash their
creativity
, bring
performance
, and have as much
fun
as possible.
At Madbox, we empower teams to push boundaries, take ownership, and unleash their creativity to craft innovative mobile games enjoyed by millions worldwide. As a
Principal Developer in the Central Tech team
, you’ll join our mission to shape the next generation of hit games by building and maintaining the core technologies that fuel our studios.
We strongly believe in a unified codebase that accelerates game production, strengthens release safety, and fosters collaboration across teams. In this role, you will partner with game developers, data analysts, and game managers to both improve existing frameworks and design the tools of tomorrow. From enabling remote game operations to enhancing testing capabilities, you will play a pivotal role in empowering our teams. We also value experience with AI tools and workflows to support automation, faster iteration, and smarter live operations. All of this helps us deliver playful, high-quality experiences that make millions smile.
Y
our future responsibilities and scope:
Develop and maintain Unity-based frameworks and tools that improve testing, iteration speed, and game production efficiency across multiple live titles
Lead technical initiatives for live games, ensuring smooth live operations (live ops) and scalable systems to support millions of players
Drive innovation by prototyping and integrating new features, technologies, and workflows that improve quality and player experience
Champion a unified codebase, ensuring consistency, reliability, and knowledge sharing across different projects and teams
Collaborate closely with game teams, analysts, and producers to identify bottlenecks and deliver solutions that accelerate development and improve release safety
Mentor and support other developers, sharing expertise in Unity best practices, tooling, and performance optimization
Contribute to strategic decisions on architecture, testing frameworks, and production pipelines that align with long-term company goals
The profile we are looking for:
Bachelor’s or Master’s degree in Computer Science, Engineering, Game Development, or equivalent experience
8+ years of professional experience in Unity development, with a strong command of Unity engine and C# programming
Proven track record in live game development and operations (live ops), including managing updates, remote configurations, and in-game events
Advanced knowledge of tooling, automation, CI/CD pipelines, and testing frameworks to accelerate workflows and ensure game stability
Solid understanding of game performance optimization and debugging at scale
Practical experience in applying AI/ML techniques or leveraging AI-powered tools to improve testing, workflows, or game operations
Strong experience with version control systems (Git, especially)
Experience in mentorship, leadership, or team management, with the ability to set vision, align stakeholders, and drive strategic use of technology (including AI)
At Madbox, we value the mindset and how you can fit with our culture by sharing common values and creating great games together. We are passionate, always pushing to the next level to learn new things. We are creative and innovative, and most of all, team players
Do you recognize yourself in this mindset? Apply today and come meet us.
How do we hire at Madbox?
Meet the recruiter
Meet the direct manager
Home Assignment (plus an interview to review the test)
Meet the team
Meet with leadership
Find out more about Madbox!"
45,f12f257c83def9c3,Senior Product Manager - Education vertical (eduQa),SeQura,"Trabajo híbrido in 08010 Barcelona, Barcelona provincia",,Jornada completa,,https://es.indeed.com/viewjob?jk=f12f257c83def9c3,
46,1c96d1e1ace6bb9d,Subject Matter Expert (SME) / Analista de negocio IT,"Hola Consultores, SL","Trabajo híbrido in 08003 Barcelona, Barcelona provincia",,Jornada completa,,https://es.indeed.com/viewjob?jk=1c96d1e1ace6bb9d,"Tus tareas
Hola Consultores, S.L. es una empresa especializada en la provisión de Servicios TIC e Ingeniería para la gestión empresarial, ofreciendo soluciones diseñadas a medida de las necesidades de nuestros clientes.

Nos enorgullece ser una empresa 2.0 innovadora donde las personas son el centro de nuestra atención. La ética, transparencia, imparcialidad e independencia son valores fundamentales en nuestra filosofía, y también estamos comprometidos con la igualdad de género. Nos esforzamos por garantizar oportunidades equitativas para hombres y mujeres en todas las áreas de nuestro trabajo. Además, estamos firmemente a favor de la igualdad en todas sus formas y promovemos un entorno inclusivo donde cada individuo, independientemente de su género, religión, orientación sexual, etnia o cualquier otra característica, sea valorado y respetado.

Tu perfil
Estamos buscando un Business Analyst - Experto/a en la Materia (SME) para unirse a nuestro equipo en el área de Clientes, siendo el enlace clave entre las necesidades del negocio, la experiencia del cliente y las soluciones tecnológicas.

El área de Clientes se centra principalmente en las aplicaciones de clientes, el servicio al cliente y las plataformas de engagement, por lo que tu responsabilidad será analizar, identificar áreas de mejora y mantener la correcta comunicación de los productos digitales de estos canales, trabajando estrechamente con los equipos de IT y negocio para ofrecer soluciones innovadoras que cumplan con los objetivos organizacionales.

Responsabilidades principales:

Recoger y documentar necesidades y objetivos de negocio.
Traducir requisitos en especificaciones funcionales y técnicas.
Diseñar soluciones junto al Technical Lead.
Desarrollar prototipos, flujos y casos de uso para validar soluciones.
Apoyar al equipo de UX/UI en el diseño de producto.
Actuar como puente entre negocio, diseño e IT.
Acompañar proyectos durante todo el ciclo de desarrollo de software (SDLC).
Analizar y optimizar procesos y flujos de trabajo.
Proponer mejoras para productividad, costes y experiencia del usuario.
Documentar productos digitales (white label, procesos, casos de uso, especificaciones).
Mantener relaciones con áreas internas y proveedores.
Reportar avances, riesgos y resultados al IT Manager.

Requisitos:
Experiencia como IT Business Analyst, Product Owner o SME (mín. 3 años).
Conocimiento técnico en entornos Web, BBDD y plataformas digitales.
Experiencia con plataformas de atención y engagement (ej. Zendesk, Braze).
Experiencia documentando con herramientas como Confluence y Jira.
Formación en Ingeniería, Informática, Sistemas o similar.
Nivel avanzado de inglés (oral y escrito).
Experiencia en entornos ágiles (SCRUM).
Capacidad de análisis, orientación a resultados y comunicación efectiva.
¿Por qué nosotros?
¿Qué te podemos aportar?
Contrato laboral indefinido y estabilidad desde el primer día.
Todo nuestro apoyo para tu desarrollo personal/profesional.
Excelente clima laboral.
Seguro médico privado con Adeslas (completo + dental).
Modelo de teletrabajo híbrido, 3x2.
Pago del 100% exámenes de certificación oficial.
Pago parcial de cualquier curso de IT/Data.
✔Grandes proyectos con tecnologías avanzadas.

Si tu perfil se ajusta al puesto y estás emocionado en formar parte de nuestro equipo, ¡nos encantaría saber de ti!
¿Quiénes somos?
Hola, somos una Consultoría de Barcelona especializada en la selección, desarrollo y búsqueda de talento humano.
Misión
El desarrollo y la excelencia profesional en la gestión de los Recursos Humanos implementando soluciones enfocadas a la consecución de objetivos concretos.
Visión
Agilizamos los procesos aportando las capacidades tecnológicas adecuadas para la mejora continua de las empresas.
Estrategia
Consultoría estratégica con un relevante sentido práctico identificando las necesidades y aplicando soluciones e medida."
47,bbb89b401829f43a,Data Engineer,Guesty,"Barcelona, Barcelona provincia",,Jornada completa,,https://es.indeed.com/viewjob?jk=bbb89b401829f43a,"Guesty is the all-in-one platform helping hospitality businesses around the world automate, optimize, and scale their operations. We’re a fast-growing global startup that’s transforming how the industry works — from guest experience to business growth.
With a powerful suite of features and integrations with 150+ industry partners — including Airbnb, Vrbo, Booking.com, Expedia, Google Travel, and many more — Guesty empowers property managers to deliver top-tier guest experiences while running more efficient, data-driven operations.
We’re proud to have over 900+ team members across 16 countries worldwide, all working together to build the future of hospitality technology.
If you’re looking to grow your career in a dynamic, global, and impact-driven environment, we’d love to hear from you.
We’re looking for a talented and highly motivated Data Engineer to join our dynamic team.
The ideal candidate is a strong team player who can also take ownership, leading the design, development, and maintenance of scalable data pipelines and analytical solutions to drive our business forward.
This role is diverse and hands-on: you’ll develop and maintain cloud-based infrastructure, implement CI/CD workflows for data, and ensure clean, reliable data flows into our data warehouse. Beyond engineering, you’ll collaborate across teams and apply analytical skills to embed business logic into our pipelines, enabling the company to make data-driven decisions with confidence.
In this role, you’ll have the opportunity to work on
Rentals United, our Channel Manager product
. Rentals United is one of the technology leaders in the vacation rentals space, providing an advanced distribution platform for professional short-term rental property managers worldwide. The platform connects property managers to multiple global booking channels in real time, serving as a hub with integrations ranging from OTAs and sales channels to PMSes, including a White Label distribution solution. Since 2014, Rentals United has grown from preventing overbookings to becoming a strategic partner for top STR professionals, helping them execute their sales strategies across the most important channels.
Requirements:
4+ years of experience working as a Data Engineer.
Strong coding skills in Python and SQL, with a focus on clean, testable, production-grade code.
Proven experience building data pipelines with Airflow.
Experience with analytics Databases such as BigQuery and Snowflake.
Experience working in a cloud environment (GCP, AWS, Azure).
Solid understanding of data modeling, database design, and performance optimization.
Experience working in production-grade environments.
Strong problem-solving and analytical abilities.
Excellent communication and collaboration skills.
Experience with modern CI/CD, observability, and infrastructure-as-code practices in the cloud.
Advantage:
Familiarity with Kubernetes, Docker, and Terraform.
Experience with AWS Glue.
Exposure to implementing AI/ML capabilities in data workflows.
Familiarity with AI coding assistants/IDEs (e.g., Cursor, Claude Code, Copilot) to accelerate development and improve efficiency.
Guesty is proud to be an Equal Opportunity Employer. We provide equal employment opportunities to all employees and applicants regardless of race, color, religion, sex, age, national origin, disability, veteran status, pregnancy, sexual orientation, or any other characteristic protected by law.
Responsibilities:
Own the data development process end-to-end, including business understanding, methodology, QA, and maintenance.
Design, build, and maintain scalable data systems including data lakes, warehouses, and pipelines.
Consolidate diverse data sources (CRMs, APIs, databases, SaaS platforms) into a unified source of truth.
Implement and manage CI/CD, observability, and infrastructure-as-code practices in a cloud environment.
Build and enhance the Machine Learning Platform, delivering infrastructure and tools that streamline the work of Data Scientists, enabling them to focus on developing models while benefiting from automation for production deployment
Collaborate with product and engineering teams to identify opportunities for GenAI = across Unit's platform and processes, understand team-specific domains, and embed agents directly into existing business workflows.
Build frameworks and internal tooling that empower other teams to adopt GenAI safely and efficiently.
Optimize data infrastructure performance and cost, with emphasis on BigQuery optimization.
Support Data Quality: Optimize ETL processes to handle large volumes of data while ensuring data quality and integrity across all our data sources.
Ensure data quality and integrity across large-scale ETL processes.
Collaborate with analysts, data scientists, and product managers to support analytics, data modeling, and governance."
48,01378304576cb33d,"AI Automation & Insights Analyst (ASO, UA, CRM)",Phiture GmbH,"Barcelona, Barcelona provincia",,,,https://es.indeed.com/viewjob?jk=01378304576cb33d,"Hi, we're Phiture — the mobile growth consultancy working with the teams behind leading apps like Adobe, Headspace, and LEGO® . We're setting the standard for growth in the brave new digital world, and we need great people to join our global team!
WHAT TO EXPECT:
We're building a new kind of analytics capability where insights are shipped, not just shared. As our
AI Automation & Insights Analyst
, you'll combine strong analytical thinking with modern AI tooling to create repeatable, automated workflows for growth teams across App Store Optimization (ASO), User Acquisition (UA/Performance Marketing), and CRM/Lifecycle.
You'll turn messy questions into clear recommendations, and then turn recurring analyses into systems
. Think BigQuery + APIs + automation (e.g. n8n) + AI coding/analysis tools to generate exec-ready outputs like narrative briefs and slide decks (including HTML-based decks).
This is a high-impact role for someone who loves building scalable analyst workflows and communicating insights with clarity.
WHAT YOU'LL DO:
Build end-to-end automated pipelines: data pull
transformation
analysis
narrative
deck/report output
Create automated insight workflows for:
ASO:
keyword and conversion funnel insights, category and competitor monitoring, experiment ideas
UA:
channel/campaign performance, creative insights, efficiency diagnostics, scaling recommendations
CRM:
cohort/retention analysis, segmentation, lifecycle performance, churn and reactivation insights
Work hands-on in
BigQuery
(including via MCP servers where relevant) to query, model, and validate data
Use AI tools (e.g.,
Claude Code, Codex, Gemini CLI
) to accelerate SQL, analysis, visualization, and narrative generation while keeping quality high
Integrate data via
APIs
and orchestrate workflows using automation tools like
n8n
Produce clear, decision-ready storytelling: concise takeaways, charts with context, and recommended actions
Add guardrails: QA checks, validation rules, and human-in-the-loop review for critical outputs
WHAT YOU'LL NEED:
2–5 years of experience in analytics, growth analytics, marketing analytics, BI
, or a similar function in a fast-paced environment
Strong SQL skills
(BigQuery preferred) and comfort working with real-world, imperfect datasets
Ability to translate analysis into actionable recommendations for non-technical audiences
Working knowledge of at least one: ASO, UA/performance marketing, or CRM/lifecycle marketing (curiosity to learn the others is key)
Familiarity with AI-assisted workflows and tools (prompting, structured outputs, code-assisted analysis)
Comfort with APIs, automation concepts (webhooks, JSON), and building repeatable processes
Excellent English communication (written and verbal)
Nice to have
n8n (or Zapier/Make/Airflow) experience building reliable automations
Experience with mobile measurement and privacy constraints (MMPs, attribution concepts, SKAN, incrementality)
Hands-on exposure to UA platforms (Meta, Google, TikTok, Apple Search Ads) or CRM tooling
Python and/or JavaScript/TypeScript for scripting and automation
Experience building dashboards or report templates (Looker Studio, Tableau, Power BI, or code-based charting)
WHAT WE OFFER YOU:
Flexible Remote Work
— Unlimited remote work within your home country (EMEA), plus up to 90 days per year internationally.
Generous Vacation Allowance
— Enjoy up to 30 days of paid vacation annually, plus extra days for special occasions (country-specific), so you can recharge and pursue your passions.
Quarterly Bonus Opportunities
— Boost your earnings through our quarterly bonus scheme, directly linked to our shared success.
Mental Wellness Prioritized
— Free, confidential mental health support from licensed therapists through our partnership with Oliva.
Personal Development Investment
— €1,000 annual personal growth budget and 10 dedicated learning hours each month, empowering your continuous growth.
Flexible Working Hours
— Shape your workday around your lifestyle and productivity, choosing working patterns that best suit you.
Vibrant Berlin Office
— Enjoy a flexible, pet-friendly workspace at our spacious headquarters located in one of Berlin's most vibrant neighborhoods.
Global Team Connection
— Regular team-building events and a memorable annual all-expenses-paid company offsite.
Tailored Career Growth
— A personalized career roadmap and development plan designed to keep you advancing professionally.
Home Office Allowance
— Monthly remote-work cash allowance to level up your home workspace or help cover internet costs.
Premium Onboarding Kit
— Branded Phiture gear and your very own MacBook from day one.
Thoughtful Celebrations
— Responsibly sourced birthday, anniversary, and seasonal gifts, because every milestone deserves recognition.
We encourage all qualified individuals to apply, regardless of their age, gender identity, ethnicity, sexual orientation, disability status, or religion. We celebrate diversity and are excited about building teams that represent a variety of backgrounds, perspectives, and skills. All employment decisions are based on qualifications, merit, and business needs."
49,34d39c1ffa4caec3,REVENUE MANAGEMENT ANALYST,LEVEL,"08840 Viladecans, Barcelona provincia",,,,https://es.indeed.com/viewjob?jk=34d39c1ffa4caec3,"LEVEL is a long-haul airline based in Barcelona and part of the IAG group. The company is customer-centric and places a strong emphasis on values such as commitment, an open attitude, a constant drive for improvement, and making travel easy for their customers. With a focus on providing an exceptional customer experience, LEVEL is committed to delivering top-notch service and exceeding the expectations of their passengers
Job Purpose
The objective of the LEVEL Revenue Management team is to maximise revenue per seat flown by optimising pricing and inventory in a competitive environment. The team's primary responsibility is to meet targets by determining the right price at any time, for any product and customer type. Part of the daily challenge is the continuous search for process improvements and market insights to identify revenue opportunities.
Main Responsibilities - Tasks
Define the pricing and inventory strategy for each route by season and point of sale. Updating the strategy based on results and market analysis.
Monitor competition in terms of tactical pricing and product offering.
Set overbooking parameters to generate additional revenue from no show passengers.
Generate a revenue forecast for each route to define strategy changes and alert other teams.
Support the area with various analyses based on identified commercial opportunities.
Define the prices for the sales campaigns and coordinate the strategy with the Marketing/Commerce department according to the needs of each route.
Bring in new ideas to improve/simplify the actual procedures of the area.
Education
Academic background in Mathematics, Statistics, Economics,Engineering or related fields.
Experience
While previous experience is not required, the ideal candidate should possess:
Projects, coursework, or internships demonstrating analytical skills.
Enthusiasm for learning and applying analytical methods in a business context
Competencies
Proficient in data analysis and interpretation
Familiarity with analytical tools and software
Ability to think critically and problem-solve effectively
Excellent attention to detail.
Languages
Spanish: C1 - C2
English: C1 - C2
Location
Viladecans-Barcelona
Our benefits
Staff travel
Enjoy discounted flights with LEVEL.
Flex Benefits
There are flexible benefits available for services like meals, transport, childcare, trainings, and Health Insurance.
Employee Cafeteria & Canteen
Start your day right with a delicious breakfast, grab a quick snack during breaks, or choose from a variety of enticing menu options in our employee cafeteria and canteen at special prices!
Gym Discount
As an employee, you will have access to a special discount on the gym membership. This will allow you to enjoy facilities, fitness classes, consult with a professional nutritionist, and much more!"
50,5145f44a42e1abe1,Campaign Analyst,Smadex SLU,"Barcelona, Barcelona provincia",,Jornada completa,,https://es.indeed.com/viewjob?jk=5145f44a42e1abe1,"Smadex
is a leading advertising technology company founded in Barcelona in 2010 and sold to American-based and stock-listed Entravision in 2018 (NYSE::EVC). We power campaigns for Apps, Games and Brands across Mobile and CTV using advanced machine learning and optimized creative strategies to deliver results. Smadex is one of the fastest growing
DSPs
and we are adding talent to fuel our ambitious plans for 2026 and beyond.
We are looking for a
Campaign Analyst
to join our
Ad Operations team
, to set up the campaigns buying strategies on Smadex DSP and make sure they reach our client’s goals through daily monitoring and optimization.
The candidate should have a mix of
business-oriented and analytical mindset,
to understand the short and long term challenges the
mobile advertising campaigns
are facing and use the tons of data available to get powerful insights to resolve them and create the most effective strategies and algorithms to help improve the Smadex platform
This is a full-time position based in Barcelona!
Your tasks and responsibilities:
Leverage the programmatic ecosystem and attribution knowledge to
build, operate, analyze and optimize
campaigns following the best strategies to achieve our clients’ goals.
Manage and grow your own client portfolio, within a variety of verticals, KPI’s (CPM’s, IPM’s, CPI’s, CPA’s, ROAS, etc) and budgets. Highly
performance
focused.
Analyze large, complex data sets containing the behavior of millions of mobile users worldwide to provide the right strategic and operational decisions.
Obtain insights from our campaign portfolio, to make decisions that will directly impact on our company revenue.
A/B test
different variable changes using Smadex DSP and share the results among the team to keep improving performance.
Help develop and improve our product tools and processes to ensure data influences decisions at all levels of the company. Effective communication is required.
What are we looking for:
1+ year
of experience in a similar role.
Knowledge of
digital programmatic buying (
performance focused) is a BIG plus.
Bachelor or Master's Degree in Engineering preferable, if not in Business or Economics.
Data and performance driven mindset and proven working experience in large data sets, understanding of analytic methodologies for data evaluation.
Strong analytical skills with the ability to analyze key metrics to optimize campaigns and meet client’s KPIs.
Ability to adapt and adjust to regular changes in priorities due to the nature of our fast driven environment.
Feedback hungry, critical thinking, high resolution, working autonomy and working ethic are a MUST.
Excellent command of Microsoft Excel
Excellent communication skills in
English
both written and spoken are mandatory.
Proven ability to solve data-related problems using creative thinking.
Experience working with different teams.
SQL/Python/R experience is a plus
Desire to build the biggest company in the world.
Please note that we do NOT provide VISA sponsorship. Candidates without a legal permit to work in Spain won't be considered.
What is in it for you:
Integrate a highly motivated and young team.
Great compensation package.
Top location at the heart of Barcelona in a penthouse office with a rooftop terrace, barbeque, and a fully stocked fridge.
Work from home: 2 days/week
Learning and training opportunities.
Meal vouchers - Tickets Restaurant monthly allowance.
Monthly gym allowance to use in up to 30 DIR gyms around the city.
Monthly TGIF events.
Regular team-building events.
Fun and friendly work environment with talented marketers and engineers from over 21 countries
And more!
F3LJuNWjBt"
51,bab94ad02d42832b,Financial Analyst (Real Estate),BeBoomerang,"Barcelona, Barcelona provincia",,Jornada completa,,https://es.indeed.com/viewjob?jk=bab94ad02d42832b,"1. Main objective:

Build, maintain and update Company Financial Models including business plan, assisting with underwriting of new real estate acquisition and development opportunities and liaising between Finance team, Real Estate team and Shareholder.

2. Main functions:
Build understanding of existing Corporate financial model, including understanding real estate and operational underwriting assumptions and overall business plan for Company
Coordinate any updates to Company business plan, at least once per year in conjunction with the annual budget process
Assist with preparation of and updates to Expansion plans for existing and new markets
Act as an information source between the real estate team and finance team
Work with the real estate team on underwriting and projected returns from new real estate and self storage acquisition and development opportunities assisting with the preparation of real estate acquisition proformas (FLPAs)
Work closely with shareholder on business plan updates and new acquisition and development opportunities, including new market expansions
Be proficient in excel financial modelling software
Assist finance team with preparation of data for banks and financing
Manage the ESG reports

3. Professional profile
Degree in Business Administration or Financial Analysis
+5 years as Financial Analyst
Wide financial modelling experience, ideally in real estate.
Deep knowledge of financial modelling software, especially Microsoft Excel
Analytical mindset
Excellent problem-solving skills
Attention to detail
Works well as part of a team
High English level, spoken and written."
52,c59f3e0188b44338,Insight Analytics Team Leader,dLocal,"Trabajo híbrido in Barcelona, Barcelona provincia",,Jornada completa,,https://es.indeed.com/viewjob?jk=c59f3e0188b44338,"Why should you join dLocal?
dLocal enables the biggest companies in the world to collect payments in 40 countries in emerging markets. Global brands rely on us to increase conversion rates and simplify payment expansion effortlessly. As both a payments processor and a merchant of record where we operate, we make it possible for our merchants to make inroads into the world’s fastest-growing, emerging markets.
By joining us you will be a part of an amazing global team that makes it all happen. Being a part of dLocal means working with 1000+ teammates from 30+ different nationalities and developing an international career that impacts millions of people’s daily lives. We are builders, we never run from a challenge, we are customer-centric, and if this sounds like you, we know you will thrive in our team.
What’s the opportunity?
We are seeking a highly motivated and analytically driven Insight Analytics Team Leader to join our growing organization. This role is pivotal in transforming business questions into actionable insights, driving data-informed decision-making, and fostering a culture of analytics excellence. The ideal candidate will combine strong technical expertise with business acumen, leadership skills, and a passion for mentoring others in analytics best practices. You’ll be the connective tissue between data and decisions - shaping strategy, accelerating execution, and building an insight culture that compounds value over time.
What will I be doing?
Lead and develop the team.
Hire, provide feedback, coach, and grow a team of insight analysts; set standards for analytical rigor, speed, and stakeholder impact.
Translate Business Questions into Analytical Requirements
Partner with business leaders and stakeholders (e.g. Product, Commercial, Operations, and Finance) to identify high-value business problems and translate them into clear, testable analytical hypotheses.
Deliver deep-dive analysis.
Run diagnostic and predictive analyses (e.g., cohorting, segmentation, regression, LTV/retention modeling, forecasting) to explain what’s happening, why, and what to do next, leveraging both internal BI data products and external market context.
Proactively Identify Opportunities for Action.
Mine data to uncover hidden patterns, risks, and revenue-generating opportunities, going beyond reactive analysis to drive proactive business value.
Communicate Insights and Influence Decisions.
Synthesize complex findings into compelling, executive-ready narratives. Present insights, recommend actionable steps, and collaborate with business teams to ensure implementation and measurable impact.
Foster a Community of Insight Producers.
Collaborate with other analytics professionals across the business, sharing best practices and building a strong analytics community.
Champion Analytics Literacy and Training.
Mentor and train business users to self-serve data, interpret dashboards, and build their own analytical capabilities.
What skills do I need?
Proven leadership in analytics
. 6–10+ years in analytics or data science with 3-5+ years leading high‑impact teams in product, commercial, or operations analytics.
Strong technical toolkit
. Expert SQL (on cloud e.g. AWS/GCP); proficiency in Python or R using notebooks for analysis; fluency with BI/visualization tools (e.g. Looker, Quicksight, Plotly, Power BI) and experience with orchestration tools e.g. Airflow
Experimentation and statistics
. Practical experience with test design, power and sample‑size calculations, regression/causal inference basics, and interpretation limits.
Business acumen and storytelling
. Ability to connect analysis to P&L impact; craft concise, executive‑level narratives; and influence decisions across functions.
Bias to action
. Comfortable operating in ambiguity, prioritizing ruthlessly, and shipping insights quickly with clear trade‑offs and follow‑ups.
Nice to have
. Domain experience in payments/fintech, marketplace, or B2B SaaS; familiarity with product analytics, growth, risk, or pricing.
How success is measured
Adoption and impact.
Percentage of recommendations implemented and attributable business outcomes (revenue lift, cost/risk reduction, customer metrics).
Time‑to‑insight.
Cycle time from question to decision; experiment velocity and win rate.
Data and self‑serve health.
Stakeholder satisfaction (NPS), reduction in ad‑hoc requests due to effective enablement, and quality of curated datasets/metrics.
Team excellence.
Hiring velocity, retention, skill growth, and on‑time delivery against the analytics roadmap.
What do we offer?
Besides the tailored benefits we have for each country, dLocal will help you thrive and go that extra mile by offering you:
Flexibility: we have flexible schedules and we are driven by performance.
Fintech industry: work in a dynamic and ever-evolving environment, with plenty to build and boost your creativity.
- Referral bonus program: our internal talents are the best recruiters - refer someone ideal for a role and get rewarded.
Learning & development: get access to a Premium Coursera subscription.
Language classes: we provide free English, Spanish, or Portuguese classes.
Social budget: you'll get a monthly budget to chill out with your team (in person or remotely) and deepen your connections!
dLocal Houses: want to rent a house to spend one week anywhere in the world coworking with your team? We’ve got your back!
Flexibility in how you work:
We focus on impact and productivity over fixed hours. This means our teams have flexible schedules and, depending on your role and location, you will combine self‑managed focus time with moments of in‑person connection in our collaboration hubs.
What happens after you apply?
Our Talent Acquisition team is invested in creating the best candidate experience possible, so don’t worry, you will definitely hear from us. We will review your CV and keep you posted by email at every step of the process!
Also, you can check out our webpage, Linkedin and Youtube for more about dLocal!
We may use artificial intelligence (AI) tools to support parts of the hiring process, such as reviewing applications, analyzing resumes, or assessing responses. These tools assist our recruitment team but do not replace human judgment. Final hiring decisions are ultimately made by humans. If you would like more information about how your data is processed, please contact us."
53,484f1a433d23e08d,Associate Consultant,Alira Health,"Barcelona, Barcelona provincia",,Jornada completa,,https://es.indeed.com/viewjob?jk=484f1a433d23e08d,"Join our global team dedicated to innovation and initiative, where physical walls and different time zones don’t limit, but encourage, collaboration. Where all contributions and new ideas are explored with an open mind and work is driven by our shared values: be courageous, be accountable, be honest, be inclusive and elevate others.
Job Description Summary
Job Description
ROLE
Associate Consultants are involved in the execution of project(s). Key activities performed by Associate Consultants include researching information, conducting interviews, analyzing data, supporting modeling activities, and preparing deliverables, among others.
KEY RESPONSABILITIES
Project Execution/ Billability (80-90%):
Independently performs quantitative and qualitative analysis to identify client issues and key learnings.
Supports the development of discussion materials and coordinates primary market research and conducts interviews.
Creates sections of client deliverables under general guidance from experienced project leaders.
Communicates findings and anticipates potential issues promptly to project leaders.
Present small sections of the deliverable to the client.
Business Development/ Corporate Initiatives & Thought Leadership (up to 20%):
Support and act as the point of reference for Analysts in their daily activities and training, among others.
Fully support the development of project proposals for clients upon needs.
Participates in corporate development by contributing to recruiting, knowledge management, technology systems, and related functions.
Develops an understanding of the healthcare industry.
DESIRED QUALIFICATION & EXPERIENCE
Graduate degree with an excellent track record in either Life Sciences related, Business, Economics, or Engineering programs. PhD or MBA are considered a plus.
2+ year of professional experience in management consulting, life sciences / healthcare industry, or private equity.
Availability for occasional international travel (EU).
TECHNICAL COMPETENCES & SOFT SKILLS
Strong analytical skills
Ability to problem-solve challenges
Excellent interpersonal skills, time management, and organization skills.
Adaptability and an ability to learn quickly and apply new knowledge.
Ability to work independently and prioritize tasks
Ability to work with teams based in different countries.
Advanced skills in MS Office Suite (PowerPoint, Excel, and Word) and elevated level of attention to detail.
Excellent business English, both written and verbal. Additional language is a plus.
Understanding of healthcare industry concepts and challenges, such as trends, regulatory, clinical, regulatory, and general market access, are considered a plus.
Languages
English
Education
Bachelor of Science (BS): Business Administration/Management, Bachelor of Science (BS): Economics, Bachelor of Science (BS): Engineering, Bachelor of Science (BS): Life Sciences
Contract Type
Regular"
54,0f1e2d3c4b5a6978,,,,,,,https://es.indeed.com/viewjob?jk=0f1e2d3c4b5a6978,
55,37f7cee9bcaf9168,Digital Analyst & CRO Specialist,Relevance,"Trabajo híbrido in 08036 Barcelona, Barcelona provincia",,Jornada intensiva los viernes,,https://es.indeed.com/viewjob?jk=37f7cee9bcaf9168,"Lo que buscamos
Buscamos un/a Digital Analyst & CRO Specialist con mentalidad analítica, curiosidad estratégica y capacidad para convertir los datos en decisiones. Un perfil que combine visión de negocio, dominio técnico y sensibilidad digital, capaz de conectar los insights con la estrategia y la optimización de la experiencia de usuario.
Tu misión será gestionar la analítica web y la estrategia de conversión (CRO), diseñar y mantener dashboards e informes, planificar tests A/B y multivariante, y apoyar a los equipos de estrategia, UX/UI y marketing en la toma de decisiones basadas en datos.
Además, impulsarás el uso de IA aplicada a la analítica y automatización, contribuyendo a desarrollar procesos más inteligentes y predictivos.
¿Cuál será tu misión?
Diseñar, implementar y mantener ecosistemas de analítica digital (GA4, GTM, GSC, Looker Studio, BigQuery u otras herramientas más allá del ecosistema Google).
Definir y hacer seguimiento de KPIs clave para medir el rendimiento de webs, comportamiento de usuarios, campañas y funnels de conversión.
Elaborar dashboards dinámicos y visuales para diferentes áreas del proyecto y cliente.
Planificar, ejecutar y analizar tests A/B y experimentos orientados a la mejora continua de la conversión y la experiencia de usuario.
Proponer hipótesis de optimización basadas en datos cuantitativos y cualitativos.
Traducir los datos en storytelling accionable, aportando contexto, patrones y oportunidades de mejora.
Colaborar con los equipos de UX/UI, estrategia y desarrollo tecnológico para la implementación de mejoras basadas en resultados.
Incorporar herramientas y modelos de IA para la detección de insights, segmentación de audiencias o predicción de comportamiento.
Garantizar la calidad del dato y la consistencia del tracking, documentando procesos y configuraciones.
Contribuir a la madurez analítica del cliente, ayudando a escalar su cultura data-driven.
¿Qué buscamos en ti?
Formación en Marketing Digital, Estadística, Matemáticas, Ingeniería, o similar.
Experiencia mínima de 3-5 años en analítica digital, CRO o data strategy, preferiblemente en agencia o consultora.
Dominio de Google Analytics 4, Google Tag Manager, Looker Studio y conocimientos de BigQuery o SQL.
Experiencia en testing y optimización de conversión (A/B, multivariante, user journey, heatmaps, etc.).
Conocimientos en herramientas de CRO como Google Optimize, VWO, Optimizely o similares.
Capacidad para sintetizar y comunicar insights complejos de forma visual y estratégica.
Interés por la IA aplicada a la analítica, automatización y predicción de comportamiento.
Experiencia en visualización de datos y reporting ejecutivo.
Nivel alto de español e inglés (hablado y escrito).
Se valorará experiencia previa con clientes del sector automoción.
Actitud colaborativa, curiosa, meticulosa, comunicativa, proactiva.
¿Qué ofrecemos?
Formar parte de un equipo estratégico, creativo y tecnológico con proyectos de alta relevancia sectorial y gran impacto.
Participar en la definición de estrategias data-driven para marcas líderes.
Espacio para experimentar, proponer y aplicar nuevas metodologías de optimización.
Cultura colaborativa e* innovadora*, con espacio para aportar ideas y crecer profesionalmente.
Modalidad híbrida de trabajo.
Buen ambiente, rigor y sentido del humor.
Sobre nosotros
En Relevance ayudamos a las marcas a tomar decisiones más inteligentes en marketing, comunicación y patrocinio para ser realmente relevantes para sus audiencias.
Con más de 19 años de experiencia y mentalidad start-up, combinamos análisis, estrategia y creatividad para generar impacto real.
Nuestra actividad se articula en cinco áreas clave:
Brand Strategy – Diseñamos estrategias que construyen marcas líderes.
Brand Design – Creamos identidades visuales potentes y campañas memorables.
Digital – Activamos marcas con estrategia, contenido y resultados.
Data Intelligence – Convertimos datos en decisiones estratégicas.
ROI & Sponsorship – Diseñamos estrategias, medimos y optimizamos el retorno de patrocinios.
Creemos en la relevancia como ventaja competitiva, transformando los datos en estrategia y la estrategia en resultados.
Tipo de puesto: Jornada completa, Contrato indefinido
Beneficios:
Eventos de la empresa
Jornada intensiva los viernes
Preguntas para la solicitud:
¿Cuáles son tus expectativas salariales para el puesto?
Experiencia:
CRO: 3 años (Obligatorio)
analítica digital: 3 años (Obligatorio)
Idioma:
Inglés (Obligatorio)
Ubicación del trabajo: Teletrabajo híbrido en 08036 Barcelona, Barcelona provincia"
56,4187363c720652fd,Senior Digital Analyst,Garaje de Ideas,"Trabajo híbrido in 08024 Barcelona, Barcelona provincia",,Jornada completa +1,,https://es.indeed.com/viewjob?jk=4187363c720652fd,"DESCRIPCIóN
Lo que buscamos es…
Un Data Analyst que cuente con amplios conocimientos en el manejo y transformación de datos mediante SQL y/o Python y que haya trabajado previamente como analista o con datos digitales (Google Analytics, Adobe Analytics). Este perfil trabajará con el dato digital como principal fuente, colaborando con los equipos del cliente en la ingesta, procesamiento y almacenamiento de estos datos en su Data Warehouse con el objetivo de potenciar las capacidades analíticas del cliente.
Y en concreto, esto es lo que harás:
Liderar la estrategia técnica de medición de analítica digital en portales y marketplaces, colaborando con los equipos de desarrollo del cliente.
Traducir las necesidades de medición (plan de etiquetado) en una estructura de datos sólida y escalable en Adobe Analytics.
Auditoría y validación del dato, realizando tareas de automatización de debugging y QA
Manipular y entender el comportamiento del DOM y JavaScript para garantizar una captura de datos precisa en diferentes entornos técnicos.
Crear un estándar de medición ""long-term"" que permita a otros equipos integrarse sin romper la estructura global.
Diseñar el modelo de datos para la ingesta y almacenamiento del dato
Data Warehouse
,
trabajando directamente con Data Feeds de Adobe.
Colaborar con el equipo Data & BI en la definición y puesta en marcha de pipelines de ingesta de datos y procesos ETL para garantizar el almacenamiento de datos en el Data Warehouse
Formar un tándem con un equipo multidisciplinar y de analítica digital, aportando soluciones técnicas (Python/JS/SQL) a los retos de negocio que se identifican.
Para eso, necesitamos que tengas experiencia y conocimientos en…
Herramientas como Adobe Analytics o Google Analytics.
Entender que es una tasa de conversión, un funnel y por qué la consistencia del dato es vital.
JavaScript:
Nivel avanzado para entender y proponer mejoras en la capa de datos.
Python:
Capacidad de scripting para automatización de tareas y conexión con APIs.
SQL Avanzado:
Modelado de datos y transformaciones complejas.
Mentalidad Sistémica:
Capacidad para diseñar soluciones que no sean parches, sino infraestructuras que duren años.
Herramientas:
Tracking:
Adobe Launch, Data Layer (JSON), API Management.
Data Ops:
dbt, Git, Scripts de automatización (QA).
Data Storage:
Snowflake / BigQuery / Redshift.
Visualización:
Tableau (Data Prep)
No es necesario ser experto en Adobe:
Valoramos que conozcas el ecosistema, pero lo más importante es tu capacidad para programar la solución. El equipo de Garaje te aportará un conocimiento más profundo de la herramienta.
En Garaje nos gustan las personas que…
Se enorgullecen de su trabajo, dan lo mejor de sí mismas, se divierten siempre, son valientes y se arriesgan, aprenden de los errores y aman lo que hacen.
Nuestra actitud se define por la pasión con la que nos involucramos en nuestros proyectos, la empatía y cercanía que mostramos hacia nuestros clientes, y nuestra ambición de ir más allá de lo correcto.
En Garaje...Somos | No somos:
Somos personas humildes y cercanas [pero no serviles ni simplistas]
Somos personas apasionadas y expertas [pero no abrumadoras ni pretenciosas]
Somos makers con propósito [pero no meras hacedoras o gurús]
Somos personas valientes y consecuentes [pero no insensatas o irresponsables]
Somos autoexigentes [pero no bloqueantes]
Y las ventajas con las que contarás son:
Contrato indefinido:
Queremos que te sientas parte de Garaje y que puedas crecer con nosotros a largo plazo.
Flexibilidad horaria:
Tenemos horario flexible para que puedas adaptar tu jornada laboral a tu vida personal. Puedes ajustar tanto tu hora de entrada como de salida según las dinámicas y necesidades de conciliación, equipo y proyecto. Y en verano podrás disfrutar de jornada intensiva.
Trabaja desde donde quieras y ven a cualquiera de nuestras oficinas siempre que quieras.
Seguro médico con Adeslas:
Accede al seguro de Garaje con beneficios fiscales. Además, puedes incluir a tu pareja e hijos. Sin copagos, carencias ni cuestionarios.
Retribución flexible:
Ahorra en IRPF dedicando parte de tu salario a ticket restaurante, transporte y guardería.
26 días de descanso:
Descansa con 23 días de vacaciones y festivos regionales. Además, te concedemos 2 días adicionales libres en Navidad y en tu cumpleaños para celebrar momentos especiales.
Incentivos:
Trae nuevos clientes o empleados a Garaje y te pagamos por ello. ¡Sé parte del crecimiento!
Cultura de la transparencia:
Creemos en la comunicación abierta y compartimos periódicamente la situación y objetivos de la compañía en nuestros All Hands, newsletter..
G-Book:
Nuestro oráculo. En Garaje, tenemos una guía en Notion que resuelve todo tipo de dudas. Allí, puedes encontrar respuestas a preguntas que van desde cómo solicitar días libres y conocer quién es quién, hasta cómo preparar una guía de prueba, plantillas corporativas para entregables o presentaciones de proyectos similares como referencia... ¡No te sentirás perdido!
Eventos y dinámicas frecuentes:
Compartimos conocimiento y aprendizajes de los proyectos constantemente. Como nos gusta pasar tiempo juntos, también organizamos eventos informales para conocernos mejor y divertirnos como equipo.
Bono de 500€:
Incentivamos tu desarrollo profesional con un bono de 500€ para que inviertas en formación, aprendizaje de idiomas, libros o eventos del sector.
Entorno de alto crecimiento:
Evoluciona tu carrera en Garaje y trabaja en equipos multidisciplinarios de Diseño, Data, Growth y Tecnología, creando experiencias, servicios y productos con impacto para grandes clientes como Vodafone, BBVA, Endesa, Banco Santander, Inditex, Telefónica, Adeslas, Repsol, IKEA, Legálitas, RBI y Grupo Dani García. Ser parte del equipo de Garaje significa tener la oportunidad de contribuir a la creación de experiencias, servicios y productos con un impacto significativo.
Trabajarás entendiendo la data como una disciplina siempre ligada a todas las fases de diseño y desarrollo de producto, sentando bases sólidas en visualización, personalización y optimización para mejorar la experiencia de usuario y facilitar la toma de decisiones.
¿Qué pasará ahora?
Si te suena bien, haz click en solicitar”, ¡estamos esperando tu candidatura con ganas!
Si tu perfil encaja con lo que estamos buscando, nos pondremos en contacto contigo pronto para coordinar una primera llamada telefónica de acercamiento. Si avanzas, seguramente te pediremos que hagas un breve reto técnico para verte en acción y después conocerás a alguien del equipo."
57,0fd9c77f4b9ccf51,Incident Management Analyst III,dLocal,"Trabajo híbrido in Barcelona, Barcelona provincia",,Jornada completa,,https://es.indeed.com/viewjob?jk=0fd9c77f4b9ccf51,"Why should you join dLocal?
dLocal enables the biggest companies in the world to collect payments in 40 countries in emerging markets. Global brands rely on us to increase conversion rates and simplify payment expansion effortlessly. As both a payments processor and a merchant of record where we operate, we make it possible for our merchants to make inroads into the world’s fastest-growing, emerging markets.
By joining us you will be a part of an amazing global team that makes it all happen. Being a part of dLocal means working with 1000+ teammates from 30+ different nationalities and developing an international career that impacts millions of people’s daily lives. We are builders, we never run from a challenge, we are customer-centric, and if this sounds like you, we know you will thrive in our team.
What’s the opportunity?
As an Incident Management Analyst, you will be responsible for analyzing and expediently resolving incidents within our IT services by following the incident management processes.
You will be expected to analyze, troubleshoot, log and categorize incidents to conclusion with an aim to avoid recurring incidents whilst improving our incident management protocols and service. In addition, you will be required to drive critical incident service impacts to expedient resolution working closely with the technical teams.
What will I be doing?
Responding to a reported service incident, identifying the cause, and following the incident management processes.
Prioritizing incidents according to their urgency and impact on the business and customers.
Prepare knowledge articles post incidents to assist expedient resolutions.
Coordinate and communicate effectively with the technical teams and stakeholders throughout the incident lifecycle.
Initiate escalate process when incidents cannot be resolved within predefined timeframes or by initial response teams.
Lead or participate in incident investigations and root cause analysis identifying underlying caused and recommending preventative measures.
Lead and participate in the initial preparation of incident reports and root cause analysis post-mortem reports.
Logging all incidents and resolution through clear closure categorization and conclusion to identify and capture possible recurring failures.
Enhancing the incident management process as required to ensure continued relevance within the business.
Communicating with management if major issues are found in the IT systems.
Collaborating and sharing workloads with team members and prioritizing non-urgent tasks as appropriate.
What skills do I need?
3 -5 years’ experience in an incident management analyst role which includes root cause & postmortem expertise including incident commander experience.
Ability to focus on solving critical incidents and drive expedient resolutions.
Background in Software Development/Automation desired
Excellent interpersonal skills and the ability to collaborate with global teams.
Excellent troubleshooting, problem solving, analytical and time management skills.
Ability to learn and understand new technologies in a short period of time.
Experience in Databases / Infrastructure / Micro Services / SQL
Background in a financial payments industry or similar.
Fluent English Speaker
What do we offer?
Besides the tailored benefits we have for each country, dLocal will help you thrive and go that extra mile by offering you:
Flexibility: we have flexible schedules and we are driven by performance.
Fintech industry: work in a dynamic and ever-evolving environment, with plenty to build and boost your creativity.
- Referral bonus program: our internal talents are the best recruiters - refer someone ideal for a role and get rewarded.
Learning & development: get access to a Premium Coursera subscription.
Language classes: we provide free English, Spanish, or Portuguese classes.
Social budget: you'll get a monthly budget to chill out with your team (in person or remotely) and deepen your connections!
dLocal Houses: want to rent a house to spend one week anywhere in the world coworking with your team? We’ve got your back!
Flexibility in how you work:
We focus on impact and productivity over fixed hours. This means our teams have flexible schedules and, depending on your role and location, you will combine self‑managed focus time with moments of in‑person connection in our collaboration hubs.
What happens after you apply?
Our Talent Acquisition team is invested in creating the best candidate experience possible, so don’t worry, you will definitely hear from us. We will review your CV and keep you posted by email at every step of the process!
Also, you can check out our webpage, Linkedin and Youtube for more about dLocal!
We may use artificial intelligence (AI) tools to support parts of the hiring process, such as reviewing applications, analyzing resumes, or assessing responses. These tools assist our recruitment team but do not replace human judgment. Final hiring decisions are ultimately made by humans. If you would like more information about how your data is processed, please contact us."
58,7e418e7d13c8b1be,Senior Data Scientist - Barcelona (Hybrid),Wizeline,"Barcelona, Barcelona provincia",,,,https://es.indeed.com/viewjob?jk=7e418e7d13c8b1be,"The Company
Wizeline is a global digital services company helping mid-size to Fortune 500 companies build, scale, and deliver high-quality digital products and services.
We thrive in solving our customer’s challenges through human-centered experiences, digital core modernization, and intelligence everywhere (AI/ML and data). We help them succeed in building digital capabilities that bring technology to the core of their business.
Our People
At Wizeline, we are a team of near 2,000 people spread across 25+ countries. We understand that great technology begins with outstanding talent and diversity of thought. Our business was built on doing well and doing good, and our values of Ownership, Innovation, Community, and Diversity & Inclusion are embedded within our company’s DNA. We are committed to offering our Wizeliners the opportunity to create their career path and develop the skills needed to achieve their personal goals.
Community Impact
We are proud to contribute to local economies by developing technology ecosystems in places like Mexico, Colombia, and Vietnam. We also created Wizeline Academy, a free, community-based education program that teaches high-value skills to workers looking to advance their tech industry careers. As of 2022, Academy has served more than 28,000 students across 675 courses. Wizeliners have the opportunity to upskill by taking Wizeline Academy courses and can also share their expertise by delivering classes to students.
What will you bring to the team?
The Intelligence Unit of the Business Operations team seeks a Data Scientist with strong analytical and communication skills to join our team. We develop algorithms that involve learning from core systems, such as HCM, ERP, ATS, CRM, internal products, and Staffing Systems, in order to generate and improve existing data models.
Your Day-to-Day
On a typical day, you will work closely with talented data analysts, data engineers, software engineers, and business groups. As a successful data scientist in our team, you are an analytical problem solver who enjoys diving into data, is excited about investigations and algorithms, can multi-task, and can credibly interface between technical teams and business stakeholders. Your analytical abilities, business understanding, and technical savvy will be used to identify specific and actionable opportunities to solve existing business problems, through collaboration with engineering and business teams. Your expertise in synthesizing and communicating insights and recommendations to audiences of varying levels of technical sophistication will enable you to answer specific business questions and innovate for the future.
Major responsibilities include:
Analyzing and translating business needs into long-term solution data models, utilizing code for analyzing data, and building statistical and machine learning models and algorithms.
Evaluating implemented data systems for variances, discrepancies, and efficiency.
Supporting decision-making by providing requirements to develop analytic capabilities, platforms, pipelines, and metrics then using them to analyze trends and find root causes of model inaccuracy.
Are You a Fit?
Minimum qualifications:
Background in any of these areas:
Statistics and Applied Math, Computer Science, Finance, and Economics.
Python/R/Scala and SQL, demonstrating best practices for data coding to ensure consistency.
English Proficiency
5+ years of experience working in the Data Science field
Data-focused applied mathematics (statistical analysis)
Preferred Qualifications:
Data analysis tools and libraries such as Python (NumPy / SciPy / scikit-learn / pandas / matplotlib), R, SAS, SPSS, etc
Database Experience: Ability to perform CRUD operations on relational and non-relational datasets.
Big Data Technologies Experience: Ability to create ETL pipelines and use machine learning algorithms.
Data Visualization: Display data to provide insights: show patterns, trends, or correlations in a single plot. The ability to produce dynamic and interactive data visualizations is a plus.
Why You Should Apply
Still not convinced you should apply? Here are some of the things that make Wizeline different from other technology services companies:
Our Values
At Wizeline, we value innovation, community, and ownership. Our commitment to diversity, inclusion, and respect fosters an environment where everyone does well and does good. We're proud to be recognized by the Human Rights Campaign Foundation in response to our inclusive corporate policies and best practices for LGBTQ+ employees.
Our Culture
We offer exceptional career growth and learning opportunities to our employees with skill development workshops, mentoring programs, and support for side projects or entrepreneurial work. We ranked 7th on Expansión’s Super Companies 2021 list.
Our Benefits and Perks
We offer competitive compensation and employee-centric benefits, including industry-leading maternity and paternity leave, wellness programs, and remote work opportunities. All Wizeliners have access to continuous learning opportunities through Wizeline Academy, including cloud certifications, mentorship, LinkedIn Learning, Udemy, and in-house technical bootcamps developed by our experts in the field.
In recognition of our superb employee benefits, we debuted on Quartz’s list of the Best Companies for Remote Workers and ranked 5th on Expansión’s Super Workspaces 2021 list.
Our Global Family
To support the global nature of our business and help our employees grow beyond their technical skills, we offer free virtual English and Spanish language classes as well as provide immigration support when applicable. Prior to COVID-19, we had a robust Work Abroad program in place, which we plan to continue once it’s safe to do so.
#AllAreWelcomeHere
Wizeline creates and fosters a diverse, inclusive, and harassment-free workplace where everyone can achieve their potential. All applicants will be considered for employment regardless of race, color, religion, sex, sexual orientation, gender identity, national origin, veteran, or disability status.
Please note that by submitting your application, you agree with the terms and conditions of our Privacy Policy."
59,44671686f2e39f22,Senior Product Analyst,Moniepoint,"Barcelona, Barcelona provincia",,,,https://es.indeed.com/viewjob?jk=44671686f2e39f22,"Who we are
Moniepoint is Africa's all-in-one financial ecosystem, empowering businesses and their customers with seamless payment, banking, credit, and management tools. In 2023, we processed $182 billion and are Nigeria's largest merchant acquirer.
About the role
The Senior Product Analyst will be responsible for driving the growth and success of payment products by developing strategies that enhance user acquisition, retention, and overall product engagement. This role requires a blend of analytical skills, strategic thinking, and collaboration across various teams to ensure that payment solutions meet market demands and align with business objectives. Typically, you ensure that the product not only attracts users but also grows efficiently as the company scales.
Curious about what makes Moniepoint an incredible place to work?
Check out posts on how we cultivate a culture of innovation, teamwork, and growth.
Key Responsibilities
Formulate and implement comprehensive growth strategies that align with the company's vision and objectives. This includes identifying market trends and opportunities for product enhancement.
Conduct in-depth market analysis to understand customer needs, competitive landscape, and emerging trends in the fintech payments sector.
Utilize data analytics to monitor product performance metrics such as user acquisition, retention rates, and engagement levels. Make data-driven decisions to optimize product offerings.
Work closely with engineering, marketing, sales, and customer support teams to ensure cohesive execution of growth initiatives.
Facilitate communication between teams to align goals and share insights.
Collaborate with UX/UI designers to enhance the user experience of payment products.
Gather user feedback through testing and surveys to refine features and improve satisfaction
Regularly review performance data to identify areas for improvement and adjust strategies accordingly.
Setting and ensuring the company achieves specific KPIs in product-related metrics, such as activation, acquisition, conversion, retention, referrals, and revenue
Qualifications
5–7 years of experience in product management or growth roles, preferably within the fintech or SaaS industry.
Proven track record of driving user acquisition, retention, and engagement through data-driven strategies.
Familiarity with payment processing technologies is a plus.
degree in business, finance, technology, or a related field is typically required.
Advanced degrees or certifications in product management or fintech are advantageous.
Strong analytical abilities with proficiency in data analysis tools.
Ability to interpret complex data sets and derive actionable insights.
Excellent verbal and written communication skills are necessary for effective collaboration with diverse teams and stakeholders.
Understanding of software development processes and experience with product management tools (e.g., JIRA, Confluence) is beneficial.
Expert knowledge of various testing methodologies (A/B testing, multivariate testing, incrementality testing, usability testing)
Additional skills
Product management
Analytics
Marketing
Data Science
Design
Customer Success
What we can offer you
Culture - We put our people first and prioritize the well-being of every team member. We've built a company where all opinions carry weight and where all voices are heard. We value and respect each other and always look out for one another. Above all, we are human.
Learning - We have a learning and development-focused environment with an emphasis on knowledge sharing, training, and regular internal technical talks.
Compensation - You'll receive an attractive salary, pension, health insurance, annual bonus, plus other benefits.
What to expect in the hiring process
A preliminary phone call with one of our recruiters.
A panel interview with a member of the hiring team.
A behavioral and technical interview with a member of the Executive team
Moniepoint is an equal opportunity employer. We celebrate diversity and are committed to creating an inclusive environment for all employees and candidates."
60,ce3e369b02bbb9ce,Senior Data Engineer,VML MAP,"Barcelona, Barcelona provincia",,,,https://es.indeed.com/viewjob?jk=ce3e369b02bbb9ce,"About WPP
WPP is the trusted growth partner for the world's leading brands. We unite cutting-edge media intelligence and data solutions, world-class creativity, next-generation production, transformative enterprise solutions and expert strategic counsel in a single company – powered by exceptional talent and our agentic marketing platform, WPP Open, to help our clients navigate change, capture opportunity and deliver transformational growth. For more information, visit WPP.com.

Are you a Senior Data Engineer with a passion to build, support & maintain digital marketing solutions that offers real value? Are you interested in working with the largest global brands and complex challenges in the media analytics space? Then you might be the Senior Data Engineer we're looking for!
What will your day look like?
As our new Senior Data Engineer, you will become part of our growing Data Insights and Science team. Here, you will employ new technologies across multiple cloud platforms to help successful brands reach their next level in 1:1 retargeting, communication, and CRM. More specifically, your tasks include:
Identify, collect, and integrate data from various sources by building high-quality data pipelines and data models for analytics and business intelligence (BI) purposes.
Develop and optimize code to enable pipelines at minimum cost and ease of maintenance.
Build monitoring procedures & tools to ensure solid ETL flows and data quality.
Design processes and tools to correct ETL incidents.
Collaborate with CRM developers, data scientists, data analysts, and product owners to ensure the supplied data supports the business initiatives.
Consult our data analytics teams to ensure best practices on the technical use of data are followed.
Design data architectures and collaborate in data migrations in cloud environments.
Who are you going to work with?
You will join a team of highly skilled Architects, Data Scientists, and Consultants who are passionate about unlocking insights from data through analytics. You will also get to work closely with experts from other Technology, Creative, and Client Teams.
What do you bring to the table?
As a person, you have a team player mindset and an open-minded attitude. You can communicate ideas and technical topics honestly and clearly – also to non-experts – while respecting the views of others on the team. You are eager to understand and find solutions, allowing you to quickly adapt to changing situations and come up with new ideas.
At the same time, you solve problems in an analytical and pragmatic manner.
Moreover, you have:
Experience in data engineering, big data, business intelligence, or data science.
Experience in Spark, Python, Scala, or similar.
Excellent SQL skills enabling large-scale data transformation and analysis.
A comprehensive understanding of cloud data warehousing, data pipelines and data transformation (extract, transform, and load) processes and supporting technologies such as Google Dataflow, Looker, DBT, EMR, CI/CD Pipelines, Airflow DAGs, and other analytics tools.
Experience with cloud-based data infrastructures (Ideally GCP, but AWS or Azure would also suffice)
Programming experience in Javascript, Python, or similar.
Expertise in managing databases, including performance tuning, backup, and recovery.
Solid knowledge of data quality management best practices, including data profiling, data cleansing, and data validation
Knowledge of strengths and limitations of visualization tools (e.g. PowerBI, Tableau, Looker, etc.) in terms of data modeling in the visualization tools.
Understanding of versioning control tools like GitHub to changes related to dbt models and transformations, ensuring that changes are tracked, documented, and reviewed by the appropriate stakeholders.
Knowledge of applying data governance principles, policies, and practices that ensure data accuracy, consistency, and security
Knowledge of Kubernetes would be an advantage
Personal skills:
Strong desire to contribute towards keeping data tidy and well-organized
Ability to think critically, identify issues autonomously, and propose corrective actions.
Build great relationships with your team and stakeholders
A leader in personalized customer experiences
VML MAP is a world-leading Centre of Excellence that helps businesses humanize the relationship between the brand and the customer through hyper personalization at scale, marketing automation and CRM. With the brain of a consultancy, the heart of an agency and the power of technology and data, we work with some of the world's most admired brands to help them on their transformation journey to becoming truly customer-centric. Together, we are 1000 + technology specialists, data scientists, strategic thinkers, consultants, operations experts, and creative minds from 55+ nationalities.
A global network
We are part of the global VML network that encompasses more than 30,000 employees across 150+ offices in 60+ markets, each contributing to a culture that values connection, belonging, and the power of differences.
#LI-EMEA

WPP (VML MAP) is an equal opportunity employer and considers applicants for all positions without discrimination or regard to characteristics. We are committed to fostering a culture of respect in which everyone feels they belong and has the same opportunities to progress in their careers.
For more information, please visit our website, and follow VML MAP on our social channels via Instagram, LinkedIn and X.
When you click ""Apply now"" below, your information is sent to VML MAP. To learn more about how we process your personal data during when you apply for a role with us, on how you can update your information or have the information removed please read our Privacy policy. California residents should read our California Recruitment Privacy Notice."
61,71efeb2de711ce58,Project Manager DATA Sanitaria,Grupo Digital,"Trabajo híbrido in Barcelona, Barcelona provincia",,Jornada completa,,https://es.indeed.com/viewjob?jk=71efeb2de711ce58,"Descripción:
Desde
Grupo Digital
, estamos en búsqueda de incorporar en plantilla
un/a Jefe/a de proyecto con experiencia en la gestión de proyectos de analítica avanzada de datos,
preferiblemente en el ámbito sanitario.
Se trabajará para el Sistema de Salud de una Comunidad Autónoma.
Cuáles serán tus tareas?
Medición, seguimiento, evaluación y comunicación de progresos.
Asegurar el cumplimiento de los estándares de calidad y la entrega en tiempo y forma.
Toma y análisis de requisitos.
Facilitar el trabajo en equipo y la comunicación constante entre la parte técnico y los stakeholders del proyecto.
Identificar y gestionar riesgos y problemas relacionados con el proyecto o el equipo.
Qualifications
¿Qué buscamos?
Ingeniería o grado en Informática, Biomédica o disciplinas afines.
Experiencia en
gestión de proyectos de Data y Salud.
Experiencia en metodologías y frameworks ágiles (Scrum, Kanban, Safe...)
Aunque no son conocimientos imprescindibles para el desarrollo del puesto, valoramos positivamente
Experiencia en gestión de proyectos tecnológicos en el ámbito de sanitario.
Conocimiento de
estándares sanitarios
: HL7, FHIR, OpenEHR.
Conocimientos técnicos de desarrollo (Java, servicios REST, JSON, Angular, Postman).
Certificación en
gestión de proyectos (PMP).
¿Qué es lo que le ofrecemos?
contratación directa en cliente
Ambiente de trabajo internacional, positivo, dinámico y motivado.
Modelo de
trabajo híbrido (teletrabajo/presencial).
Horario flexible.
Formación continua:
Preparación certificaciones, acceso a Coursera, clases semanales de inglés y alemán...
Plan de
compensación flexible
: seguro médico, tickets restaurante, guardería, ayudas al transporte...
Seguro de vida y accidentes.
Más de 26 días laborables de vacaciones al año.
Servicio gratuito en especialistas (médicos, fisioterapeutas, nutricionistas, psicólogos, abogados...
)
en cuanto a nosotros ...
Grupo Digital
Somos un grupo de empresas tecnológicas, formado actualmente por unos 150 profesionales, en distintas áreas: desarrollo, sistemas, ingeniería automática, consultoría... Si quieres impulsar tu carrera con un proyecto único de la mano de una multinacional de primerísimo nivel, no dudes en presentar tu candidatura. ¡Te esperamos!
Amplia informacion en nuestra web
www.grupodigital.eu
Requisitos:
#gestion proyectos
#PMP
#DATA ANALYST"
62,f54106f2dfa0c728,Senior BI engineer,Cint,"Teletrabajo in Barcelona, Barcelona provincia",,Jornada completa,,https://es.indeed.com/viewjob?jk=f54106f2dfa0c728,"Company Description
Who We Are
Cint is a pioneer in research technology (ResTech). Our customers use the Cint platform to post questions and get answers from real people to build business strategies, confidently publish research, accurately measure the impact of digital advertising, and more. The Cint platform is built on a programmatic marketplace, which is the world’s largest, with nearly 300 million respondents in over 150 countries who consent to sharing their opinions, motivations, and behaviours.
We are feeding the world’s curiosity!
Job Description
Core Responsibilities
Pipeline & Data Modeling:
Design, build, and maintain scalable automated data pipelines (ETL/ELT) and data models that support complex analytical requirements.
Strategic Visualization:
Develop sophisticated dashboards and reporting tools that provide ""at-a-glance"" insights for executive leadership and deep-dive capabilities for analysts.
Data Governance:
Establish and enforce best practices for data documentation, metadata management, and data quality assurance to ensure ""one source of the truth.""
Performance Optimization:
Audit and optimize SQL queries and dashboard performance to ensure low-latency access to large datasets.
Stakeholder Partnership:
Act as a technical consultant to non-technical departments, helping them define Key Performance Indicators (KPIs) and translate business questions into technical requirements.
Mentorship:
Lead code reviews and mentor junior engineers on data modeling techniques and visualization best practices.
Qualifications
Required Qualifications
Background
Education:
Bachelor’s or Master’s degree in Computer Science, Information Systems, Statistics, or a related quantitative field.
Experience:
5+ years of experience in BI engineering, data engineering, or a highly technical analytics role.
Data Architecture Expertise
Data Integration & Architecture:
Practical experience working with data from multiple, disparate systems and successfully aligning them into unified, high-integrity data models within a modern data warehouse.
Data Warehousing:
Deep practical experience in data warehousing principles, proven experience working with cloud data warehouses such as Databricks, Snowflake or BigQuery
Preferably Databricks
Data Modeling:
Strong understanding of dimensional modeling (Star/Snowflake schemas) and modern data stack tools (e.g., dbt).
SQL Mastery:
Expert-level SQL skills (complex joins, window functions, and performance tuning)
BI Tooling:
Deep expertise in at least one enterprise BI platform (e.g. Tableau, Power BI, Looker, or Sigma).
Preferably Omni + Power BI
Professional & Leadership Competencies
Strategic Solutioning & Communication:
Proven analytical and creative design skills, with the ability to translate complex problem-solving and system designs into clear narratives for audiences ranging from entry-level employees to senior leadership.
Collaborative Agility:
Ability to thrive in a team-oriented, fast-paced environment while managing multiple concurrent projects and shifting priorities seamlessly as business needs evolve.
Preferred Qualifications
Experience with version control systems (Git) and CI/CD workflows.
Experience working in an Agile/Scrum environment.
Experience working in a global team
Experience working 100% remote
Experience of the ResTech industry
Experience with Sales Force
Knowledge of statistical analysis and machine learning concepts.
Additional Information
#LI-Remote
#LI-JC1
Our Values
Collaboration is our superpower
We uncover rich perspectives across the world
Success happens together
We deliver across borders.
Innovation is in our blood
We’re pioneers in our industry
Our curiosity is insatiable
We bring the best ideas to life.
We do what we say
We’re accountable for our work and actions
Excellence comes as standard
We’re open, honest and kind, always.
We are caring
We learn from each other’s experiences
Stop and listen; every opinion matters
We embrace diversity, equity and inclusion.
More About Cint
We’re proud to be recognised in Newsweek’s 2025 Global Top 100 Most Loved Workplaces®, reflecting our commitment to a culture of trust, respect, and employee growth.
In June 2021, Cint acquired Berlin-based GapFish – the world’s largest ISO certified online panel community in the DACH region – and in January 2022, completed the acquisition of US-based Lucid – a programmatic research technology platform that provides access to first-party survey data in over 110 countries.
Cint Group AB (publ), listed on Nasdaq Stockholm, this growth has made Cint a strong global platform with teams across its many global offices, including Stockholm, London, New York, New Orleans, Singapore, Tokyo and Sydney. (www.cint.com)
Additionally, in a world of AI, we want our candidates to understand our approach to the use of AI during the interview and hiring process, so we'd appreciate you reading our AI usage guide."
63,e9b03bcc02ed1a68,Data Science Manager (Marketing),Moniepoint,"Barcelona, Barcelona provincia",,,,https://es.indeed.com/viewjob?jk=e9b03bcc02ed1a68,"Who we are
Moniepoint is a global fintech building modern financial services for millions of people and businesses across high-growth markets. We provide payments, banking, credit, and financial management tools - reliable products that people and businesses use every day to run their lives, grow their companies, and move money safely.
Our mission is simple: to enable financial happiness for every African, everywhere. And this is day one. We've grown rapidly in Nigeria and the UK, and we're now expanding our product, engineering, and analytics teams. Our work ranges from building financial infrastructure to designing intuitive customer experiences for emerging markets - solving real, meaningful problems at scale.
We onboard over a million new customers each month, process 100s of billions of dollars in payments annually, and support tens of millions of users across our ecosystem. Our teams operate in a fast-paced, high-impact environment alongside international leaders from companies like Glovo, Bolt, Monzo, Klarna, Checkout.com, and Tide. If you want to build our data science function from the ground up, work with one of Africa's highest-scale fintech data sets, and ship products that influence tens of millions of users, this is an exceptional time to join.
About the role
We're looking for a strategic and hands-on Data Science Manager (Marketing) to lead our data initiatives in a high-growth environment. This role is pivotal in driving our data strategy, fostering a data-driven culture, and ensuring the robust infrastructure and insights necessary for our continued success as a leading African fintech.
You'll collaborate with our amazing Marketing team and lead a dedicated data team to help execute our marketing strategy. You'll be responsible for building and improving our current capabilities while shaping the future roadmap. We're looking for a hands-on and data-driven strategic leader who can bring fresh thinking and inspire both the team and our customers.
Your day-to-day
Strategic Leadership:
Be a key leader in building a discipline of exceptional data scientists and analysts. Develop and execute a comprehensive data strategy - design what world class looks like
Team Building & Management:
Hire, develop, and retain a high performing team of data professionals
Experimentation:
Champion and drive a culture of rigorous experimentation, including A/B testing, to inform product development and business decisions.
Data Pipeline Ownership:
Oversee the end-to-end ownership, design, development, and maintenance of scalable and reliable data pipelines.
Data Insights & Analytics - including model development and productionisation:
Drive the generation of actionable insights from data to support various business functions, including product, marketing, risk, and operations. How can we build Marketing Mix Models for better channel attribution modeling? What is our actual channel per channel mCAC? Which customer segments are more/less engaged? What are our customers' share of wallet - how can we use this?
Stakeholder Collaboration:
Liaise with marketing, product, and engineering managers to ensure we collect the right data for meaningful business insights. Bring data leadership and rigour to our approach to product development. Build a strategic understanding of the business and structure complex projects to bring them to life.
We would love to hear from you if
What we're doing here at Moniepoint excites you!
You have proven experience (typically 8+ years overall and +2 years in management / in data leadership roles), with a strong focus on strategy, execution, and team management. You love coaching and make everyone better around
you.
You've expertise in experimentation methodologies and A/B testing frameworks (multivariate, geo-holdouts, etc, variance reduction techniques)
You can create data pipelines (including designing/architecting them - ETL/ELT) - especially using cloud platforms (we use Clickhouse and Bigquery here)
You're confident with data Science tools languages (Python and SQL). You know when to pick the right tool, and can help others do the same
Strong analytical, problem-solving, and communication skills - you can describe the problem, solve it, and relay it back to a wide array of audiences
You love working in marketing and using advertising data from platforms such as Facebook
What Moniepoint Can Offer You
The opportunity to drive financial inclusion and shape the future of the African financial ecosystem
The chance to work on innovative and impactful projects
A dynamic, diverse, and collaborative environment where every team member's voice is recognized and valued
Flexible work arrangements
Continuous learning and career growth opportunities
Competitive salary, individual performance bonuses, and firmwide performance bonus
Company covered health insurance plans
Pension plans
What to expect in the hiring process
A preliminary phone call with one of our recruiters
An intro call with the Director of Data Science
Take-home task (hands on coding / marketing modelling case study)
A business case study with our Head of Marketing Strategy & Data
A live technical coding interview with our Director, Data Science
A 60 min culture fit interview with our Director, Data Science
Moniepoint is an equal-opportunity employer. We believe diversity makes us stronger and are committed to creating an inclusive environment for all employees and candidates.
#LI-Remote"
64,f90039576c1c1a8b,Sr Product Designer (Data Products),Manychat,"Barcelona, Barcelona provincia",,,,https://es.indeed.com/viewjob?jk=f90039576c1c1a8b,"Important note: We are not supporting relocations for this position. This is A hybrid role for our BCN headquarter.
WHO WE ARE
We help creators get more out of every conversation with Instagram-focused automations and support for other channels like Messenger, WhatsApp, and TikTok. The result? Better engagement, more sales, and real, sustainable growth.
With a diverse team of 350+ people spread across three continents, we're building the leading Chat Marketing platform that is used — and loved — by more than 1.5 million customers worldwide.

Who we are looking for
We are seeking a Senior Product Designer to lead the design of our data experiences and insight dashboards within the Growth unit. Your work will shape how creators understand performance, identify opportunities, and turn insights into action.
You will own the end-to-end design of our analytics surfaces across creator-facing dashboards and internal tools. You will transform complex datasets into clear, trustworthy, and actionable experiences that help creators grow faster. The ideal candidate blends strong UX craft, data visualization expertise, and a deep understanding of creator workflows.
What you'll do
Design data experiences & dashboards
Own the full UX for analytics features, including creator dashboards, funnels, performance insights, monetization metrics.
Design end-to-end insight journeys that reduce time-to-insight and guide users from ""what happened"" to ""what should I do next.""
Define interaction patterns for data-dense UI (charts, tables, filters, segments, experiments, cohorts) that support both beginner and advanced data users.
Maintain consistency across web, mobile, internal tools, and the design system.
Drive measurable growth impact
Translate growth problems into data-informed design solutions that improve activation, retention, monetization, and creator success.
Partner with product and data science to define key metrics, shape hypotheses, and design experiments (A/B tests, holdouts) that validate improvements.
Create opinionated, value-focused data narratives that help creators understand ROI of automation, monetization upgrades, and new features.
Ensure dashboards contribute directly to conversion rates, plan comprehension, and user confidence.
Build data literacy into the product
Design interfaces that help users understand the meaning behind the metrics: clear labeling, metric definitions, and plain-language summaries.
Support creators with varying levels of data literacy with accessible, guided data experiences.
Partner with content design and data teams to develop a unified metric glossary and naming system across the product.
Enable cross-functional alignment & execution
Collaborate closely with product managers, data scientists, analysts, engineering, and GTM teams.
Lead discovery processes for data problems: framing questions, identifying required data, validating trade-offs, and shaping product scope.
Use prototypes, storytelling, and data scenarios to align stakeholders around insights, opportunities, and impact.
Document decisions, patterns, and guidelines to ensure scalable execution across teams.
What success looks like
Leadership & team orientation
You operate autonomously, own complex problem areas, and raise the bar for analytics UX quality.
Teams rely on you as the bridge between product, data, and design — especially when decisions require clarity from messy data.
You mentor designers and contribute to team-wide craft standards around systems thinking and information design.
Discovery & research
You ground every solution in user jobs, data analysis, and real usage patterns.
You identify insight gaps, conversion barriers, and opportunities by combining qualitative research with quantitative metrics.
You define and track UX success metrics such as time-to-insight, dashboard repeat usage, decision clarity, and experiment win rates.
Advance analytics design standards
You deliver scalable patterns for analytics surfaces across the experience and ensure high design-to-code parity.
Your dashboards are resilient to real-world data conditions like sparse data, large datasets, anomalies or errors.
You ensure loading, error, and empty states are treated as part of the core user experience.
What you'll bring
5+ years of product design experience, with significant work on data-rich products, analytics tools, dashboards, reporting interfaces, or internal data systems.
A portfolio demonstrating end-to-end ownership of complex data experiences and how your work drove business or user impact.
Mastery of information design, complex interaction patterns, data visualization principles, and designing for data literacy.
High data fluency and comfort collaborating with data analysts and data science teams.
Experience designing experiments, interpreting results, and making iterative improvements to analytics experiences.
Strong systems thinking with experience contributing to or evolving design systems.
Advanced skills in Figma, rapid prototyping, and working with realistic data in prototypes.
Experience mentoring designers or contributing to craft leadership.
Nice to have: background in creator tools, growth analytics, BI tools, experimentation platforms, or embedded analytics; familiarity with AI-generated insights or anomaly detection patterns.
WHAT WE OFFER
We care deeply about your growth, well-being, and comfort:
Hybrid onboarding to start work remotely and relocation support for you and your family.
Comprehensive health insurance for both you and your family.
Professional development budget for conference tickets, online courses, and other relevant resources to help you grow.
Flexible benefits package to tailor perks that matters most for you.
Hybrid work and generous leave options to prioritize your work-life balance.
️ In-office perks, including free meals and snacks.
Company-funded sport activities, annual offsites and team-building events.
Manychat is an Equal Opportunity Employer. We're committed to building a diverse and inclusive team. We do not discriminate against qualified employees or applicants because of race, color, religion, gender identity, sex, sexual preference, sexual identity, pregnancy, national origin, ancestry, citizenship, age, marital status, physical disability, mental disability, medical condition, military status, or any other characteristic protected by local law or ordinance.
This commitment is also reflected through our candidate experience. If you have individual needs that may require an accommodation during the interview process, please indicate this in your application. We will do our best to provide assistance throughout your interview process to ensure you're set up for success."
65,a1b2c3d4e5f67890,,,,,,,https://es.indeed.com/viewjob?jk=a1b2c3d4e5f67890,
66,ba0ad50421df56f3,Senior SEO Specialist,Visca Web,"Trabajo híbrido in 08005 Barcelona, Barcelona provincia",,Jornada completa +1,,https://es.indeed.com/viewjob?jk=ba0ad50421df56f3,
67,2bcdd955504c3acf,REVENUE MANAGEMENT SYSTEMS MANAGER,LEVEL,"08840 Viladecans, Barcelona provincia",,,,https://es.indeed.com/viewjob?jk=2bcdd955504c3acf,"LEVEL is a long-haul airline based in Barcelona and part of the IAG group. The company is customer-centric and places a strong emphasis on values such as commitment, an open attitude, a constant drive for improvement, and making travel easy for their customers. With a focus on providing an exceptional customer experience, LEVEL is committed to delivering top-notch service and exceeding the expectations of their passengers
Job Purpose
The RM Systems, Processes & KPIs Manager is the strategic owner of the Revenue Management ""engine."" The primary goal is to maximize the efficiency of the Revenue Management System (RMS), streamline operational workflows, and establish a world-class KPI framework. This role ensures that our technology, data, and processes are perfectly aligned to enable the Pricing and RM teams to achieve peak CRASK performance and network profitability.
The RM Systems, Processes & KPIs Manager reports to the
Head of Revenue Generation
.
Main Accountabilities
1. RMS Ownership & Technical Strategy
System Calibration:
Lead the administration and fine-tuning of the Revenue Management Systems (Air Rm & PROS). Manage demand forecasting models, influence factors, and optimizer settings.
O&D Logic & Inventory:
Oversee the technical transition and maintenance of
Origin & Destination (O&D)
controls, ensuring the
Bid Price
logic is effectively capturing the network value of every seat.
Data Integration:
Ensure seamless data flow between the PSS, the RMS, and external pricing feeds like
Infare
.
2. Process Excellence & Business Automation
Standard Operating Procedures (SOPs):
Design and enforce the ""RM Playbook,"" standardizing how analysts interact with the system (e.g., handling seasonal peaks, major events, or tactical cancellations).
Automation Roadmap:
Drive the automation of repetitive tasks using
SQL
,
Python
, or
RPA
to shift the team’s focus from manual data entry to strategic decision-making.
Pricing Filing Liaison:
Work closely with the Pricing team to ensure that fare structures in
ATPCO
are correctly interpreted by the RMS inventory logic.
3. KPI Framework & Performance Auditing
Advanced Analytics:
Develop and maintain the RM ""Health Check"" dashboard using
Power BI
, monitoring metrics such as
Forecast Accuracy (MAPE)
,
Yield Opportunity Loss
, and
Spill/Spoilage
.
Override Impact Analysis:
Conduct ""Post-Mortem"" audits on analyst interventions (overrides) to measure their value-add versus the system’s baseline.
Continuous Improvement:
Identify revenue leakage points through deep-dives into no-show trends, cancellation patterns, and denied boarding data.
Main Responsibilities - Tasks
System Mastery:
Deep functional knowledge of Air RM / PROS and advanced RM optimizers (e.g.,
EMSRb
,
Dynamic Pricing
algorithms).
Technical Stack:
Expert SQL
(BigQuery, Snowflake, or SQL Server) for complex data extraction.
Advanced Data Viz:
Mastery of
Power BI
to build automated commercial cockpits.
Coding:
Proficiency in
Python
or
R
for predictive modeling and process automation is highly valued.
Analytical Mindset:
Ability to troubleshoot why an optimizer is behaving in a certain way and translate that into a business solution.
Communication:
Ability to act as a ""translator"" between the IT/Data Science teams and the Commercial leadership.
Key Performance Indicators (The ""Owner"" of these metrics)
System Forecast Accuracy:
Improving the delta between predicted and actual demand.
Optimization Efficiency:
Maximizing the ""Revenue Opportunity"" captured by the RMS.
Process Lead Time:
Reducing the time it takes to implement network-wide changes.
Data Integrity:
Minimizing discrepancies between PSS, RMS, and BI reporting.
Education
Bachelor’s or Master’s degree in a highly quantitative field (Engineering, Data Science, Statistics, or Mathematics).
Experience
5+ years in Revenue Management, with at least 2-3 years in a
System Specialist
or
RM Development
role
Languages
Fluent in English and Spanish
Location
Viladecans-Barcelona
Our benefits
Staff travel
Enjoy discounted flights with LEVEL.
Flex Benefits
There are flexible benefits available for services like meals, transport, childcare, trainings, and Health Insurance.
Employee Cafeteria & Canteen
Start your day right with a delicious breakfast, grab a quick snack during breaks, or choose from a variety of enticing menu options in our employee cafeteria and canteen at special prices!
Gym Discount
As an employee, you will have access to a special discount on the gym membership. This will allow you to enjoy facilities, fitness classes, consult with a professional nutritionist, and much more!"
68,877c4ab711915e55,Software Engineer - (Integrations & Interfaces),Scan-IT,"Barcelona, Barcelona provincia",,Jornada completa,,https://es.indeed.com/viewjob?jk=877c4ab711915e55,"Description

Are you obsessed with shaping the digital infrastructure powering global transport and logistics through seamless integrations and robust interfaces? Do you thrive on challenges and take pride in building smart, scalable technology that solves real-world problems?
We’re expanding our operations in Spain and looking for a skilled and motivated Software Engineer to join our Integration & Interfaces team in Barcelona. If you have experience building and maintaining system integrations across diverse platforms and technologies, and thrive on designing modern, scalable solutions, this is your opportunity to make meaningful impact on an international scale.
We're a technology company with global reach – active in 35+ countries across 3 continents. From Barcelona to Singapore, our digital solutions support the logistics networks that keep the world moving. Backed by a strong financial foundation and a culture built on trust, innovation, and opportunity, we offer the stability of a well-established business with the energy of a growing international tech team.
Bring your ambition, curiosity, and expertise – and help us build the future of global logistics.

What You'll Do…

Develop High-Quality Code: Write clean, secure and maintainable code across various programming languages.
Build Integration Solutions: Design and implement scalable APIs, data interfaces, and system integrations.
Develop Solutions: Work closely with business analysts and stakeholders to understand integration requirements and translate them into robust technical solutions.
Ensure Reliability: Perform testing, debugging and performance tuning to deliver robust, production ready interfaces.
Collaborate and Innovate: Partner with backend, frontend, QA, DevOps and business analysts to deliver seamless features and integrations.
Architectural Improvements: Advise on system architecture enhancements to support more effective integrations.
Code Reviews: Participate in peer reviews to maintain coding standards and share knowledge.
Document Everything: Maintain comprehensive and up-to-date documentation for all interfaces, APIs, and integration workflows.

What You’ll Need…

Bachelor’s degree in Computer Science, Engineering, or a related field.
5+ years of professional experience in software development, with at least 2–3 years focused on system integration or API development.
Proven experience as a Software Developer, Software Engineer, or similar role.
Strong understanding of integration patterns (e.g., RESTful APIs, SOAP, JSON, XML, etc.)
Experience with middleware tools, API gateways, or integration platforms is a plus.
Familiarity with security tools, like Snyk, static and dynamic analysis tools.
Experience working with database systems (e.g., SQL, NoSQL) and version control systems (e.g., Git).
Exposure to cloud platforms (e.g., AWS, Azure, GCP) is an advantage.
Strong problem-solving skills and attention to detail and excellent communication and collaboration skills.
Familiarity with software development tools (e.g., JIRA, Confluence).
Fluency in English (written and spoken) is required, as it is the corporate language across our global teams.

Here’s What We Offer…

At Scan-IT, we pride ourselves on our vibrant and supportive culture. Join our dynamic, international team and take on meaningful responsibilities from day one.

Innovative Environment: Explore new technologies in the transportation and logistics industry.
Collaborative Culture: Work with some of the industry’s best in an open and creative environment.
Professional Growth: Benefit from continuous learning, mentorship, and career advancement.
Impactful Work: Enhance efficiency and drive global success.
Inclusive Workplace: Thrive in a diverse and supportive environment.
Competitive Compensation: Receive a salary that reflects your expertise.
Growth Opportunities: Achieve your full potential with ample professional and personal development opportunities.
Join Scan-IT and be part of a team that’s shaping the future of the transportation and logistics industry.

Visit www.scan-it.com.sg and follow us on LinkedIn, Facebook and X.

About Scan-IT
Specialized in software development for the shipping, transportation and logistics sector, Scan-IT was founded on the 1st January 2015 and is headquartered in Singapore with its development center in Pune, India.

As a subsidiary of Scan-Group, we are entirely Danish-owned and privately held. Today, our Group is present in over 40 countries worldwide employing more than 3,200 staff in 156 offices."
69,fb3ccfc6ce5141d3,INVENTORY MANAGEMENT MANAGER,LEVEL,"08840 Viladecans, Barcelona provincia",,,,https://es.indeed.com/viewjob?jk=fb3ccfc6ce5141d3,
70,032fc6342e392ec8,Senior Software Engineer (Python Fullstack),Phiture GmbH,"Barcelona, Barcelona provincia",,,,https://es.indeed.com/viewjob?jk=032fc6342e392ec8,"Hi, we're Phiture — the mobile growth consultancy working with the teams behind leading apps like Adobe, Headspace, and LEGO® . We're setting the standard for growth in the brave new digital world, and we need great people to join our global team!
WHAT TO EXPECT:
We're looking for a
Senior Software Engineer
with a strong backend foundation and a startup mindset to join our fast-growing Growth & Insights team, this time with a new challenge. You won't just be building products from scratch; instead, you'll step into a pivotal role supporting and evolving
two actively growing SaaS platforms
:
Catchbase
and
PressPlay
. This is an opportunity to shape product maturity, scale features, and reduce incidents, without compromising on creativity or autonomy.
WHAT YOU'LL DO:
Resolve live incidents and manage ad hoc stakeholder requests
, especially data-related issues impacting analysts and clients.
Build new features
and evolve existing ones across Catchbase and Press Play, helping shift both products toward greater autonomy and self-service.
Reduce technical debt and improve system reliability through pragmatic problem-solving and robust engineering.
Switch seamlessly between
short-term reactive
work (bug fixes, support) and
longer-term proactive
work (feature development, architectural improvements).
Work hands-on with
relational and NoSQL databases
(
MySQL
and
Google BigQuery
in particular), ensuring performance, scalability, and resilience.
Collaborate directly with engineers, analysts, product managers, client-facing teams, and the team lead.
Help build and maintain a healthy DevOps pipeline across
GCP
, with ownership over incident response, app stability, and API performance.
Contribute to team practices (e.g., testing, documentation, and coding standards), while bringing a
founder-like sense of ownership
to your work.
WHAT YOU'LL NEED:
5+ years of experience
in backend or full-stack development with
Python
, preferably in fast-paced or startup environments.
Confidence in
ownership
, independent delivery, and navigating ambiguity.
Strong expertise in
Clean Architecture
,
Clean Code
,
SOLID
, and modern
Python standards
.
Strong expertise in
Python
(
FastAPI
,
pydantic
, async processing, dependency injection).
Strong expertise in
Testing
(unit, integration, functional, e2e).
Deep experience with
database design and management
, including:
Relational databases
(
MySQL
or
PostgreSQL
)
NoSQL systems
(especially
Google BigQuery
)
Query optimization, data modeling, and debugging performance bottlenecks
Hands-on experience with
CI/CD pipelines
and
containerization (
Docker
).
Comfortable navigating cloud environments, preferably Google Cloud Platform.
Experience designing and maintaining REST APIs.
Knowledge of
JavaScript/TypeScript
and
React
.
Sharp debugging skills and a solutions-oriented mindset - you enjoy the challenge of resolving system issues.
NICE TO HAVE:
Familiarity with TDD and DDD concepts.
Implement and maintain logging, metrics, tracing, dashboards, and alerting.
Implement infrastructure-as-code (
Terraform
preferred
) and follow modern GitOps practices.
Willingness to learn and share knowledge.
Experience with
AI coding tools
like
Copilot
,
Cursor
and/or
Claude Code
.
WHAT WE OFFER YOU:
Flexible Remote Work
— Unlimited remote work within your home country (EMEA), plus up to 90 days per year internationally.
Generous Vacation Allowance
— Enjoy up to 30 days of paid vacation annually, plus extra days for special occasions (country-specific), so you can recharge and pursue your passions.
Quarterly Bonus Opportunities
— Boost your earnings through our quarterly bonus scheme, directly linked to our shared success.
Mental Wellness Prioritized
— Free, confidential mental health support from licensed therapists through our partnership with Oliva.
Personal Development Investment
— €1,000 annual personal growth budget and 10 dedicated learning hours each month, empowering your continuous growth.
Flexible Working Hours
— Shape your workday around your lifestyle and productivity, choosing working patterns that best suit you.
Vibrant Berlin Office
— Enjoy a flexible, pet-friendly workspace at our spacious headquarters located in one of Berlin's most vibrant neighborhoods.
Global Team Connection
— Regular team-building events and a memorable annual all-expenses-paid company offsite.
Tailored Career Growth
— A personalized career roadmap and development plan designed to keep you advancing professionally.
Home Office Allowance
— Monthly remote-work cash allowance to level up your home workspace or help cover internet costs.
Premium Onboarding Kit
— Branded Phiture gear and your very own MacBook from day one.
Thoughtful Celebrations
— Responsibly sourced birthday, anniversary, and seasonal gifts, because every milestone deserves recognition.
We encourage all qualified individuals to apply, regardless of their age, gender identity, ethnicity, sexual orientation, disability status, or religion. We celebrate diversity and are excited about building teams that represent a variety of backgrounds, perspectives, and skills. All employment decisions are based on qualifications, merit, and business needs."
71,f498807bf57087fe,Head/Director of Data Science,Appodeal,"Barcelona, Barcelona provincia",,,,https://es.indeed.com/viewjob?jk=f498807bf57087fe,
72,784cb91f198af107,Senior Backend Engineer (m/f/d),FREENOW,"Barcelona, Barcelona provincia",,,,https://es.indeed.com/viewjob?jk=784cb91f198af107,"Location: Come and join us in Barcelona!
We are looking for a talented and motivated Senior Backend Engineer (m/f/d) for our new Driver Onboarding team.
As part of a highly skilled, cross-functional team comprising Fullstack Engineers, Backend Engineers, a Product Manager, a Product Designer, a Data Analyst, and a technical Engineering Manager, you will help shape the future of mobility with FREENOW and assist our drivers in their daily work.
Our team is the cornerstone of the driver experience, with a core focus on streamlining the driver registration flow and ensuring the integrity of our platform through advanced document validation processes. Our mission is to provide a fast, frictionless, and secure onboarding journey for every new driver. We achieve this by:
Designing and implementing the entire driver registration and onboarding journey, making it simple, intuitive, and fast.
Developing and maintaining robust, automated document validation systems to ensure compliance and quick approval for drivers.
Collaborating closely with Operations and other engineering teams to constantly optimize process automation within the document lifecycle.
Providing self-service tools that empower drivers to efficiently manage their documentation and account details.
Integrating key insights into internal systems, fostering collaboration across teams to improve the overall driver experience.
As a critical part of our company, this team's work directly impacts thousands of drivers and, ultimately, the experiences of millions of customers. Your contributions in this role will have a tangible and far-reaching effect on the lives of many.
As an engineer on our team, you will tackle the exciting challenges of building a best-in-class driver onboarding platform. This includes designing and building innovative, high-scale solutions for document validation and workflow automation, directly enhancing the start-to-finish experience for our drivers and ensuring the quality and compliance of our fleet. You'll be involved in every stage of product development, from ideation to implementation, ensuring a seamless and impactful experience.
We also value a mindset that challenges the status quo—constantly exploring new technologies and approaches to improve our products and maintain a state-of-the-art codebase. Beyond technical excellence, your contributions will help foster a collaborative and inspiring team culture, making our workplace an enjoyable and fulfilling environment.
YOUR DAILY ADVENTURES WILL INCLUDE:
Own the Feature, Own the Code – feel responsible for what you create. It all starts with bringing in your feature ideas, goes over development, testing and ends in deploying your code and monitoring it.
Design and develop systems based on product requirements or refactorings.
Maintain and improve the existing systems by finding bottlenecks and performance issues and improving resource usage (DB access, cache, messaging, etc.).
Collaborate with your team members in an Agile environment, contribute to and live our agile ceremonies.
You care about teamwork: Be accountable for all topics above, but work together with the team on them.
Stay on top of the latest technology trends and bring best practices to our daily work.
Our Techstack: Kotlin | Java | AWS | Docker | Git | Kafka | ElasticSearch & more
TO BE SUCCESSFUL IN THIS ROLE:
Passionate about Kotlin or Java.
Experience with the quirks of Spring Boot or similar frameworks, automated tests and CI/CD tools.
Familiarity with monitoring tools (i.e., Grafana, Datadog, Kibana etc.).
Knowledge of microservices architecture.
Keen about principles and practices of scalable web applications, such as RESTful API's, dealing with transactions, and resiliency.
Familiar with messaging by using Kafka or RabbitMQ.
High level of creativity; there's all the freedom to think outside the box.
Be communicative, proactive, and always collaborative.
Excellent written and verbal communication skills in English.
Nice to have:
Experience working with AWS or similar cloud service providers.
Familiar with Agile methodologies such as Scrum or Kanban.
Experience with document automation validation.
Experience working with Large Language Models (LLMs) and AI-driven products.
Experience in Python, particularly for data processing or AI integration tasks.
BENEFITS & PERKS IN A NUTSHELL:
Flexible working arrangements
LinkedIn Learning


Sabbatical & special leave policies
WeRoad partnership


Birthday, 24th + 31st December off
Short term EU work policy


Mobility Credit
Health Insurance


Employee assistance program

DIVERSITY, EQUITY & INCLUSION:
FREE NOW is an equal opportunity employer and we consider qualified applicants regardless of race, religion, national origin, gender, gender identity, sexual orientation, disability or age.
We want you to grow and evolve, bring your true self to work.
SEE WHAT OUR AWESOME COLLEAGUES SAY ABOUT US:

ABOUT FREENOW:
We are Freenow, the European taxi app with the broadest multi-mobility offering, available in 9 markets and over 180 cities. Our app gives millions of passengers the freedom to move with a wide choice of services including taxis, private hire vehicles, carsharing, car rental, e-scooters, e-bikes, e-mopeds and public transport.Headquartered in Hamburg and led by our CEO Thomas Zimmermann, we are on a mission to make urban mobility more efficient, sustainable and inclusive.Since July 2025 we have been part of Lyft, a global mobility platform connecting riders and drivers for billions of rides across North America and Europe. Together we are building a more caring and connected world, creating new opportunities for innovation, growth and impact."
73,7208c96ec6e48912,Junior Finance Analyst- Global Operations,Fluidra,"Trabajo híbrido in 08174 Sant Cugat del Vallès, Barcelona provincia",,Contrato indefinido,,https://es.indeed.com/viewjob?jk=7208c96ec6e48912,
74,e107108cdaf4a149,Data Analyst,Rank International,"Trabajo híbrido in Barcelona, Barcelona provincia",,Jornada completa,,https://es.indeed.com/viewjob?jk=e107108cdaf4a149,"Company Description
Rank International/YoBrands, part of The Rank Group, is a leading online gaming operator in the Spanish markets with an expanding online and offline portfolio focused on bingo, casino and sports betting with 3 leading brands: YoCasino, YoBingo and YoSports
Our goals are to provide entertainment and community to our customers with our websites and apps so that they can access our products from their mobile phones, tablets while communicating with one another.
We offer our own bingo and slots software and more than 2000 games from the best game providers. We also offer live shows such as El Show De YoBingo and YoSports TV!
With offices based in Barcelona, Ceuta & Malta we always strive to bring joy and security to our customers. Additionally, we will be launching soon in other regulated markets!
Look at our careers site to find out more: https://careers.rank.com/
Job Description
We are looking for a Data Analyst to come join our growing team!
As a Data Analyst you will provide insightful, actionable analyses through dashboards, and reports, to impact our revenue, productivity, acquisition, attrition, operational efficiencies, cross-sell strategies, customer behavior, and segmentation.
This role comes with a high rate of exposure to various parts of the business due to regular senior stakeholder engagement.
Main Accountabilities and Responsibilities
Extract, transform and load data from different data sources.
Work with existing and new technologies to shape the development of analytical insight delivery.
Translates customer, transactional and behavioral data into key insights and business deliverables.
Presents findings to key stakeholders, and inputs to negotiations on strategies to drive performance across the business.
Collaborating with team members and stakeholders to build data products that enable others to work with reporting effectively and inform decision-making that solve business problems with data.
Engage with Key stakeholders to develop key metrics to measure business performance.
Qualifications
Knowledge, Expertise and Qualifications
Degree qualified.
Demonstrated ability to build solutions and user-friendly dashboards and reports using BI tools (PowerBI is a plus).
Experience working with ETL tools (Databricks is a plus).
Experience manipulating data stored in relational databases using SQL (proficiency SQL level required).
Experience Engaging with Key stakeholders.
Ability to work as part of a team delivering solutions that can be deployed into production.
Ability to take initiative and work independently to manage and deliver end-to-end solutions.
Excellent experience working in a data driven environment.
Familiar with Agile methodology (JIRA).
Ability to gather requirements and map business needs to KPI dashboards.
Creative, innovative thinker with outstanding problem-solving skills.
Meticulous and thorough, with a healthy respect for quality & standards.
Good verbal and written communication skills.
Ability to communicate results to non-technical audiences.
Essential: very good knowledge of English at all levels and native-level Spanish.
Personal Qualities
Demonstrate sense of passion and pride about own work.
Positive attitude and adapts well to change.
Foster curiosity which results in new lines of thinking, original insight, and breakthrough ideas for the business.
Encourage and challenge others to investigate and explore alternative solutions and ideas.
Ability to translate and clearly formulate technical issues and solutions to the issues.
Excellent problem solving and analysis skills.
Excellent communication skills- written and verbal.
Excellent presentational skills.
Intervenes if warning signs of problems occur within own area of responsibility.
Forward thinking. Proactive rather than Reactive.
Positive and constructive minded.
Takes responsibility for continuous self –learning.
Attention to detail.
Additional Information
What’s in it for you we hear you ask?
Join us to unlock benefits and opportunities that will boost your career journey in a vibrant, inclusive and fulfilling work environment – so you can #BeYourself
Wellbeing@Rank is important... From hybrid working and colleague support networks to menopause support and weekly PepTalks, we’re here for you.
We’ll also invest in your growth by providing development opportunities, leadership training and cutting-edge industry certifications so you have the tools and resources to help you work, win and grow with us.
Immerse yourself in new cultures and gain international exposure through our global business. Collaborate with colleagues from around the globe.
Our benefits vary by brand and/or location. Please have a chat with your local Talent Acquisition specialist to find out what’s in place in your location.
The Rank Group are committed to being an inclusive employer, ensuring that we better understand and meet the needs and requirements of our candidates and customers.
We aim to do this by facilitating fair and equal access to our services. If you require a reasonable adjustment to be made, please reach out to let us know ahead of your interview.
#LI-MS1 #LI-Hybrid
You’re probably wondering outside of a fun, exciting and varied role – what else do you get? You’ll get a fantastic salary combined with some leading benefits. Wellbeing@Rank is important to us too... From hybrid working and colleague support networks to menopause support and weekly PepTalks, we’re here for you.
We’ll also invest in your growth by providing development opportunities, leadership training and cutting-edge industry certifications so you have the tools and resources to help you work, win and grow with us.
Immerse yourself in new cultures and gain international exposure through our global business. Collaborate with colleagues from around the globe.
The Rank Group are committed to being an inclusive employer, ensuring that we better understand and meet the needs and requirements of our candidates and customers.
We aim to do this by facilitating fair and equal access to our services. If you require a reasonable adjustment to be made, please reach out to let us know ahead of your interview."
75,f448bfa9a13da549,Business Analyst – Data & Analytics (Pharma),Fusion Consulting,"Teletrabajo in Barcelona, Barcelona provincia",,Jornada completa,,https://es.indeed.com/viewjob?jk=f448bfa9a13da549,
76,ffbf746435c1410c,Data Analyst,Veepee,"Trabajo híbrido in Barcelona, Barcelona provincia",,Contrato indefinido,,https://es.indeed.com/viewjob?jk=ffbf746435c1410c,
77,607082f56b988264,Data Analyst - Rider Excellence (They/She/He),Glovo,"Trabajo híbrido in 08005 Barcelona, Barcelona provincia",,Jornada completa,,https://es.indeed.com/viewjob?jk=607082f56b988264,"Company Description

Glovo is part of the Delivery Hero Group, the world’s pioneering local delivery platform, our mission is to deliver an amazing experience—fast, easy, and to your door. We operate in around 70 countries worldwide. Headquartered in Berlin, Germany. Delivery Hero has been listed on the Frankfurt Stock Exchange since 2017 and is part of the MDAX stock market index.

Job Description

If you’re here, it’s because you’re looking for an exciting ride.
A ride that will fuel up your ambitions to take on a new challenge and stretch yourself beyond your comfort zone.
We’ll deliver a non-vanilla culture built on talent, where we work to amplify the impact on millions of people, paving the way forward together.
Not your usual app. We are the fastest-growing multi-category app connecting millions of users with businesses, and couriers, offering on-demand services from more than 170,000 local restaurants, grocers and supermarkets, and high street retail stores. We operate in more than 1500 cities across 23 countries.
Together we revolutionise the way people connect with their everyday needs, from delivering essentials to connecting our ecosystem of users through innovative solutions powered by technology. For us, every day is filled with purpose.
What makes our ride unique?
Our culture and strong values.
Our career development philosophy.
Our commitment to being a force for good.
We have a vision: Building the largest marketplace in your city, to give access to anything in minutes. And this is where your ride starts.
YOUR MISSION
Join our team and become an integral part of Glovo's Global Logistics! We provide a dynamic and challenging environment filled with numerous opportunities for growth and development.
In this role, you will be responsible for redesigning, testing, and implementing the payment structures that motivate and reward our riders worldwide. By blending deep data analysis and data modeling with creative problem-solving, your work will ensure our logistics network is efficient, scalable, and fair for our riders. The KPIs you will influence are crucial to operations, as every decision made will directly affect the whole operational investment (biggest company cost).
THE JOURNEY
Explore and find the most optimal logistics payment structure in order to maximize global riders engagement.
Strategically redesign our courier payment framework to improve key operational metrics, designing models that reward factors like vehicle used, distance, weight, and peak-hour availability.
Dive deep into massive datasets to identify trends, drivers, and opportunities. Your insights will be the foundation for optimizing our entire operational investment.
Own the experimentation process to validate your ideas. You will design, run, and analyze experiments (A/B testing, switchback tests) to precisely measure the impact of payment structure changes before a global rollout.
Continuously monitor the performance of your strategies. You will track KPIs, assess the effectiveness of your changes, and make data-driven adjustments as needed.
Understand and address local and regional needs by stepping into the shoes of the riders and truly understanding their perspective.

Qualifications

WHAT YOU WILL BRING TO THE RIDE
Degree in Engineering, Maths or another STEM field.
1+ years of experience in a data analytics role where you translated insights into tangible business actions and measured their impact.
Foundational technical proficiency
Strong knowledge of SQL for data extraction, querying, and reporting
Familiarity with Python (or R) for basic data manipulation and analysis using standard libraries (e.g., pandas).
Exposure to data visualization tools such as Looker, Tableau, or PowerBI to update, maintain, and build standard dashboards.
Great problem-solving and analytical skills. You are comfortable breaking down ambiguous, complex problems into manageable steps and driving towards a clear solution.
Nice to have experience with experimentation. Designing and/or analyzing A/B tests or other statistical testing methodologies to measure impact.
Comfortable working in a high-growth and high-performance environment, dealing with ambiguity while maintaining a positive mindset.
You can clearly and concisely explain complex analytical findings to both technical and non-technical stakeholders. Fluent English is a must.
You are organized, take ownership of your work, and thrive in a fast-paced, high-growth environment.
Individuals representing diverse profiles, and abilities, encompassing various genders, ethnicities, and backgrounds, are less likely to apply for this role if they do not possess solid experience in 100% of these areas. Even if it seems you don't meet our musts don't let it stop you, we are all about finding the best talent out there! Skills can be learned, and embracing diversity is invaluable.
We believe driven talent deserves:
An enticing equity plan that lets you own a piece of the action.
Top-notch private health insurance to keep you at your peak.
Monthly Glovo credit to satisfy your cravings!
Discounts on transportation, food, and even kindergarten expenses.
Discounted gym memberships to keep you energized.
️ Extra time off, the freedom to work from home two days a week, and the opportunity to work from anywhere for up to three weeks a year!
Enhanced parental leave, and office-based nursery.
Online therapy and wellbeing benefits to ensure your mental well-being.
Here at Glovo, we thrive on diversity, we believe it enhances our teams, products, and culture. We know that the best ideas come from a mashup of brilliant diverse minds. This is why we are committed to providing equal opportunities to talent from all backgrounds - all genders, racial/diverse backgrounds, abilities, ages, sexual orientations and all other unique characteristics that make you YOU. We will encourage you to bring your authentic self to work, fostering an inclusive environment where everyone feels heard.
Feel free to note your pronouns in your application (e.g., she/her/hers, he/him/his, they/them/theirs, etc).
So, ready to take the wheel and make this the ride of your life?
Delve into our culture by taking a peek at our Instagram and check out our Linkedin and website!

Additional Information

Here at Glovo, we thrive on diversity, we believe it enhances our teams, products, and culture. We know that the best ideas come from a mashup of brilliant diverse minds. This is why we are committed to providing equal opportunities to talent from all backgrounds – all genders, racial/diverse backgrounds, abilities, ages, sexual orientations and all other unique characteristics that make you YOU. We will encourage you to bring your authentic self to work, fostering an inclusive environment where everyone feels heard.

Feel free to note your pronouns in your application (e.g., she/her/hers, he/him/his, they/them/theirs, etc).

So, ready to take the wheel and make this the ride of your life?

Delve into our culture by taking a peek at our Instagram and check out our Linkedin and website!"
78,5d00b3604912f7eb,Business Analyst,"Eurofins Sensory, Market Research and Product...","Trabajo híbrido in Barcelona, Barcelona provincia",,Jornada completa,,https://es.indeed.com/viewjob?jk=5d00b3604912f7eb,"Company Description
Who we are
We are the leading international sensory and consumer research company specializing in food, beverages, cosmetics, personal care, and other consumer products. We have 19 proprietary state-of-the-art facilities across France, Germany, Italy, Switzerland, Spain, United Kingdom, Morocco, China and the USA, and cover more than 65 countries through our network of approved partners.
SAM provides tailor-made solutions, delivering actionable guidelines to make our clients’ brands and products memorable.
SAM is a great place to work.
Join SAM to work with the most competent, creative, and fun team in the industry and let your work, opinions and ideas contribute to the future of sensory and consumer research.
Become your most extraordinary self with support and development throughout your career.
Best in class
Join our very diverse team of sensory scientists, food technologists, statisticians, psychologists, sociologists, strategic thinkers, marketeers, field managers, technicians and other sensory and research experienced colleagues.
We're proud to be part of the Eurofins Group
World-leader in Testing for Life. With about 61 000 employees, Eurofins is a global leader in testing services and over the last 20 years has been one of the fastest growing companies in the world, thanks to its innovation in technology and service.
Job Description
We are looking for a
Business Analyst
for Eurofins’s SAM Sensory and Consumer Research (SAM).
Depending on the candidate's profile, this position can be based in any SAM or Eurofins location. Occasional trips may be required (team meetings on Aix-en-Provence and potential deployments).
Missions
As part of the IT Solution team of 4 to 6 people, you will participate in the development and maintenance of the SAM information system deployed across the 8 countries of the Business Line. This is therefore an international environment where English is required.
In collaboration with the existing team, you will have the following responsibilities
Gathering user requirements
Drafting specifications for future developments
Modeling/prototyping
Monitoring and testing developments
Documentation
You will also participate in user support, training, and any deployments of the solution in new countries/sites.
Depending on your skills, you may be able to create dashboards using BI and data visualization tools.
Qualifications
Your profile
Graduate of an engineering school or Master's degree in computer science, data or project management.
Minimum 3 years' experience as a Product Owner or Business Analyst
Ideally, you have some experience in sensory analysis or a good knowledge of statistics.
Good command of SQL. Python is a plus.
Proven skills in application modeling and design.
Strong analytical skills, ability to synthesize information, and excellent interpersonal skills.
Bonus: Knowledge of tools such as Power BI/Tableau and a strong appetite for and knowledge of artificial intelligence tools are a real plus.
Languages
Proficient level of professional English (meetings, user workshops, daily exchanges)
French is a plus"
79,573985e78f302ad5,Loyalty Business Analyst (They/She/He),Glovo,"Trabajo híbrido in 08005 Barcelona, Barcelona provincia",,Jornada completa,,https://es.indeed.com/viewjob?jk=573985e78f302ad5,"Company Description
Glovo is part of the Delivery Hero Group, the world’s pioneering local delivery platform, our mission is to deliver an amazing experience—fast, easy, and to your door. We operate in around 70 countries worldwide. Headquartered in Berlin, Germany. Delivery Hero has been listed on the Frankfurt Stock Exchange since 2017 and is part of the MDAX stock market index.
Job Description
We are looking for a highly skilled and motivated Business Analyst to become part of our Loyalty team within Growth HQ. The Loyalty team is responsible for the strategy definition and product development of Glovo’s loyalty subscription based program (called Glovo Prime). Glovo Prime aims to increase customer retention and frequency by offering a set of exclusive amazing benefits: unlimited free deliveries, reduced fees and exclusive promotions! It’s successfully reaching high and fast growing user penetration in most of our markets (and we’re planning to keep expanding it!).
As a Business Analyst in the Loyalty team, you will play a key role in keeping scaling and optimizing the impact of our successful and loved Glovo Prime. You will work with Product, Data, CRM and local Growth teams, and obsess with turning Glovo Prime into a vital engagement lever for us with outstanding performance metrics.
Glovo is a fast moving, dynamic environment where flexibility and adaptability are key attributes. The successful candidate is a self-starter with a passion for data analytics and continuously demonstrates an ability to tackle complex problems and implement solutions.
Be a part of a team where you will:
Define and execute Glovo Prime’s strategy (including the definition of pricing, benefits, conditions) for the different countries. You’ll be responsible for nurturing the relationship between Loyalty HQ and the countries.
Create A/B test plans and manage them end to end - incl. design, implementation, analysis and communication. You’ll be responsible for drawing detailed and actionable conclusions.
Own dashboards and build new tools to improve the visibility of key metrics to track Glovo Prime’s performance. You’ll need to ensure these tools are scalable and up-to-date.
Understand and deep-dive into the data to find the root causes and the levers we can act upon to improve KPIs (and be accountable for them).
Actively collaborate with your colleagues (Product managers, Data analyst, CRM and local Growth teams) and learn from each other in a supportive environment that allows you to grow, develop and make a difference.
Contribute towards the continuous growth of Glovo Prime through out-of-the-box thinking.
Qualifications
Bachelor's degree in Math, Engineering, Stats, Economics or quantitative field.
1-2 years of prior experience in a data-driven environment delivering actionable insights.
Ninja expertise with Excel / Google Sheets is a must.
Advanced SQL is mandatory. Proficiency is a plus.
Skilled in Python, R or similar is a plus.
Experience working with large data sets
Ease in learning fast and adapting yourself to different business situations
Problem solver and results-driven, with a can-do attitude. You have the ability to work independently and have outstanding stakeholder management skills.
Great communicator and people skills.
Fluent spoken and written English.
Individuals representing diverse profiles,
and abilities,
encompassing various genders, ethnicities, and backgrounds, are less likely to apply for this role if they do not possess solid experience in 100% of these areas. Even if it seems you don't meet our musts don't let it stop you, we are all about finding the best talent out there!
Skills can be learned, and embracing diversity is invaluable.
We believe driven talent deserves:
An enticing equity plan that lets you own a piece of the action.
Top-notch private health insurance to keep you at your peak.
Monthly Glovo credit to satisfy your cravings!
Discounts on transportation, food, and even kindergarten expenses.
Discounted gym memberships to keep you energized.
️ Extra time off, the freedom to work from home two days a week, and the opportunity to work from anywhere for up to three weeks a year!
Enhanced parental leave, and office-based nursery.
Online therapy and wellbeing benefits to ensure your mental well-being.
Additional Information
Here at Glovo, we thrive on diversity, we believe it enhances our teams, products, and culture. We know that the best ideas come from a mashup of brilliant diverse minds. This is why we are committed to providing equal opportunities to talent from all backgrounds – all genders, racial/diverse backgrounds, abilities, ages, sexual orientations and all other unique characteristics that make you YOU. We will encourage you to bring your authentic self to work, fostering an inclusive environment where everyone feels heard.
Feel free to note your pronouns in your application (e.g., she/her/hers, he/him/his, they/them/theirs, etc).
So, ready to take the wheel and make this the ride of your life?
Delve into our culture by taking a peek at our Instagram and check out our Linkedin and website!"
80,6a634ad272cbcb77,Data Performance Analyst - Partner Ads (They/She/He),Glovo,"Trabajo híbrido in 08005 Barcelona, Barcelona provincia",,Jornada completa,,https://es.indeed.com/viewjob?jk=6a634ad272cbcb77,"Company Description
Glovo is part of the Delivery Hero Group, the world’s pioneering local delivery platform, our mission is to deliver an amazing experience—fast, easy, and to your door. We operate in around 70 countries worldwide. Headquartered in Berlin, Germany. Delivery Hero has been listed on the Frankfurt Stock Exchange since 2017 and is part of the MDAX stock market index.
Job Description
If you’re here, it’s because you’re looking for an
exciting ride
.
A ride that will fuel up your ambitions to take on a
new challenge and stretch yourself beyond your comfort zone.
We’ll deliver a
non-vanilla culture built on talent, where we work to amplify the impact on millions of people
, paving the way forward together.
Not your usual app
. We are the fastest-growing multi-category app connecting millions of users with businesses, and couriers, offering on-demand services from more than 170,000 local restaurants, grocers and supermarkets, and high street retail stores. We operate in more than 1500 cities across 23 countries.
Together we revolutionize the way people connect with their everyday needs, from delivering essentials to connecting our ecosystem of users through innovative solutions powered by technology. For us, every day is filled with purpose.
What makes our ride unique?
Our culture and strong values.
Our career development philosophy.
Our commitment to being a force for good.
We have a vision:
Building the largest marketplace in your city, to give access to anything in minutes
.
And this is where your ride starts.
YOUR MISSION
You will be a key analytical partner for Glovo’s commercial teams, providing revenue and pricing insights for advertising and monetization products. You will leverage partners’ KPIs, historical data, market conditions, and internal targets to build forecasts, models, and pricing and sales strategies across products, campaigns, and segments.
As part of the Monetization team at Glovo HQ, you will help improve partners’ P&L and scale revenue streams from Ads, Promotions, and other monetization services. Working in a global setup, your insights will directly support Ads & Monetization business plans and contribute to company P&L.
You will act as a senior individual contributor, owning complex analytical initiatives end-to-end and influencing strategic decisions through data. You’ll operate in a fast-growing, experimental environment where iteration and continuous learning are part of daily work.
THE JOURNEY
KPI & Performance Ownership.
Define, own, and evolve business KPIs, data models, and funnels to drive revenue strategy and performance visibility.
Business Insights & Decision Support.
Translate business questions into actionable insights that inform product development, sales optimization, and strategic decisions.
Visualization & Reporting.
Build and own scalable, self-service dashboards and reporting frameworks that enable data-driven decision-making.
Forecasting & Financial Planning.
Deliver accurate revenue forecasts, variance analyses, and growth models to support planning and investment decisions.
Revenue Growth & Profitability.
Identify data-driven opportunities to grow advertising revenue, improve conversion and margins, and maximize partner value.
Advanced Analytical Leadership.
Independently lead complex, multi-stakeholder analytical initiatives from problem definition to impact measurement.
Stakeholder Partnership.
Act as a trusted data partner to business leaders, helping them leverage insights to solve ambiguous, high-impact problems.
Mentorship & Continuous Improvement.
Mentor junior analysts and proactively improve analytical standards, KPIs, and reporting frameworks.
Qualifications
WHAT YOU WILL BRING TO THE RIDE
2-4 years of experience in a quantitative analysis role, ideally in commercial or monetization teams
Strong SQL skills and proficiency in Python or R, including analytics libraries (e.g. Pandas, SciPy, Jupyter)
Advanced experience with BI tools such as Looker or Tableau
Ability to communicate complex analyses through clear narratives and high-quality visualizations, with strong attention to data quality
Experience building hypotheses and validating them through analysis or experimentation
Solid project management skills and strong ownership mindset
Good understanding of A/B testing design and analysis
Proven ability to influence stakeholders and drive decisions using data, even in ambiguous contexts
Independent problem-solver who knows when to seek input
Excellent spoken and written English
Bachelor’s degree in Economics, Statistics, Mathematics, Engineering, or a related field
NICE TO HAVE
Experience in digital advertising or data monetization
Exposure to global or cross-regional environments and strategic or executive-level reporting
Individuals representing diverse profiles,
and abilities,
encompassing various genders, ethnicities, and backgrounds, are less likely to apply for this role if they do not possess solid experience in 100% of these areas. Even if it seems you don't meet our musts don't let it stop you, we are all about finding the best talent out there!
Skills can be learned, and embracing diversity is invaluable.
We believe driven talent deserves:
An enticing equity plan that lets you own a piece of the action.
Top-notch private health insurance to keep you at your peak.
Monthly Glovo credit to satisfy your cravings!
Discounts on transportation, food, and even kindergarten expenses.
Discounted gym memberships to keep you energized.
️ Extra time off, the freedom to work from home two days a week, and the opportunity to work from anywhere for up to three weeks a year!
Enhanced parental leave, and office-based nursery.
Online therapy and wellbeing benefits to ensure your mental well-being.
Here at Glovo, we thrive on diversity, we believe it enhances our teams, products, and culture. We know that the best ideas come from a mashup of brilliant diverse minds. This is why we are committed to providing equal opportunities to talent from all backgrounds - all genders, racial/diverse backgrounds, abilities, ages, sexual orientations and all other unique characteristics that make you YOU. We will encourage you to bring your authentic self to work, fostering an inclusive environment where everyone feels heard.
Feel free to note your pronouns in your application (e.g., she/her/hers, he/him/his, they/them/theirs, etc).
So, ready to take the wheel and make this the ride of your life?
Delve into our culture by taking a peek at our Instagram and check out our Linkedin and website!
Additional Information
Here at Glovo, we thrive on diversity, we believe it enhances our teams, products, and culture. We know that the best ideas come from a mashup of brilliant diverse minds. This is why we are committed to providing equal opportunities to talent from all backgrounds – all genders, racial/diverse backgrounds, abilities, ages, sexual orientations and all other unique characteristics that make you YOU. We will encourage you to bring your authentic self to work, fostering an inclusive environment where everyone feels heard.
Feel free to note your pronouns in your application (e.g., she/her/hers, he/him/his, they/them/theirs, etc).
So, ready to take the wheel and make this the ride of your life?
Delve into our culture by taking a peek at our Instagram and check out our Linkedin and website!"
81,adc7426d14c31dc9,Data Analyst II - Compensations Policy Optimization,Glovo,"Trabajo híbrido in 08005 Barcelona, Barcelona provincia",,Jornada completa,,https://es.indeed.com/viewjob?jk=adc7426d14c31dc9,"Company Description

Glovo is part of the Delivery Hero Group, the world’s pioneering local delivery platform, our mission is to deliver an amazing experience—fast, easy, and to your door. We operate in around 70 countries worldwide. Headquartered in Berlin, Germany. Delivery Hero has been listed on the Frankfurt Stock Exchange since 2017 and is part of the MDAX stock market index.

Job Description

If you’re here, it’s because you’re looking for an exciting ride.
A ride that will fuel up your ambitions to take on a new challenge and stretch yourself beyond your comfort zone.
We’ll deliver a non-vanilla culture built on talent, where we work to amplify the impact on millions of people, paving the way forward together.
Not your usual app. We are the fastest-growing multi-category app connecting millions of users with businesses, and couriers, offering on-demand services from more than 170,000 local restaurants, grocers and supermarkets, and high street retail stores. We operate in more than 1500 cities across 23 countries.
Together we revolutionise the way people connect with their everyday needs, from delivering essentials to connecting our ecosystem of users through innovative solutions powered by technology. For us, every day is filled with purpose.
What makes our ride unique?
Our culture and strong values.
Our career development philosophy.
Our commitment to being a force for good.
We have a vision: Building the largest marketplace in your city, to give access to anything in minutes. And this is where your ride starts.
YOUR MISSION
We are looking for a dynamic and analytical professional to lead the Compensation Policy Optimization strategy within our Customer Compensations team in our Barcelona HQ. In this role, you will act as a strategic partner, collaborating closely with Delivery Hero (DH) and Growth teams to maximize customer retention while ensuring high ROI on every compensation investment. You will move beyond reporting to drive the experimental roadmap that defines how we compensate millions of customers globally.
THE JOURNEY
Define and execute a global AB testing roadmap for customer compensation policies to identify the most effective retention levers.
Scale and automate AB testing analytics to provide recurrent visibility on policy ROI, guiding critical budget allocation decisions.
Optimize customer segmentations in alignment with Growth teams to increase the precision and ROI of compensation investments.
Collaborate with Delivery Hero (DH) teams to align on ROI methodologies, testing frameworks, and centralized data logic.
Apply advanced statistical techniques to predict the impact of policy changes on long-term customer lifetime value (CLV).
Suggest data-driven actions to senior stakeholders, influencing the global strategy for discretionary spend and operational efficiency.
Report to the Head of Customer Compensations, serving as the technical authority on policy performance and experimentation.

Qualifications

WHAT YOU WILL BRING TO THE RIDE
Bachelor’s degree in a quantitative domain (e.g., Mathematics, Statistics, Data Engineering, Economics).
3+ years of professional experience in a quantitative analysis or data science role, with a heavy focus on experimentation.
Mastery in SQL and Python for data manipulation and statistical analysis.
Deep expertise in A/B testing design and execution, including hypothesis testing, power analysis, and understanding statistical significance in a business context.
Strong business acumen with the ability to translate complex ROI metrics into actionable insights for non-technical stakeholders.
Experience with modern BI tools (Looker or Tableau) to build automated, scalable ROI dashboards.
Experience with version control (GitHub) and collaborative data environments.
Professional English proficiency and excellent communication skills to influence senior management.
Nice to have:
Knowledge of pipeline orchestration (Airflow) and Jupyter notebooks.
Experience in Growth Analytics or Customer Segmentation models.
Experience working in a marketplace or on-demand delivery environment.
Individuals representing diverse profiles, and abilities, encompassing various genders, ethnicities, and backgrounds, are less likely to apply for this role if they do not possess solid experience in 100% of these areas. Even if it seems you don't meet our musts don't let it stop you, we are all about finding the best talent out there! Skills can be learned, and embracing diversity is invaluable.
We believe driven talent deserves:
An enticing equity plan that lets you own a piece of the action.
Top-notch private health insurance to keep you at your peak.
Monthly Glovo credit to satisfy your cravings!
Discounts on transportation, food, and even kindergarten expenses.
Discounted gym memberships to keep you energized.
️ Extra time off, the freedom to work from home two days a week, and the opportunity to work from anywhere for up to three weeks a year!
Enhanced parental leave, and office-based nursery.
Online therapy and wellbeing benefits to ensure your mental well-being.
Here at Glovo, we thrive on diversity, we believe it enhances our teams, products, and culture. We know that the best ideas come from a mashup of brilliant diverse minds. This is why we are committed to providing equal opportunities to talent from all backgrounds - all genders, racial/diverse backgrounds, abilities, ages, sexual orientations and all other unique characteristics that make you YOU. We will encourage you to bring your authentic self to work, fostering an inclusive environment where everyone feels heard.
Feel free to note your pronouns in your application (e.g., she/her/hers, he/him/his, they/them/theirs, etc).
So, ready to take the wheel and make this the ride of your life?
Delve into our culture by taking a peek at our Instagram and check out our Linkedin and website!

Additional Information

Here at Glovo, we thrive on diversity, we believe it enhances our teams, products, and culture. We know that the best ideas come from a mashup of brilliant diverse minds. This is why we are committed to providing equal opportunities to talent from all backgrounds – all genders, racial/diverse backgrounds, abilities, ages, sexual orientations and all other unique characteristics that make you YOU. We will encourage you to bring your authentic self to work, fostering an inclusive environment where everyone feels heard.

Feel free to note your pronouns in your application (e.g., she/her/hers, he/him/his, they/them/theirs, etc).

So, ready to take the wheel and make this the ride of your life?

Delve into our culture by taking a peek at our Instagram and check out our Linkedin and website!"
82,485d3e60263b1c02,BUSINESS ANALYST - ENGLISH AND SPANISH MARKET,Konecta BCN,"Barcelona, Barcelona provincia",,Contrato indefinido,,https://es.indeed.com/viewjob?jk=485d3e60263b1c02,"WHO WE ARE
Konecta is a leading innovative global service provider in customer management, business processes and digital outsourcing, with 120,000 passionate employees working in 30 languages across 4 continents and 26 countries.
Focusing on the unique needs and opportunities of each industry, Konecta offers a full range of end-to-end customer management solutions - including acquisition, retention, customer service, technical support, and collection - all based on a sustainable business model. These services are built on a portfolio of world-class expertise covering customer experience and process management, digital solutions and cutting-edge technologies.
Headquartered in Madrid, Konecta delivers global revenues of €2 billion with more than 500 clients, covering some of the biggest names in telecoms, energy, banking, mobility, retail, and e-commerce.
MISSION OF THE ROLE
As a Data Analyst, you will need to collect, analyse, and interpret data to provide actionable insights that support business decisions.
RESPONSIBILITIES
Collecting, processing and analysing data.
Creating reports.
Collaborating constantly with the other departments.
Ensuring data accuracy and integrity.
REQUIREMENTS
Professionals with experience in the role, minimum 3 years.
Native or bilingual level in English. (Knowledge of other languages is a plus)
Computer agility.
Results and objectives orientated.
Experience using Excel/Google Sheet and power point
WHAT WE OFFER
A permanent contract
A multicultural environment
A modern, pleasant and well-located working environment with view on the beach
Private discounted medical insurance
Our office is located in Barcelona - Barceloneta (Metro L4) or Estación de Francia (Rodalies) or Ciutadella ' Vila Olímpica (Metro L4 y Tram T4).
Professionals with experience in the role, minimum 3 years.
Native or bilingual level in English. (Knowledge of other languages is a plus)
Computer agility.
Results and objectives orientated.
Experience using Excel/Google Sheet and power point"
83,0df44dc13f103b24,Analytics Engineer,Adikteev,"Trabajo híbrido in Barcelona, Barcelona provincia",,Jornada completa,,https://es.indeed.com/viewjob?jk=0df44dc13f103b24,"WHO WE ARE
Adikteev fuels the app ecosystem by inspiring users to engage with the apps they know and love. Specializing in user retention, we grow in-app revenue and build user loyalty with custom retargeting and CTV campaigns.
Operating globally from Paris, San Francisco, Barcelona and Seoul, Adikteev has grown to over 100 employees and achieved 60% revenue growth this year.
HOW WE MAKE AN IMPACT
Own it, Live it
: Our top priority is making sure our customers are fully supported and engaged. We're not afraid to make decisive moves, embrace challenges, and see them through to the end.
Rolling with Changes
: We don't just face challenges, we anticipate them. Agility is core to who we are, and we believe in continuous learning and improvement.
Making waves with purpose
: We're here to make a difference. Every decision and action is aimed at creating a positive and meaningful impact.
The ADIKTEAM vibe
: We're more than a team; we're the ADIKTEAM. Everyone plays a crucial role, and we're always looking for people who thrive in collaborative, supporting environments.
WHAT YOU WILL DO
We are looking for a Senior Analytics Researcher who can tackle our most complex analytical challenges and innovative features in order to shape Adikteev's strategic direction.
Your responsibilities will include:
Designing and executing analytical projects that address strategic business questions with measurable impact
Applying advanced statistical methods to uncover insights from complex datasets
Conducting A/B testing for product initiatives
Creating decision frameworks and success metrics for key business initiatives
Building proof-of-concept models and prototyping new analytical tools and features
Partnering with leadership to translate business strategy into analytical roadmap
Providing thought leadership on industry trends and emerging techniques in analytics and data science.
WHO YOU ARE
You will be a good fit to join our Analytics team at Adikteev if you :
Possess expert knowledge of statistical methods and experimental design
Demonstrate strong programming skills in Python
Have a proven track record of independently driving complex projects from conception to business impact
Show strategic thinking and can connect analytical work to business outcomes
Excel at communicating complex concepts to both technical and non-technical audiences.
And if you bring any of the following, that's even better:
Advanced degree (Master's or PhD) in Statistics, Computer Science, Economics, or related field
Experience in AdTech
Please note that, for legal reasons, candidates are required to hold European citizenship and/or maintain residency within the European Union in order to be considered for this position.
PERKS AND BENEFITS
Competitive Salary ;
Performance-based Quarterly bonus with transparent KPIs;
Longevity bonus every 2 years ;
4 1/2 days work week (Fridays afternoon off) ;
Mental Health support ;
Flexible remote working policy ;
Regular team-life event / activity ;
Inclusive parental leave Policy.
OUR PROCESS
Call with Mélanie, Talent Acquisition Partner,
Case study
Team fit interview with Pierre, Analytics Director and Priyakant, Senior Data Analyst
Final interview with two Comex members.
We prioritize people, not just job titles.
At Adikteev, we value talent in all its many forms and qualifications. If, after reading this job description, you feel that the position aligns with your current abilities and career aspirations, we encourage you to apply even if you don't have every skill listed.
Not everyone will make it through our hiring process, but your skills might just be the perfect match for another adventure we have now or down the road.
As an Employer of choice, Adikteev does not and shall not discriminate on the basis of race, color, religion, gender, gender expression, age, national origin, disability, marital status, sexual orientation, or military status, in any of its activities or operations. These activities include, but are not limited to, hiring and firing of staff, selection of volunteers and vendors, and provision of services. We are committed to providing an inclusive and welcoming environment for all members of our staff, clients, volunteers, subcontractors, vendors and clients."
84,f95ed4e6f5d173ef,Travel Operations and Supplier Analyst,Motherson,"Barcelona, Barcelona provincia",,Jornada completa,,https://es.indeed.com/viewjob?jk=f95ed4e6f5d173ef,"full time (m/w/d)
BarcelonaSpain
The
Motherson Group
is one of the 15 largest and sustainable full system solutions providers to the global automotive industry, serving multiple further industries, such as rolling stock, aerospace, medical, IT, and logistics, with over 190,000 employees across 44 countries worldwide. The
Chairman’s Office Europe and North Africa (COE)
is supporting and coordinating our operating units, R&D centers, and representative offices across Europe and North Africa with corporate functions and services. Given our fast growth, we are constantly looking for talented new colleagues to become part of our team.
What you'll do
Your tasks.
Coordinate and support travel operations across Europe, North Africa and Americas, ensuring alignment with corporate procurement and travel guidelines.
Analyze travel data to identify cost-saving opportunities.
Engage in end-to-end supplier management: from identifying travel providers to assisting in contract negotiations and performance evaluations.
Administer travel tools and booking platforms: manage configurations, user access, deployment, and resolve technical issues.
Implement and communicate travel policies across all levels of the company—ensuring clarity, compliance, and documentation.
Act as a reliable advisor for internal stakeholders on travel matters.
Develop and monitor key performance indicators (KPIs) to track service levels and supplier performance.
Lead training initiatives to support policy updates, new tools, and travel-related processes.
Contribute to impactful travel-related projects: whether optimizing supplier contracts, reducing environmental impact, or launching new digital platforms.
What we offer
What we offer.
We provide a pleasant working atmosphere in a new and modern working environment with good career opportunities. You will get to know exciting and varied assignments working closely to Management levels of Motherson.
We show our commitment to our people via the following values:
Interest for each other:
We act with empathy and care about each other and about our counterparts.
Togetherness:
We work together collaboratively and selflessly.
Trust:
Hard to gain and easy to lose, therefore we say what we mean, keep our promises and treat others with respect.
Respect:
We respect and value people of all backgrounds. Respect is a common ground we work with each other.
Enthusiasm
: We are curious, ambitious, passionate, humble and life-long eagerly learners.
What we are looking for
Your profile.
Bachelor or Masters degree in Tourism, Administration, International Business or related fields.
Several years of experience in administrative or support functions within the business travel environment.
Excellent English skills (spoken and written), additional languages are preferred.
Proficiency in Microsoft Office tools, particularly Excel and desirable Power BI.
Proactive and solution-oriented mindset.
Organizational and time management skills.
Willing to travel (30%) occasionally for project related tasks."
85,bdb0e65136dd469a,Business Analyst / Data Analyst - (REDS - GAM-IT),Zurich Insurance,"Barcelona, Barcelona provincia",,Jornada completa,,https://es.indeed.com/viewjob?jk=bdb0e65136dd469a,"We Are Waiting for You

Hi there!

I am Laura, the recruiter for this position. Nice to meet you!

First, a little bit about what I like the most about working at TDC: The environment here is incredibly collaborative and innovative. Our tech-driven mindset fosters continuous learning and growth, creating an atmosphere where everyone can thrive. Now, I can't wait to share this exciting journey with you at the Zurich!

First off, THANK YOU for considering our company. We understand that finding the right opportunity can be tough, but I’ll try to make it easier.

Who Are We?

Let me introduce us. You’re reading about Zurich Insurance Group, a global leader in insurance, but this role specifically pertains to ServiZurich. Established in Barcelona in 2006, ServiZurich operates as an integral part of Zurich Insurance Group, providing cutting-edge technological solutions and support to Zurich's local and global business units.

In addition to our technological solutions, we excel in investment, administration, and accounting, ensuring comprehensive support for Zurich's diverse operations.

What Can You Expect

Help drive Zurich’s transition from a legacy .NET/SQL platform to a cloud-native Databricks solution. You’ll enable global risk accumulation capabilities and play a central role in delivering data-driven products, notably the Risk Exposure Data Services (REDS) platform. This role requires strong data analysis, stakeholder collaboration, and a foundation in data governance.

Why This Role Is Right for You

You’ll shape Zurich’s cloud-enabled risk data platform and contribute to regulatory compliance and strategic decision-making.
You’ll work with a collaborative team of risk modelers, data architects, and engineers to deliver high-impact solutions.
You’ll gain deep exposure to modern data platforms and governance practices, setting you up for long-term career growth.

As a Business Analyst / Data Analyst – (REDS - GAM-IT) your main responsibilities will be:

Lead and support the delivery of data-centric IT products, with a focus on REDS, ensuring alignment with regulatory requirements and operational resilience.
Support and maintain the legacy .NET/SQL platform during the transition: capture user requirements, analyse current behaviours and workflows, and translate findings into clear user stories and migration plans.
Design, document, and oversee scalable data ingestion and transformation pipelines on cloud platforms (Databricks, Azure), ensuring performance and traceability.
Translate business objectives into actionable requirements, user stories, acceptance criteria, and technical solutions.
Document the legacy platform’s logic and functionality in detail (including data flows, business rules, and integration points) to guide migration and knowledge transfer.
Analyze, interpret, and transform heterogeneous data sources to enable informed decision-making and regulatory compliance.
Collaborate across functions (risk modelers, data architects, developers, risk governance) to deliver integrated data solutions.
Own data quality, lineage, and governance; establish and enforce standards for accuracy, completeness, and traceability.
Facilitate and participate in agile ceremonies (sprint planning, daily stand-ups, backlog refinement, retrospective) and ensure alignment between business and tech stakeholders.
Support UAT and release planning, with emphasis on performance, security, and measurable business value.
Advocate for platform consistency and robust data architecture; liaise with Data Architects and Information Security.
Provide functional consulting to internal consumers and data providers, driving adoption and value realization.
Collaborate with experts across technical domains to share best practices and accelerate delivery.
Continuously develop skills through real-world projects and contribute creatively to the team.

What Makes You a great Fit?

While we’re not seeking perfection or expecting you to save the world, we believe that if you meet some of these requirements, you’ll be a fantastic fit for our team. We are waiting for you!

As a Business Analyst / Data Analyst – (REDS - GAM-IT) your skills and qualifications will ideally include:

Expert knowledge of T-SQL (Transact-SQL) for complex querying, data manipulation, and performance tuning.
Extensive experience with data modeling (conceptual, logical, and physical) and data transformation techniques.
Experience with data pipelines, ingestion frameworks, or ETL tools (e.g., Azure Data Factory, Databricks, Kafka, etc.).
Strong grounding in data modeling, data transformation, data visualization, and data governance concepts.
Proven ability to design, document, and support data flows in modern cloud environments; comfortable with end-to-end data lifecycle.
Experience supporting legacy platforms and running requirement-capture workshops; able to analyse existing systems and translate requirements into clear user stories and migration tasks.
Excellent interpersonal and stakeholder management skills; able to navigate a matrixed organization and engage senior stakeholders.
Track record of agile product delivery in technical contexts (Scrum, Kanban, or equivalent).
Ability to bridge business and technical teams, especially in data-centric domains.
Fluency in English; additional languages (e.g., Spanish) are a plus.
Experience coordinating UATs, releases, and performance/security validations.
Familiarity with risk modeling or exposure data in the insurance domain is desirable.
Nice-to-Haves

Experience with Databricks, Apache Spark, Delta Lake, or similar data-platform technologies.
Understanding of regulatory reporting requirements and internal risk frameworks.
Knowledge of Basel risk metrics, credit/risk exposure concepts, or actuarial data considerations.

And… What Makes Us Special?

As well as a competitive salary and a yearly bonus, we offer:

To support your work-life balance, we have adopted a flexible working model.
Over 300 euros to set up your home office and additional monthly home office allowance.
Wide range of internal and external trainings, including English, German and Spanish classes depending on the needs.
Ticket restaurant and Health Insurance with the flexibility to exchange it for other benefits.
Life and accident insurance.
Collective Life retirement Plan
2000 referral bonus if you bring other talented people like you to the company.
Special banking and insurance conditions plus Exclusive Employees discounts
Functional diversity benefits
Different social clubs such as hiking, investment, beach volley and many more
Stock options and mortgage benefits.

Where Are We Located?

Barcelona, Bac de Roda.

#Li-hybrid
We Are Waiting for You.

Can you see yourself in this role? Don’t wait any longer! Apply by sending your CV in English.
If not, no worries! We’ll meet again in the future. Feel free to share my contact details with anyone you think would be a great fit.
At Zurich, we are an equal opportunity employer. We attract and retain the best-qualified individuals available, regardless of race/ethnicity, religion, gender, sexual orientation, age, or disability.

ServiZurich – Your Talent, Our Strength

Why Zurich

At Zurich, we like to think outside the box and challenge the status quo. We take an optimistic approach by focusing on the positives and constantly asking What can go right?
We are an equal opportunity employer who knows that each employee is unique - that’s what makes our team so great!
Join us as we constantly explore new ways to protect our customers and the planet.

Location(s): ES - Barcelona
Remote working: Hybrid
Schedule: Full Time
Recruiter name: Laura Santamaría Rodríguez"
86,34fd38b5d6d2b3a7,Process Optimization Analyst,Glovo,"Trabajo híbrido in 08005 Barcelona, Barcelona provincia",,Jornada completa,,https://es.indeed.com/viewjob?jk=34fd38b5d6d2b3a7,"Company Description

Glovo is part of the Delivery Hero Group, the world’s pioneering local delivery platform, our mission is to deliver an amazing experience—fast, easy, and to your door. We operate in around 70 countries worldwide. Headquartered in Berlin, Germany. Delivery Hero has been listed on the Frankfurt Stock Exchange since 2017 and is part of the MDAX stock market index.

Job Description

YOUR MISSION
The Live Operations Process Optimization Specialist will be responsible for owning and leading the definition, optimization, and automation of Live Operations processes, driving cross-functional initiatives to improve operational efficiency and performance, managing end-to-end process definition and improvement projects, and acting as a subject-matter expert and decision-maker on Live Ops processes within the Process Optimization team.
THE JOURNEY
Define and design E2E Live Operations processes for customer, rider and partner support agents from scratch with limited supervision, including:
Understanding global and local AS-IS processes
Identifying pain points and improvement opportunities by diving deep into data and audits
Defining TO-BE processes to drive satisfaction, efficiency, scalability and consistency to Customers, Riders and Partners
Coordinating reviews and alignment with stakeholders
Acting as the end owner of defined processes
Own Live Ops processes within cross-functional Live Ops projects and make business decisions on behalf of the Process Optimization team.
Manage and assess process change requests coming from Live Ops hubs and other stakeholders, applying strategic and critical thinking to prioritize initiatives based on impact and feasibility.
Configure SOPs in an internal Copilot tool for support agents and be able to improve support metrics through it.
Proactively identify business opportunities to improve Live Ops performance and KPIs through process improvements, product development and automations.
Act as a key referent for Live Ops processes across customers, riders, and/or partners, maintaining a deep understanding of online delivery service business models and operational dynamics.

Qualifications

Individuals representing diverse profiles, and abilities, encompassing various genders, ethnicities, and backgrounds, are less likely to apply for this role if they do not possess solid experience in 100% of these areas. Even if it seems you don't meet our musts don't let it stop you, we are all about finding the best talent out there! Skills can be learned, and embracing diversity is invaluable.
We believe driven talent deserves:
An enticing equity plan that lets you own a piece of the action.
Top-notch private health insurance to keep you at your peak.
Monthly Glovo credit to satisfy your cravings!
Discounts on transportation, food, and even kindergarten expenses.
Discounted gym memberships to keep you energized.
️ Extra time off, the freedom to work from home two days a week, and the opportunity to work from anywhere for up to three weeks a year!
Enhanced parental leave, and office-based nursery.
Online therapy and wellbeing benefits to ensure your mental well-being.
Here at Glovo, we thrive on diversity, we believe it enhances our teams, products, and culture. We know that the best ideas come from a mashup of brilliant diverse minds. This is why we are committed to providing equal opportunities to talent from all backgrounds - all genders, racial/diverse backgrounds, abilities, ages, sexual orientations and all other unique characteristics that make you YOU. We will encourage you to bring your authentic self to work, fostering an inclusive environment where everyone feels heard.
Feel free to note your pronouns in your application (e.g., she/her/hers, he/him/his, they/them/theirs, etc).
So, ready to take the wheel and make this the ride of your life?
Delve into our culture by taking a peek at our Instagram and check out our Linkedin and website!

Additional Information

Here at Glovo, we thrive on diversity, we believe it enhances our teams, products, and culture. We know that the best ideas come from a mashup of brilliant diverse minds. This is why we are committed to providing equal opportunities to talent from all backgrounds – all genders, racial/diverse backgrounds, abilities, ages, sexual orientations and all other unique characteristics that make you YOU. We will encourage you to bring your authentic self to work, fostering an inclusive environment where everyone feels heard.

Feel free to note your pronouns in your application (e.g., she/her/hers, he/him/his, they/them/theirs, etc).

So, ready to take the wheel and make this the ride of your life?

Delve into our culture by taking a peek at our Instagram and check out our Linkedin and website!"
87,890abcdef0123456,,,,,,,https://es.indeed.com/viewjob?jk=890abcdef0123456,
88,54b573bcce3a1928,"Senior Business Analyst (They, She, He)",Glovo,"Trabajo híbrido in 08005 Barcelona, Barcelona provincia",,Jornada completa,,https://es.indeed.com/viewjob?jk=54b573bcce3a1928,"Company Description

Glovo is part of the Delivery Hero Group, the world’s pioneering local delivery platform, our mission is to deliver an amazing experience—fast, easy, and to your door. We operate in around 70 countries worldwide. Headquartered in Berlin, Germany. Delivery Hero has been listed on the Frankfurt Stock Exchange since 2017 and is part of the MDAX stock market index.

Job Description

As a Media Solutions Business Analyst you will work alongside performance marketers, data engineers & data scientists driving strategic decisions in media investment and allocation as well as quantifying impact of investments. You will set the standards for other teams to make data driven decisions, deep dive into key business challenges of the marketing department and collaborate with a wide range of stakeholders to produce data products and outputs. Your work will directly contribute to successful growth of Glovo users.
THE JOURNEY
Be a key part of the Media Solutions team, own projects end to end and drive decision making in key areas of marketing investment
Produce data products from existing data sources and establish standards of reporting for Marketing organization.
Design, publish and maintain Looker dashboards and visualization tools to facilitate campaign management, budgeting and major business decisions.
Explore emerging trends in marketing investment optimization by supporting tooling decisions, building data processing pipelines or supporting ongoing automation efforts
Explore emerging opportunities in leveraging AI tooling for marketing purposes either by supporting buildout of customer oriented solutions or utilizing it to optimize internal processes.
Own the source of truth when it comes to app/web attribution, ensure adherence to latest reporting/privacy standards.
Manage customer requests, which includes verifying data quality, analyzing data, isolating and diagnosing the problem and resolving the issue. (with pragmatic solutions).
Conduct exploratory analysis of key performance marketing initiatives and discover key drivers of performance

Qualifications
4+ years work experience in business analyst, data analyst, data engineering or similar positions.
BS/MS in Engineering, Computer Science, Economics, Statistics or other disciplines with demonstrated technical exposure. Role is combination of business acumen and technical capabilities
Analytical mindset to deliver effective & pragmatic solutions & good ability to translate business questions into analytics hypothesis
Strong SQL skills - familiar with extracts, manipulation, transformation and analyzing large volumes of data
Experience in Looker, Tableau or any other visualization tool is a must. Able to create actionable and easy to use dashboards for end user
Great communication, visualization & storytelling with data skills to both scientific and business audiences.
Attention to detail - you are methodical and thorough in your analyses (problem statement, data discovery to result communication).
Fluent English communication skills.
Nice to have
Good understanding of Growth Media Channels (Display, Search, Social) is a nice to have
Good understanding of web/app attribution models.
Good understanding with Google Analytics and MMPs.
Understanding of tagging best practices and CDP platforms.
Individuals representing diverse profiles, and abilities, encompassing various genders, ethnicities, and backgrounds, are less likely to apply for this role if they do not possess solid experience in 100% of these areas. Even if it seems you don't meet our musts don't let it stop you, we are all about finding the best talent out there! Skills can be learned, and embracing diversity is invaluable.
We believe driven talent deserves:
An enticing equity plan that lets you own a piece of the action.
Top-notch private health insurance to keep you at your peak.
Monthly Glovo credit to satisfy your cravings!
Discounts on transportation, food, and even kindergarten expenses.
Discounted gym memberships to keep you energized.
️ Extra time off, the freedom to work from home two days a week, and the opportunity to work from anywhere for up to three weeks a year!
Enhanced parental leave, and office-based nursery.
Online therapy and wellbeing benefits to ensure your mental well-being.

Additional Information

Here at Glovo, we thrive on diversity, we believe it enhances our teams, products, and culture. We know that the best ideas come from a mashup of brilliant diverse minds. This is why we are committed to providing equal opportunities to talent from all backgrounds – all genders, racial/diverse backgrounds, abilities, ages, sexual orientations and all other unique characteristics that make you YOU. We will encourage you to bring your authentic self to work, fostering an inclusive environment where everyone feels heard.

Feel free to note your pronouns in your application (e.g., she/her/hers, he/him/his, they/them/theirs, etc).

So, ready to take the wheel and make this the ride of your life?

Delve into our culture by taking a peek at our Instagram and check out our Linkedin and website!"
89,70e77e5b0dfda8d3,Sourcing Data Analyst / Data Referent (W/M/X) - Permanent,Veepee,"Trabajo híbrido in Barcelona, Barcelona provincia",,Contrato indefinido,,https://es.indeed.com/viewjob?jk=70e77e5b0dfda8d3,"Pioneer of online flash sales since 2001 and key player in European e-commerce, Veepee collaborates with over 7,000 brands to offer highly discounted products available for a limited time. Operating across various sectors, including fashion, home, wine, travel or beauty... Veepee achieved a turnover of 3.3 billion euros incl. VAT in 2024 and employs 5,000 staff members across 10 countries.
\uD83D\uDCC4 JOB DESCRIPTION
The Sourcing Excellence team’s mission is to “guide & facilitate the implementation of Veepee’s Commercial Strategy, by Connecting Expertise & Solutions to Execution on Processes, Tooling & Organization”

IDENTIFY KEY STRATEGIC PRIORITIES :
Build business cases & prioritize Commercial Methodology projects to create sustainable value
Commercial Excellence Organization : Ensure best organization to master commercial excellence and best account management strategy
Commercial Methodology : Ensure the right level of interaction and tracking.
Pricing : Ensure competitiveness & profitability Set-up KPIs & Track Commercial Activity Business impact on brands, turnover and product margins
\uD83C\uDFAF TASKS
1 - Build tools to :
Monitor sales performance, pricing strategies and commercial activity (KPI tracking, dashboard creation)
Ease commercial, reporting and sourcing excellence processes

2 - Follow-up of data requirements, enrichment of data available on MicroStrategy and Datalake modeling in collaboration with Data teams

3 - Management of the data visualization tool (Microstrategy) in a constantly evolving environment, support for users and other team members.

You will work within a team of Data Analysts and Project Managers, to support the Sourcing Excellence initiatives : need for insights, automating redundant processes, monitoring results.

\uD83D\uDC49 MUST HAVE SKILLS
A degree in Business Administration, Economics, Statistics or Maths
3 to 5 years of experience in similar roles
Previous experience in Business analysis, with a focus on Sales data
Master in Google Workspace and Microsoft Office
Strong Modeling skills, tailored to your audience
Solid grounding in SQL and master how databases work
Strong communication and prioritization skills
Great understanding of our visualization tool, Microstrategy
You speak English fluently
You are passionate about business : keen to understand its drivers and study what can be developed or optimized.
You are comfortable working with data (multiple pieces of information from a variety of sources), even complex data, and have excellent modeling skills.
You are a great team player and focus on sharing your knowledge to help team members grow : we win as a team!
You have good communication abilities and problem-solving skills, with a “How YES!” attitude
You’re extremely rigorous, cross checking your sources and backing your results
✅ BENEFITS
\uD83D\uDC49Variable bonus
\uD83D\uDC49Flexible Office with up to 2 days at home
\uD83D\uDC49Online language learning Platform
\uD83D\uDC49Intensive workday on Friday
\uD83D\uDC49Health Insurance
\uD83D\uDC49Holidays: 27 days
️RECRUITMENT PROCESS
1️⃣ HR interview
2️⃣ Manager interview
3️⃣ Director interview
Tous nos postes sont ouverts aux personnes reconnues en situation de handicap.

Nous sommes convaincus que c'est à vous de définir votre façon de travailler, de vous développer et de progresser. Chez Veepee, nous vous garantissons que vous pouvez tout simplement être vous-même ! Au service de la diversité et de l'inclusion, Veepee s'engage à examiner toutes les candidatures reçues sur une base égalitaire.

ENTREPRISE

Pour plus d'informations à propos de notre éco système : https://careers.veepee.com/en/home-page-en/

El grupo Veepee procesa sus datos recopilados como parte de la gestión de su reclutamiento para gestionar su expediente de solicitud para el puesto al que ha postulado. Para obtener más información sobre nuestra política de protección de datos personales, le invitamos a consultarla en nuestro sitio de carreras.
We may use artificial intelligence (AI) tools to support parts of the hiring process, such as reviewing applications, analyzing resumes, or assessing responses. These tools assist our recruitment team but do not replace human judgment. Final hiring decisions are ultimately made by humans. If you would like more information about how your data is processed, please contact us."
90,8b04c108d0ef3953,Senior Data Analyst - Payment Success,Checkout Technology Ltd - Sucursal en España,"Trabajo híbrido in 08018 Barcelona, Barcelona provincia",,Jornada completa,,https://es.indeed.com/viewjob?jk=8b04c108d0ef3953,"Company Description
We’re Checkout.com – you might not know our name, but companies like eBay, ASOS, Klarna, Uber Eats, and Sony do. That moment when you check out online? We make it happen.
Checkout.com is where the world checks out. Our global network powers billions of transactions every year, making money move without making a fuss. We spent years perfecting a service most people will never notice. Because when digital payments just work, businesses grow, customers stay, and no one stops to think about why.
With 19 offices spanning six continents, we feel at home everywhere – but London is our HQ. Wherever our people work their magic, they’re fast-moving, performance-obsessed, and driven by being better every day. Ideal. Because a role here isn’t just another job; it’s a career-defining opportunity to build the future of fintech.
Job Description
The role
We empower businesses in the digital economy, and we know that every payment counts. Our Payment Performance team’s mission is to manage and optimise merchants’ payment flow, to achieve optimal conversion, compliance and cost.
Checkout.com is looking for a Senior Data Analyst to join our Payment Success team to craft an all-encompassing payments strategy tailored specifically for our Tier-1 merchants. You will be the main point of contact for a merchant regarding their payment performance playing a critical role in defining, delivering and building tools for the right insights to showcase the value of our optimal payment strategies.
You will work closely with Payment Performance engineers and data scientists leveraging cutting-edge technology and data insights. You will also collaborate regularly with other teams and cross-functional stakeholders to establish priorities and drive merchant performance improvements.
How you’ll make an impact
Deliver expertise and guidance to our key merchants by crafting optimal payments strategy.
Conduct deep-dive exploratory data analysis to uncover insights and anomalies
Conduct experiments and A/B tests to improve performance, including ML based solutions.
Develop cutting-edge automation tools aimed at monitoring and optimising merchants’ performance.
Implement robust measurements to assess how proposed solutions impact merchants' performance and revenue, providing valuable insights for both internal and external ROI.
Collaborate with various teams across the company to ensure an outstanding merchant experience and feed requirements for product development
Elevate internal awareness, particularly within the executive team, regarding the full spectrum of merchant services and benefits provided
Drive a culture of cross-team learning and knowledge sharing
What we’re looking for
4+ years in an analytical role either at a Fintech or Consultancy, using analysis to make business recommendations
Data driven approach, by clearly defining success metrics and measuring progress against them
SQL / Python knowledge to extract & analyse large data from our Data Warehouse
Good knowledge of today’s major e-commerce and payments technologies and trends
Customer driven and able to establish robust relationship with assigned customer base
Proficient and fluent in Spanish
Bring all of you to work
We create the conditions for high performers to thrive – through real ownership, fewer blockers, and work that makes a difference from day one.
Here, you’ll move fast, take on meaningful challenges, and be recognized for the impact you deliver. It’s a place where ambition gets met with opportunity – and where your growth is in your hands.
We work as one team, and we back each other to succeed. So whatever your background or identity, if you’re ready to grow and make a difference, you’ll be right at home here.
It’s important we set you up for success and make our process as accessible as possible. So let us know in your application, or tell your recruiter directly, if you need anything to make your experience or working environment more comfortable.

Life at Checkout.com
We understand that work is just one part of your life. Our hybrid working model offers flexibility, with three days per week in the office to support collaboration and connection.
Curious about what it’s like to be part of our team? Visit our Careers Page to learn more about our culture, open roles, and what drives us.
For a closer look at daily life at Checkout.com, follow us on LinkedIn and Instagram"
91,712c4205cdd17b89,"DATA ANALYST CUSTOMER, SENIOR SPECIALIST",Mango,"Trabajo híbrido in Plegamans, Barcelona provincia",,Jornada completa,,https://es.indeed.com/viewjob?jk=712c4205cdd17b89,"En Mango vestimos de pasión todo lo que hacemos. Con origen en Barcelona y presencia en más de 120 países, inspiramos al mundo con creatividad, innovación y autenticidad.
Nuestro equipo multicultural es el motor de nuestro éxito. Nos enorgullece llevar la moda más allá, conectando nuestro estilo único con personas de todo el mundo.
TU NUEVO PUESTO:
En el equipo de Customer Analytics buscamos a una persona con sólida experiencia en análisis de datos, que quiera liderar proyectos estratégicos y acompañar de forma cercana al equipo de Loyalty en la toma de decisiones basadas en datos.
Serás un referente técnico y analítico, con la misión de transformar el comportamiento de nuestros clientes en insights de alto impacto que guíen la definición de acciones e iniciativas para impulsar la fidelización, aumentar el valor del cliente, mejorar la experiencia y la recurrencia de compra, y contribuir de forma directa al crecimiento del negocio.
Formarás parte de un equipo joven y dinámico, siempre abierto a nuevos retos, donde tus análisis y propuestas tendrán un impacto directo en cómo entendemos, segmentamos y conectamos con nuestros clientes.
TUS PRINCIPALES RESPONSABILIDADES:
Analizarás en profundidad el comportamiento de nuestros clientes y miembros del programa de Loyalty, utilizando herramientas como Databricks y otras plataformas de análisis avanzado, para generar insights estratégicos que impulsen la fidelización y el valor del cliente.
Detectarás oportunidades de mejora en la estrategia de negocio y en la experiencia de cliente, aportando recomendaciones basadas en datos que contribuyan al crecimiento de la compañía.
Participarás en la definición y propuesta de acciones estratégicas, y evaluarás sus resultados, asegurando su alineación con los objetivos de la compañía.
Colaborarás de forma estrecha con el equipo de Loyalty para definir, medir y optimizar KPIs clave del programa, proponiendo mejoras basadas en datos.
Asegurarás el seguimiento y análisis de campañas y acciones de Loyalty, proponiendo mejoras basadas en resultados y aprendizaje continuo.
Diseñarás y liderarás análisis complejos que permitan entender patrones de compra, recurrencia, segmentación y respuesta a campañas, orientando las decisiones de negocio.
Desarrollarás visualizaciones, informes y dashboards interactivos que faciliten el seguimiento de objetivos y la toma de decisiones por parte de distintos stakeholders.
Elaborar Business Cases para evaluar la viabilidad, el impacto esperado y el retorno potencial de iniciativas o cambios estratégicos, facilitando la toma de decisiones go/no-go por parte de los equipos de negocio.
Colaborarás con el área de IT para trasladar requerimientos técnicos y asegurar la calidad, consistencia y disponibilidad del dato.
Impulsarás la automatización de procesos de análisis, identificando oportunidades y proponiendo soluciones innovadoras que aumenten la eficiencia del equipo.

SOBRE TI:
Experiencia profesional de al menos 5 años en análisis de datos, visualización y generación de insights. Preferiblemente en entornos de moda, retail u otros sectores con alto enfoque en cliente.
Formación universitaria en Matemáticas, Estadística, Ingeniería, Economía, Data Science o áreas afines.
Experiencia en análisis para programas de fidelización, CRM o marketing relacional.
Dominio de lenguajes de programación como SQL y Python (se valorará también R), con capacidad para trabajar con grandes volúmenes de datos.
Conocimiento de herramientas de visualización como PowerBI, Looker, Tableau o Qlik.
Nivel avanzado de Excel y habilidades para análisis rápido y exploratorio.
Capacidad demostrada para transformar datos en recomendaciones estratégicas, comunicando hallazgos a perfiles no técnicos de manera clara y atractiva.
Orientación a resultados y pensamiento crítico, con capacidad para priorizar y tomar decisiones basadas en datos.
Actitud proactiva y colaborativa, con entusiasmo por aportar nuevas ideas y pasión por la analítica de clientes.
TUS BENEFICIOS:
Disfruta de un horario flexible y trabajo híbrido que se adapta a tus necesidades. En Mango, apostamos por la conciliación de la vida profesional y personal.
En Mango, el fin de semana empieza el viernes a mediodía. Ofrecemos horario intensivo los viernes y vísperas de festivos.
Planifica tus vacaciones según tus preferencias. En Mango, valoramos tu tiempo y queremos que disfrutes de cada momento.
Como parte del equipo de Mango, tendrás un 35% de descuento en todas nuestras líneas, ¡para que estés siempre a la última!
Paquete de retribución flexible con ventajas fiscales: seguro médico, formación, catering y programa de guardería.
Transporte de empresa gratuito desde Barcelona y El Vallés.
En Mango, invertimos en tu crecimiento personal y profesional. Accede a una oferta de formación variada, mentorías personalizadas, programas de desarrollo continuo y oportunidades de promoción interna que te impulsarán hacia el éxito. A nivel técnico, podrás formarte en el uso de diferentes plataformas tecnológicas, así como participar en workshops, meetups, comunidades de prácticas, team buildings y company meetings.
¡Piensa en grande! Mango te ofrece oportunidades internacionales en más de 120 mercados para expandir tu horizonte y crecer junto con nosotros a nivel global.
En Mango, creemos en una cultura inclusiva donde la creatividad y la innovación nos inspiran a llevar la moda más allá. Por ello, tenemos el compromiso de ofrecer igualdad de oportunidades para todas las personas, valorando la autenticidad de cada individuo.
Taking Fashion
Further"
92,85619a7add99e2c3,Operations Analyst II Service Delivery Latam,Glovo,"Trabajo híbrido in 08005 Barcelona, Barcelona provincia",,Jornada completa,,https://es.indeed.com/viewjob?jk=85619a7add99e2c3,"Company Description

Glovo is part of the Delivery Hero Group, the world’s pioneering local delivery platform, our mission is to deliver an amazing experience—fast, easy, and to your door. We operate in around 70 countries worldwide. Headquartered in Berlin, Germany. Delivery Hero has been listed on the Frankfurt Stock Exchange since 2017 and is part of the MDAX stock market index.

Job Description

YOUR WORK-LIFE OPPORTUNITY:

As an Analyst in the Marketplace Experience team you’ll be responsible for delivering a 5-star experience to all the actors of our marketplace (customers, riders, vendors), while finding opportunities to be more efficient when delivering it. You’ll need to connect the dots, understand the root-causes of our problems, and propose solutions to improve the pain points we face within our marketplace support flows.

We are looking for a person with a positive attitude, lots of gas, creativity to think out of the box and passion for the work you will develop.

BE A PART OF A TEAM WHERE YOU WILL:

Analyze data obsessively to identify trends and build successful implementation strategies for our support operations.
You’ll look into customer satisfaction, productivity, cost per contact, retention from support experiences, and other metrics that drive our business forward.
Evaluate strategic opportunities, performing a broad range of quantitative and qualitative analyses.
Monitor and track the metrics on a daily basis and together with the Head Service Delivery come up with plans to address deviations.
You will combine advanced analytical data insights with business understanding and market knowledge.
Work very close with our Service Delivery local teams, to ensure the best in class support operations in the region.
Use your data visualization skills, in order to support delivered messages in the most efficient way
Give life to your craziest ideas and have an immediate impact thinking out of the box!

Qualifications

WHAT YOU WILL BRING TO THE RIDE
Bachelor’s degree in Business, Engineering, Mathematics, Statistics or related field.
3+ years experience in a data analytics role. Experience in Operations, tech, or marketplace-related businesses is a plus.
Excellent analytical and problem-solving skills. Proficiency in SQL and Excel are a must; Python is a plus.
Knowledge of visualisation tools like Tableau, Looker and/or PowerBI
Excellent communication skills in English (Portuguese or Spanish are a plus, but not required).
Proactive approach, great organisation skills and obsession with details
An empathetic, inclusive and curious attitude We are always looking for the best candidates, so if you think you would be a good fit even if you don't meet 100% of the requirements we would love to hear from you!

We believe driven talent deserves:
An enticing equity plan that lets you own a piece of the action.
Top-notch private health insurance to keep you at your peak.
Monthly Glovo credit to satisfy your cravings!
Discounts on transportation, food, and even kindergarten expenses.
Discounted gym memberships to keep you energized.
️ Extra time off, the freedom to work from home two days a week, and the opportunity to work from anywhere for up to three weeks a year!
Enhanced parental leave, and office-based nursery.
Online therapy and wellbeing benefits to ensure your mental well-being.
Here at Glovo, we thrive on diversity, we believe it enhances our teams, products, and culture. We know that the best ideas come from a mashup of brilliant diverse minds. This is why we are committed to providing equal opportunities to talent from all backgrounds - all genders, racial/diverse backgrounds, abilities, ages, sexual orientations and all other unique characteristics that make you YOU. We will encourage you to bring your authentic self to work, fostering an inclusive environment where everyone feels heard.
Feel free to note your pronouns in your application (e.g., she/her/hers, he/him/his, they/them/theirs, etc).
So, ready to take the wheel and make this the ride of your life?
Delve into our culture by taking a peek at our Instagram and check out our Linkedin and website!

Additional Information

Here at Glovo, we thrive on diversity, we believe it enhances our teams, products, and culture. We know that the best ideas come from a mashup of brilliant diverse minds. This is why we are committed to providing equal opportunities to talent from all backgrounds – all genders, racial/diverse backgrounds, abilities, ages, sexual orientations and all other unique characteristics that make you YOU. We will encourage you to bring your authentic self to work, fostering an inclusive environment where everyone feels heard.

Feel free to note your pronouns in your application (e.g., she/her/hers, he/him/his, they/them/theirs, etc).

So, ready to take the wheel and make this the ride of your life?

Delve into our culture by taking a peek at our Instagram and check out our Linkedin and website!"
93,944a4c8a6ff8ccfe,Credit Risk Decision Analyst (Luxembourg),Satispay,"Trabajo híbrido in Barcelona, Barcelona provincia",,Jornada completa,,https://es.indeed.com/viewjob?jk=944a4c8a6ff8ccfe,"Credit Risk Decision Analyst
Please note that this opportunity requires relocation to our Luxembourg office.
About Satispay
Satispay was born to revolutionise everyday payments – making them simple, fair, and accessible to everyone. Now, the focus has moved even further, aiming to shape the future of money.
We're a movement empowering millions of people, driven by a shared purpose to tackle big challenges. And we’re just getting started. We move quickly, think boldly, and trust each other to challenge the norm, learning and growing as we go.
If you’re looking for more than just your next job – if you want to build something impactful with a talented team – you’re in the right place.
What you’ll be doing
As a Credit Risk Decision Analyst, you’ll play a key role in designing credit risk strategies for Satispay products, with a strong focus on BNPL. Your work will include but won’t be limited to quantify credit risk, turn insights into decisions, and help define our risk appetite, while collaborating closely with teammates to deliver data-driven solutions. Here’s what your day-to-day will look like:

Credit risk strategy development
Throughout regular assessment of credit risk performance you will design the risk policy leveraging models, rules, internal and external data, A/B test and any other tool you see fit.
You will eventually recommend approve/decline, limits, and terms; including concise rationales and keeping decisions auditable.
You will be expected to provide the right balance between growth and loss management so the company meets its financial goals.
Cross-product monitoring & quantification
Maintain regular reporting to track credit risk perfomance arises across products (exposure, delinquency, overdue, roll/flow rates, recoveries).
Highlight risk and opportunities and propose actions with expected impact.
You will be collaborating with a large cross functional group including product, marketing, business development etc… to deliver the most optimal value for the company
Risk appetite & policy
Help define target loss ranges and decision thresholds; contribute to policy updates and simple guardrails the business can apply.
Support governance with tidy documentation and on-time reporting.
Data enablement for Finance (Python/SQL)
Use SQL and Python to produce dependable extracts, weekly packs, and lightweight, explainable credit risk reports.
Act as a collaborative internal partner: support ad-hoc data requests that help Finance move faster and make better decisions.
Early-warning & execution hygiene
Set up simple checks/alerts to surface deterioration early.
Ensure exceptions are logged and follow-ups are tracked to closure.
Future scope — Financial Risk Team
As Satispay evolves, this role will become part of the broader Financial Risk team that will model, classify, detect, and identify financial risks end-to-end (today mainly credit; over time expanding to other financial risk areas). You’ll help shape the frameworks, metrics, and tooling that scale with us.
Expect challenges, collaboration, and the freedom to bring your ideas to life. Things change quickly here, so be ready to adapt, take initiative, and shape your role as we grow.
Who we’re looking for
We need a problem-solver who loves teamwork and gets things done. If you're curious and ready for real ownership, you'll fit in! Does this sound like you?
Required experience: 2–5+ years in credit risk policy development (BNPL/short-tenor, SME/consumer, or trade credit).
Strong credit judgment: Can read liquidity, leverage, and cash-flow quality and connect them to limits, terms, and follow-ups.
Technical skills: Working Python (pandas/numpy) and SQL skills to pull/clean data and ship repeatable analyses and reports (this is not a data science role).
Communication skills: Clear, structured communication; short memos, crisp recommendations, and constructive collaboration within Finance and with Product/Data/Ops.
Operating mindset: Organised, documentation-first mindset; decisions and exceptions are review-ready.
Risk ownership: Experience defining or operating risk appetite and simple decision thresholds.
Analytics enablement: Familiarity with BI tools (Looker/Metabase/Tableau) and versioned scripts/notebooks.
Testing mindset: Comfort running small tests (e.g., threshold tweaks) and measuring impact.
Don't worry if you don't tick every box. We believe in the power of different viewpoints and strengths. Your unique perspective is important as we build something special. If you're passionate and can make a difference, we truly encourage you to apply.
Our benefits & perks
We believe high commitment, effort, and impact deserve to be highly rewarded and supported. That’s why we created Satispay CareAbout, our way of making sure you’re supported in your well-being, growth, and finances:
CareAbout health & well-being
Unlimited paid time off
Psychological support & mental health webinars with Serenis
Flexible hybrid working system
Extended parental leave
Childcare leave
CareAbout growth & development
Professional development programmes
Internal mobility program
Language classes with Preply
Internal workshops & training
CareAbout financial support
Stock Option Plan (with additional grants often provided based on performance)
International relocation support
Competitive salary
Meal vouchers
Equal-Opportunity Employer
At Satispay, we're proud to be an equal-opportunity employer. We celebrate diversity and inclusion, welcoming individuals of all backgrounds. This opportunity is open to everyone, regardless - for instance - of race, colour, religion, sex, gender identity, sexual orientation, and national origin. Join us in a workplace where everyone belongs!
Learn more about us
Curious if our way of working clicks with yours? Our values and pillars aren’t just fancy words on a page - they really shape everything we do. Explore them here.
Sounds like your kind of place?
Awesome! We’d love to hear your story.
#LI-Hybrid
#LI-VR1
By submitting this application, I acknowledge that I have read and understood the content of the Privacy Policy"
94,f6315d835cf620f5,Staff Data Scientist,Heetch,"Trabajo híbrido in Barcelona, Barcelona provincia",,Contrato indefinido +1,,https://es.indeed.com/viewjob?jk=f6315d835cf620f5,"About the Role

We’re looking for a Staff Data Scientist to shape the future of our marketplace through advanced analytics, experimentation, and machine learning. You’ll define the technical direction of data science initiatives, influence product strategy, and mentor other data scientists to elevate our analytical standards and impact.
As a Senior Technical Leader, you’ll partner closely with Product, Engineering, and Operations teams to turn data into decisions that improve reliability, growth, and user experience across markets.

What You’ll Do
Lead data science initiatives with company-wide impact — from experimentation frameworks to ML systems and causal inference methods
Define best practices and standards for experimentation, modelling, and analytical excellence across teams
Partner with Product and Engineering leadership to identify and prioritise high-leverage opportunities
Develop and deploy scalable models and data products that drive measurable business outcomes
Mentor and coach other data scientists and analysts, helping them deliver higher-impact work
Communicate insights and recommendations to senior leadership, influencing product and growth strategy
Contribute to Heetch’s data platform evolution, ensuring data quality, reliability, and efficiency at scale

You’ll Thrive In This Role If You
Have a deep understanding of statistics, experimentation, and causal inference, and know how to apply them pragmatically
Are fluent in Python, SQL, and modern data/ML tooling
Have experience bringing ML models into production and measuring their long-term business impact
Are skilled at translating complex technical findings into actionable business insights
Are a collaborative leader who mentors peers and sets high standards for analytical rigor and impact
Have 7+ years of experience in data science, ideally with 2–3 years in a Staff-level or tech-lead capacity

Nice to Have
Experience in marketplace or pricing systems (supply–demand modelling, matching, or fraud detection)
Experience leading data science guilds, chapters, or communities of practice
Familiarity with MLOps, feature stores, or causal inference frameworks
\uD83C\uDF08 Ride with Pride at Heetch \uD83C\uDF0D
We’re all about building a diverse, inclusive team where everyone feels safe, seen and celebrated. Different backgrounds, perspectives, and vibes? Bring it on. That’s how we grow.

And hey — studies show some people (especially women and early-career folks) hold back from applying unless they tick every single box. Don’t do that. If this role sparks something in you, but you’re not sure you match everything — apply anyway. We care about potential, mindset, and energy just as much as experience.
Everyone’s welcome on the Ride \uD83D\uDC96
We may use artificial intelligence (AI) tools to support parts of the hiring process, such as reviewing applications, analyzing resumes, or assessing responses. These tools assist our recruitment team but do not replace human judgment. Final hiring decisions are ultimately made by humans. If you would like more information about how your data is processed, please contact us."
95,a97489e7d327d823,SAP FSCD Business Analyst,Zurich Insurance,"Barcelona, Barcelona provincia",,Jornada completa,,https://es.indeed.com/viewjob?jk=a97489e7d327d823,"We Are Waiting for You

Hi there!
I am Álvaro, the recruiter for this position. Nice to meet you!
First, a little bit about what I like the most about working at Zurich Technology Delivery Center: The environment here is incredibly collaborative and innovative. Our tech-driven mindset fosters continuous learning and growth, creating an atmosphere where everyone can thrive. Now, I can't wait to share this exciting journey with you at Zurich!
First of all, THANK YOU for considering our company. We understand that finding the right opportunity can be tough, but I’ll try to make it easier.

Who Are We?

Let me introduce us. You’re reading about Zurich Insurance Group, a global leader in insurance, but this role specifically pertains to our Technology Delivery Center (TDC). Established in Barcelona in 2006, the TDC operates as an integral part of Zurich Insurance Group, providing cutting-edge technological solutions and support to Zurich's local and global business units.
In essence, Zurich TDC is where technology meets the vast reach of a multinational company. We specialize in areas such as software development, data analytics, cybersecurity, and IT infrastructure. Our primary mission is to support Zurich's strategic goals and enhance operational efficiency through innovative technology solutions.
If you're considering a role with us, know that you'll be joining a hub of technological excellence dedicated to driving Zurich's success on a global scale.

What Can You Expect?

And you might be thinking: This is great, what will my day-to-day be like, at TDC? I’m glad you asked.
As a SAP FSCD Business Analyst you will have the opportunity to:
Support the application in test and production environment for 12 implemented countries
Join the Global Billing & Payments team, a group of professionals with years of experience in the field
Handle BAU Incidents and changes to the existing implementation
Design and implement SAP FS-CD technical solutions
Interact with application users to establish and confirm requirements, support test execution and manage communications on deployment activities
Review and validate detailed technical designs provided by co-workers or suppliers to ensure the alignment with business requirements and technical architecture
Estimate the effort/cost of new functionalities requested by the users
Review the quality of project deliverables
Train and support users

What Makes You a Great Fit?

While we’re not seeking perfection or expecting you to save the world, we believe that if you meet some of these requirements, you’ll be a fantastic fit for our team. We are waiting for you!
University degree in IT or business or equivalent
A minimum of 3 years of working experience in IT
Basic Knowledge of Insurance Business
Good level of English is a must; German, Spanish or other European languages beneficial
Good knowledge of SAP technology including ABAP (ability to read, understand and debug; coding not required)
SAP certificates or equivalent is a plus
Experience with SAP financial modules is a plus
Willing to learn and ready to become skilled in SAP FS-CD customizing and development
Customer service focus and understanding of business processes
Ability to write and review complex technical designs
Good communication skills (ability to present to customers and peers in an efficient way)
Project management experience or certification is a plus

And… What Makes Us Special?

As well as a competitive salary and a yearly bonus, we offer:
To support your work-life balance, we have adopted a flexible working model.
Option to work abroad up to 25 days yearly.
Over 300 euros to set up your home office and additional monthly home office allowance.
Wide range of internal and external trainings, including English, German and Spanish classes depending on the needs.
Ticket restaurant and Health Insurance with the flexibility to exchange it for other benefits.
Life and accident insurance.
Collective Life retirement Plan
2000 referral bonus if you bring other talented people like you to the company.
Special banking and insurance conditions plus Exclusive Employee discounts
Functional diversity benefits
Stock options and mortgage benefits.

Where Are We Located?
Barcelona, Poblenou.
#Li-hybrid
We Are Waiting for You.
Can you see yourself in this role? Don’t wait any longer! Apply by sending your CV in English.
If not, no worries! We’ll meet again in the future. Feel free to share my contact details with anyone you think would be a great fit.
At Zurich, we are an equal opportunity employer. We attract and retain the best-qualified individuals available, regardless of race/ethnicity, religion, gender, sexual orientation, age, or disability.
Zurich Technology Delivery Center – Your Talent, Our Strength
You are the heart & soul of Zurich!

At Zurich, we like to think outside the box and challenge the status quo. We take an optimistic approach by focusing on the positives and constantly asking What can go right?
We highly value the experience and know-how of our employees and offer a wide range of opportunities across business areas to encourage you to apply for new opportunities within Zurich when you are ready for your next career step.
Let’s continue to grow together!

Location(s): ES - Barcelona
Schedule: Full Time
Recruiter name: Alvaro Gallego Zazo"
96,dc0112a3ef1b7ff5,Senior IT Business Analyst - Finance & Shared Services,Eurofins Spain NSC,"Trabajo híbrido in Esplugues de Llobregat, Barcelona provincia",,Jornada completa,,https://es.indeed.com/viewjob?jk=dc0112a3ef1b7ff5,"Company Description

Eurofins Scientific es el líder mundial en ensayos de alimentos, medio ambiente, productos farmacéuticos y cosméticos y en servicios de CRO de agrociencia. También es uno de los líderes mundiales del mercado independiente en servicios de pruebas y laboratorios para genómica, farmacología de descubrimiento, medicina forense, ciencias materiales avanzadas y apoyo a los estudios clínicos.
Con más de 48.000 empleados, en una red de más de 900 empresas independientes, en más de 50 países y operando en más de 800 laboratorios, Eurofins ofrece una cartera de más de 200.000 métodos analíticos para evaluar la seguridad, identidad, composición, autenticidad, origen y pureza de sustancias y productos biológicos, así como para diagnósticos clínicos innovadores

Job Description

As part of the local IT Finance team, the Senior IT Business Analyst, will act as the primary partner and “back up” for the local IT Finance Manager.
You will help for ensuring the operational continuity of the National Service Center (NSC) IT solutions and participate in different projects that improve and expand them.
Your role is to bridge the gap between high-level management and the technical team, ensuring that all financial and operational systems (AX2012, Coupa, Notilus, Summar) support the business objectives and comply with Group standards.
Management support & responsibilities:
Manager Back-up: Act as the primary point of contact and decision-maker in the absence of the IT Finance Manager, representing the department in national and regional committees.
Strategic Support: Assist the Manager in defining the local IT Finance roadmap, budgeting for the NSC IT department, and resource planning.
Team Supervision: Direct the day-to-day activities of the IT Finance analysts, ensuring the team meets the established SLAs and KPIs for the NSC.

Operational & Financial solutions oversight:

Operational Continuity: identify and execute opportunities to improve productivity within Finance, Treasury, and Purchasing departments through automation and enhancement of core tools (AX2012, Coupa, Notilus, A365)..

Process Optimization: Lead the identification of bottlenecks in financial processes and implement IT solutions to increase productivity and internal control.

M&A and Integration: Oversee the technical integration of new acquisitions into the NSC model, ensuring a smooth transition of financial and payroll data.

Internal Control Guardian: Ensure all system configurations and IT processes comply with Eurofins’ Key Group Documents (KGDs) and local audit requirements.

Payroll System Stability: Monitor the performance and integration of the Summar/Mentor payroll solution, focusing on its reliability and data flow into the financial ERP.

Qualifications

Education:
University degree in Engineering, Business Administration, or Finance-related disciplines.
Experience:
Experience in IT Finance environments 3-4 years, with a proven track record of taking on leadership responsibilities or acting as a second-in-command.
Advanced knowledge of Financial ERPs (Dynamics 365 and AX2012 preferred) and Procurement tools (Coupa).
Understanding of Shared Service Centre (SSC/NSC) dynamics and financial reporting cycles.
Languages:
Fluent English is mandatory for reporting and international collaboration.
Soft Skills:
Reliability & Ownership: High sense of responsibility to act as the Manager’s ""right hand"".
Communication: Ability to interact with senior stakeholders (NSC Finance Director, Business Leaders).
Problem Solving: Strategic thinking to resolve complex operational issues independently.

Additional Information

Permanent contract
Atractive salary package
Flexible schedule
Hybrid working model"
97,20407f5218d15bd5,Sales Analyst - Internship (X/M/W),Veepee,"Trabajo híbrido in Barcelona, Barcelona provincia",,Contrato en prácticas,,https://es.indeed.com/viewjob?jk=20407f5218d15bd5,"Pioneer of online flash sales since 2001 and key player in European e-commerce, Veepee collaborates with over 7,000 brands to offer highly discounted products available for a limited time. Operating across various sectors, including fashion, home, wine, travel or beauty... Veepee achieved a turnover of 3.3 billion euros incl. VAT in 2024 and employs 5,000 staff members across 10 countries.
\uD83D\uDCC4 JOB DESCRIPTION
From Veepee we are looking for an intern to support the sales team in our Barcelona office. Your mission will be to ensure the operational management of sales in conjunction with the KAM. Ensuring the optimal collection of brand elements (offer, price and final stock), the analysis of the offer and the support to the KAM activity.
\uD83C\uDFAF TASKS
Activity 1 : Analytical Management
Analyze the offer and make recommendations to the buyers in order to ensure the attractiveness of the offer.
Preparing the analysis of the offer to the salesperson in order to guarantee its attractiveness-Analysis of the following data:
The composition of the offer : presence of key categories, volume per reference, and cross checking with information collected from previous sales.
Catalogue information: references, sizes, colours, refco, category, shipping fees strategy
KPIs of negotiation : purchase price, retail price, sales price, product margin, discount, taxes-Comparison with previous sales : price, sell through, operation code, date, logistic flow
Analyze a competitive intelligence (manual or automated, depending on the sector)
Pricing and margin recommendations using the tools provided by making recommendations to the Buyer and the Content Manager to optimize the offer in terms of range, stock and price and to put it online.
End of sales reports, and analysis of improvement levers and actions to implement for the next operation.
Activity 2 : Commercial Management
Preparation of presentation materials for brand meetings with mi-tic reports, and participation when necessary.
Commercial back up in the process up to the closing of the operation.
Daily support in the commercial relationship with the brand (calls and emails).
Activity 3 : Operational Management
Ensure the good operational management of sales in direct relation with the commercial partner.
Coordinate the proper contractual management with partners and manage possible first level disputes.
Transmit the details of the commercial offer to the Data Coordinators to ensure data integration.
Ensuring the safety of the date of the sale by making sure the offer, the final prices and stocks are received on time, and working along with the content manager.
Activity 4 : Inventory tracking (if required)
Sales Returns Management-
Inventory optimization: internal inventory breakdown, management of reinjections
\uD83D\uDC49 MUST HAVE skills
Bachelor/ Master student or graduated in ADE, Economics, or similar.
You have the ability to balance multiple priorities and a “can-do” attitude.
Attention to detail.
Fluent in Spanish and English (in both speaking and writing).
Autonomous and time responsive to the reporting deadlines.
Good knowledge of Excel and Google sheets.
Adapting in a changing environment full of ambitious challenges, which helps you push your limits even further and develop your expertise.
Eligible for an internship (enrolled in the university or possibility to obtain a university agreement) Available for at least 6 months full time.
✅ BENEFITS
Flexible Office with minimum 3 days on site and up to 2 days at home
Online language learning Platform
Intensive workday on Friday

The Veepee Group processes your data collected as part of the management of your recruitment in order to manage your application file for the position for which you have applied. To find out more about our personal data protection policy, we invite you to consult it on our career site.
We may use artificial intelligence (AI) tools to support parts of the hiring process, such as reviewing applications, analyzing resumes, or assessing responses. These tools assist our recruitment team but do not replace human judgment. Final hiring decisions are ultimately made by humans. If you would like more information about how your data is processed, please contact us."
98,88f4f7c92407c021,Senior Analytics Engineer,Preply,"Trabajo híbrido in Barcelona, Barcelona provincia",,Jornada completa,,https://es.indeed.com/viewjob?jk=88f4f7c92407c021,"We power people’s progress.
At Preply, we’re all about creating life-changing learning experiences. We help people discover the magic of the perfect tutor, craft a personalised learning journey, and stay motivated to keep growing. Our approach is human-led, tech-enabled - and it’s creating real impact.
We’ve just reached unicorn status with a $150M Series D, accelerating our vision to transform education through human-led, AI-enhanced learning. Today, 100,000+ tutors teach 90+ languages to learners in 180 countries - and we’re only getting started. As a category-defining company, we’re shaping what the future of learning looks like at global scale.
Every Preply lesson sparks change, fuels ambition, and drives progress that matters. Joining Preply means helping define the future of education at global scale, and building something that truly matters for millions of people, every day.
Meet the team!
At Preply, we run hundreds of A/B tests at any given time, each with unique tracking and analytical challenges. Our platform spans a diverse product ecosystem, with sophisticated tutor-learner interactions that generate a vast amount of data. This creates an exciting, high-impact environment where data engineering plays a crucial role in shaping our business decisions.
We are passionate about building a modern data infrastructure that enables our teams to extract insights, optimize experiments, and power innovation. As an Analytics Engineer, you will help shape critical data models, streamline pipelines, and optimize our analytics stack to empower decision-making across the company.
Why You’ll Love This Role
Cutting-edge data stack: work with DBT, Snowflake, Airflow, Looker, Databricks, Monte Carlo, and help shape our future tech choices.
End-to-End impact: own and evolve the entire data pipeline, from ingestion to transformation and modeling, ensuring accuracy, scalability, and performance.
Cross-team collaboration: partner with data scientists, analysts, and engineers to create high-quality, actionable datasets for business insights.
Continuous learning & growth: be part of a data-driven culture where innovation, best practices, and ownership drive success.
What you will be doing
Lead the architecture, design, and evolution of complex data models ensuring clarity, accessibility, scalability, and reliability.
Develop and optimize sophisticated ETL/ELT pipelines, enhancing performance and scalability within our multi-terabyte data ecosystem.
Own and enhance our BI layer (Looker via LookML), ensuring intuitive, performant, and scalable self-service analytics.
Provide technical leadership in collaboration with data science teams to optimize analytical workflows, reduce redundancy, and enforce robust data governance.
Champion engineering best practices, including advanced version control, CI/CD pipelines for analytics, and rigorous automated data quality monitoring.
Drive initiatives ensuring data reliability, cleanliness, accuracy, and comprehensive documentation for critical business decision-making.
Strategically influence and drive company-wide data strategies supporting rapid product growth, sophisticated experimentation, and large-scale personalization initiatives.
What you need to succeed
5+ years of hands-on experience in analytics engineering, data engineering, or related fields.
Expert proficiency in SQL and Python, with a proven track record in designing, implementing, and optimizing data models.
Deep understanding of advanced data governance frameworks, modeling best practices, and implementation of scalable self-service analytics platforms.
Exceptional blend of technical skills, business acumen, and compelling communication skills to effectively persuade and influence stakeholders on complex topics.
Proven track record in identifying complex problems and delivering proactive, innovative solutions to uncover new use cases of our data to bring direct business impact.
Strategic mindset, high creativity, and an initiative-driven approach to developing and evaluating cutting-edge solutions.
Fluency in English (C1 level or above), with exceptional ability to clearly articulate complex data concepts to diverse stakeholders.
Nice to have
Experience leading and scaling data infrastructure within rapidly growing startups.
Advanced hands-on expertise with DBT, Looker, or Airflow.
Proven experience in defining and standardizing event taxonomies and KPIs within medium-to-large organizations.
Strong experience in AWS or Google Cloud data ecosystems.
Why you’ll love it at Preply
An open, collaborative, dynamic and diverse culture;
A generous monthly allowance for lessons on Preply.com, Learning & Development budget and time off for your self-development;
A competitive financial package with equity, leave allowance and health insurance;
Not in Barcelona? We offer an attractive relocation package to join us in our Preply Barcelona Hub
Access to free mental health support platforms;
Access to Gympass-partnered wellness and gym centers throughout Spain to promote and support well-being and physical health;
The opportunity to unlock the potential of learners and tutors through language learning and teaching in 175 countries (and counting!).
#LI-DY1
Our Principles
Care to change the world - We are passionate about our work and care deeply about its impact to be life changing.
We do it for learners - For both Preply and tutors, learners are why we do what we do. Every day we focus on empowering tutors to deliver an exceptional learning experience.
Keep perfecting - To create an outstanding customer experience, we focus on simplicity, smoothness, and enjoyment, continually perfecting it as every detail matters.
Now is the time - In a fast-paced world, it matters how quickly we act. Now is the time to make great things happen.
Disciplined execution - What makes us disciplined is the excellence in our execution. We set clear goals, focus on what matters, and utilize our resources efficiently.
Dive deep - We leverage business acumen and curiosity to investigate disparities between numbers and stories, unlocking meaningful insights to guide our decisions.
Growth mindset - We proactively seek growth opportunities and believe today's best performance becomes tomorrow's starting point. We humbly embrace feedback and learn from setbacks.
Raise the bar - We raise our performance standards continuously, alongside each new hire and promotion. We build diverse and high-performing teams that can make a real difference.
Challenge, disagree and commit - We value open and candid communication, even when we don’t fully agree. We speak our minds, challenge when necessary, and fully commit to decisions once made.
One Preply - We prioritize collaboration, inclusion, and the success of our team over personal ambitions. Together, we support and celebrate each other's progress.
Diversity, Equity, and Inclusion
Preply.com is committed to creating an inclusive environment where people of diverse backgrounds can thrive. We believe that the presence of different opinions and viewpoints is a key ingredient for our success as a multicultural Ed-Tech company. That means that Preply will consider all applications for employment without regard to race, color, religion, gender identity or expression, sexual orientation, national origin, disability, age or veteran status."
99,f549da94461ac9ff,Data Support Lead,Fluidra,"Trabajo híbrido in 08174 Sant Cugat del Vallès, Barcelona provincia",,,,https://es.indeed.com/viewjob?jk=f549da94461ac9ff,"Fluidra is looking for a Data Support Lead to join our Global Data & Analytics team in our Sant Cugat (Barcelona) location. If you are looking for a hands-on and strategic experience in a leading company, you are in the right place!
At Fluidra, we are accelerating our transformation into a data-driven organization. As Data Support Lead, you will play a critical role in stabilizing and professionalizing our global data ecosystem — ensuring operational reliability while enabling our engineers and analysts to focus on high-value innovation. If you thrive in structured environments, enjoy solving complex incidents, and want to shape how data operations are run at scale, this is your opportunity.
WHAT YOU WILL CONTRIBUTE
Reporting into the Global Data & Analytics Lead, the Data Support Lead is a hands-on operational leadership role responsible for the stability, responsiveness, and governance of production data environments across Snowflake, Power BI, and SAP (Datasphere & SAC). With a strong background in data operations and incident management, the role ensures production reliability, structured triage processes, and continuous improvement of support workflows. The position combines strong technical understanding, operational leadership, autonomy, and a continuous improvement mindset.
YOUR KEY RESPONSIBILITIES
Own and lead the end-to-end incident management process (detection, triage, resolution, post-mortem).
Act as the primary gatekeeper for operational requests, protecting engineering and analytics teams from reactive disruption.
Define and monitor SLAs, resolution times, and service quality KPIs.
Establish structured support tiers (L1–L3) and clear escalation pathways.
Coordinate with Platform, Engineering, Analytics, and Governance leads to resolve root causes and prevent recurrence.
Drive operational visibility through dashboards and reporting of support metrics.
Build and maintain runbooks, troubleshooting guides, and knowledge repositories.
Identify systemic weaknesses and propose structural improvements to reduce recurring incidents.
Serve as the operational interface between Data & Analytics and business stakeholders during production issues.
WHAT WE SEEK
Education
Master’s degree from an accredited institution, with degree preferred in Computer Science, Information Systems, Engineering, or related field.
Experience
Experience in Industrial / Manufacturing companies desirable.
5+ years of professional experience working in data operations, IT support, or data platform environments.
At least 3+ years background in incident management, data platform operations, or technical support leadership.
From 1–2 years of hands-on experience supporting enterprise data platforms (e.g., Snowflake, SAP Datasphere, Power BI, SQL Server).
Skills
Strong problem-solving and analytical skills. Pragmatic, focused on business value and operational stability.
Solid understanding of data pipelines, BI tools, and enterprise data platforms.
Experience with structured incident management processes (ITIL, SRE practices, or similar frameworks).
Good communication and interpersonal skills for both technical and non-technical audiences.
Determination and proactivity, ability to work with minimal supervision.
Strong team player mindset, with the ability to collaborate effectively within cross-functional and multidisciplinary teams.
Ability to move from reactive resolution to proactive prevention.
High level of curiosity and continuous improvement mindset.
Languages
English and Spanish at proficiency level
WHAT WE OFFER
Innovative, dynamic and friendly work environment
Opportunities for professional growth and development in the leading company in it’s industry
Competitive compensation and benefits package
Hybrid work with 3 days at the office in Sant Cugat (Barcelona).
ABOUT FLUIDRA
Fluidra, a multinational group listed on the Spanish Stock Exchange, is the global leader in the pool and wellness industry. Founded in 1969, Fluidra has long-standing experience in developing innovative products and services in the global residential and commercial pool market. The company operates in over 45 countries, has over 7,000 employees and owns a portfolio of some of the industry’s most recognized and trusted brands: Polaris, Jandy, CMP, S.R. Smith, and Zodiac. We also sell products under the Cover‐Pools, iAquaLink, Grand Effects, Del and Nature2 names. With these combined resources we’re able accelerate innovation in critical areas like energy-efficiency, robotics and the Internet of Things. Purpose is we turn water into a better world. We take our purpose to heart, and our employees embody these guiding principles in everything we do: passion for success, honesty & trust, customer collaboration, teamwork and inclusion, learn and adapt, excellence and innovation.
Don't meet every single requirement listed? At Fluidra, we thrive on building an inclusive workspace, so if you are excited about this role and your past experience doesn't align perfectly, we encourage you to apply anyways! You may be just the right candidate for this role or another role in the organization. Fluidra is proud to be an equal opportunity employer. Fluidra recruits, employs, trains, compensates and promotes regardless of race, religion, color, national origin, sex, disability, age, veteran status, or any legally protected characteristic"
100,0aefc1bdfe16e2d6,Accounts Receivable Analyst,Exoticca,"Barcelona, Barcelona provincia",,Jornada completa,,https://es.indeed.com/viewjob?jk=0aefc1bdfe16e2d6,"What Is Exoticca?
Exoticca is a pioneering online travel agency that has revolutionized the conception, production, and e-commerce of long-distance dream trips. At the core of Exoticca's brand equity is the commitment to ""creating life milestones."" We believe in delivering best-value trips, exploring unique destinations, curating extraordinary travel experiences, and demonstrating genuine care for both our customers and the planet.

We are a professional, dynamic, multicultural team in rapid international growth, seeking new partners to help us create the best and most forward-thinking travel company of our generation.
Who we are?
The Finance Team is the main responsible of managing the preparation of balance sheets, financial statements, cash-flow reports, day-to-day record keeping and reporting, including all payroll, accounts payable and receivable.
As an A/R Accounting Analyst, your main mission will be to ensure maximum accuracy in all client invoicing and accounts receivable transactions, guaranteeing strict compliance with governmental regulations in all our operating markets.
You will be an integral and key member of the Finance team, directly responsible for the reliability of the AR segment in the financial statements. This role centers on disciplined month-end execution, rigorous reconciliation, and strong strategic control of credit risk and revenue balances and their recognition, directly contributing to the quality of reported revenue, the strength of the balance sheet, and the predictability of cash generation
What will you do?
General Ledger & Closing Process:
Year-end close: Record all AR-related journal entries, reconciliations, and supporting schedules for year-end close.
IFRS Compliance: Ensure accurate, IFRS15-compliant General Ledger for accounts receivable (A/R)
Posting: Ensure proper posting of invoices and credit notes and monthly reconciliation of outstanding debt with clients.
A/R Management: Prepare monthly AR aging, assessing collectability, credit quality, and customer accuracy.
Data integrity: Conduct structured portfolio clean-up to maintain correct and consistent customer balances and master data.
Financial Information Analysis & Reporting:
Bad Debt & Impairment: Record the Bad Debt Provision and Impairment, ensuring all entries are clearly documented for external audit review.
Billing & Compliance: Manage the end-to-end billing cycle, including monitoring the timely issuance of invoices/credit notes, resolving billing discrepancies, and ensuring all practices comply with governmental rules and revenue recognition frameworks (including deferred revenues and schedules).
Performance Analysis: Conduct variance analysis for Accounts Receivable (AR) related accounts against budget and prior periods, and communicate key performance drivers to Finance leadership, working in direct contact with Sales and Service teams.
Revenue recognition: Perform reconciliations between the operational back-end systems and the accounting ERP (NetSuite) to ensure completeness and accuracy of revenue and COGS.
Sales and Service Teams: Act as a direct point of contact for the sales and services teams to address queries, resolve customer refunds, and provide finance guidance that supports sales operations and objectives.
ERP Management & Audit:
NetSuite Support: Serve as the functional owner for Accounts Receivable (AR) flows in NetSuite, leading the identification of process inefficiencies and spearheading the automation of critical controls and reconciliations.
Drive Data Integrity: Execute monthly reconciliations to guarantee complete and accurate data transmission from all operational systems into the accounting NetSuite ERP.
System Optimization: Collaborate with the team to elevate NetSuite to its peak operational performance, focusing on seamless automation, data reliability, and a significant update framework.

Requirements
Bachelor’s degree in accounting, Finance, Economics or related field (Master’s or CPA/ACCA a plus).
+3 years of experience in Accounts receivable accounting and billing functions. Big4 experience its a big plus.
Advanced Excel user and office package.
Fluent in English (minimum B2 is required) and Spanish.
Experience with ERP systems (we use NetSuite).

Benefits
Competitive compensation package in line with job responsibilities and experience.
Additionally, we propose the use of flexible compensation management for diet, transportation, private health insurance with Cobee.
On-site work model: offices in Barcelona City.
Permanent contract from the start.
Travel packages at reduced prices!
Referral bonus, if you bring people as talented as you.
Unlimited coffee, team lunches, English lesson, bi-anual company parties.
And last but not least, becoming part of a fun and motivated multicultural team at an agile and rapid growing organization!
Join Exoticca and play a pivotal role in creating life milestones through unforgettable travel experiences! This is your opportunity to shape the future of a dynamic and innovative travel brand on a global scale.

Exoticca is an equal opportunity employer. Diversity and inclusiveness are our core. We do not discriminate on the basis of race, color, religion, marital status, age, national origin, ancestry, physical or mental disability, medical condition, pregnancy, genetic information, gender, sexual orientation, gender identity or expression, veteran status, or any other status protected under European, country, or local law."
101,3969e106d20b59a2,Senior Data Analyst (all genders),Cocomore AG,"08001 Barcelona, Barcelona provincia",,Jornada completa,,https://es.indeed.com/viewjob?jk=3969e106d20b59a2,
102,6b61f302b0e3373d,Senior Business Analyst (Investment Change Delivery for Reporting),Zurich Insurance,"Barcelona, Barcelona provincia",,Jornada completa,,https://es.indeed.com/viewjob?jk=6b61f302b0e3373d,
103,8231516016242486,Senior Growth Analyst,Preply,"Trabajo híbrido in Barcelona, Barcelona provincia",,Jornada completa,,https://es.indeed.com/viewjob?jk=8231516016242486,
104,fedcba9876543210,,,,,,,https://es.indeed.com/viewjob?jk=fedcba9876543210,
105,42d8407df0fead01,Sr. Treasury Analyst - HQ,Glovo,"Trabajo híbrido in 08005 Barcelona, Barcelona provincia",,Jornada completa,,https://es.indeed.com/viewjob?jk=42d8407df0fead01,"Company Description

Glovo is part of the Delivery Hero Group, the world’s pioneering local delivery platform, our mission is to deliver an amazing experience—fast, easy, and to your door. We operate in around 70 countries worldwide. Headquartered in Berlin, Germany. Delivery Hero has been listed on the Frankfurt Stock Exchange since 2017 and is part of the MDAX stock market index.

Job Description

YOUR MISSION
We are looking for a Sr. Treasury Analyst to support the management of the company’s treasury operations and analyze our operations across the 23 markets where Glovo is currently present. You will take ownership of analyzing and interpreting financial data, preparing treasury reports and analytical documents, generating forecasts, and developing effective cash management strategies. You’ll be an early member of a fast-growing, global company and work closely with teams across various regions in Europe, Africa, and Central Asia.

THE JOURNEY
Maintain stewardship for financial assets and debt, including overall leadership of cash management and investment management functions.
Direct development and revision of financial policies for working capital, treasury operations, foreign exchange, and not limited to interest rate risk management, with close collaboration with Delivery Hero’s Group Risk Manager.
Supervise the maintenance of internal controls designed to safeguard the corporate assets and the integrity of its systems.
Monitor and manage daily cash operations to ensure sufficient liquidity for business operations and growth needs.
Understand how regulatory reform will impact the business and help ensure the company is best positioned to respond.
Support with the implementation of a Treasury Management System (e.g., KYRIBA).
Leverage automation and data analytics to improve efficiency in treasury workflows.
Coordinate banking relationship and potential RFP preparation.
Manage the regional cash flow forecast planning, analysis, and reconciliation.
Support / advise overseas business units about Treasury and banking issues.
Collaborate closely with the various Finance divisions, such as Tax, Accounting, Controlling, Operations, and Legal.

Qualifications

WHAT YOU WILL BRING TO THE RIDE
Minimum 2-3 years of relevant professional experience with fast-growing tech companies or similar areas.
An accounting qualification and/or a treasury qualification.
Confidence in handling MS Office applications & Google Workspace (especially Excel), and knowledge of the Treasury Management System (TMS) is desirable.
Strong Treasury operational skills, combined with excellent commercial and analytical thinking, as well as a pragmatic and implementation-oriented working style.
Project experience and strong end-to-end process thinking.
High degree of reliability, independence, and flexibility.
Affinity for technology and digitalization, as well as a passion for driving new ideas.
Excellent communication and presentation skills, including C-Level communication.
Fluent in English, Spanish is a plus.
Knowledge of multi-currency environments and FX hedging strategies is highly desirable.
Individuals representing diverse profiles, and abilities, encompassing various genders, ethnicities, and backgrounds, are less likely to apply for this role if they do not possess solid experience in 100% of these areas. Even if it seems you don't meet our musts don't let it stop you, we are all about finding the best talent out there! Skills can be learned, and embracing diversity is invaluable.
We believe driven talent deserves:
An enticing equity plan that lets you own a piece of the action.
Top-notch private health insurance to keep you at your peak.
Monthly Glovo credit to satisfy your cravings!
Discounts on transportation, food, and even kindergarten expenses.
Discounted gym memberships to keep you energized.
️ Extra time off, the freedom to work from home two days a week, and the opportunity to work from anywhere for up to three weeks a year!
Enhanced parental leave, and office-based nursery.
Online therapy and wellbeing benefits to ensure your mental well-being.
Here at Glovo, we thrive on diversity, we believe it enhances our teams, products, and culture. We know that the best ideas come from a mashup of brilliant diverse minds. This is why we are committed to providing equal opportunities to talent from all backgrounds - all genders, racial/diverse backgrounds, abilities, ages, sexual orientations and all other unique characteristics that make you YOU. We will encourage you to bring your authentic self to work, fostering an inclusive environment where everyone feels heard.
Feel free to note your pronouns in your application (e.g., she/her/hers, he/him/his, they/them/theirs, etc).
So, ready to take the wheel and make this the ride of your life?
Delve into our culture by taking a peek at our Instagram and check out our Linkedin and website!

Additional Information

Here at Glovo, we thrive on diversity, we believe it enhances our teams, products, and culture. We know that the best ideas come from a mashup of brilliant diverse minds. This is why we are committed to providing equal opportunities to talent from all backgrounds – all genders, racial/diverse backgrounds, abilities, ages, sexual orientations and all other unique characteristics that make you YOU. We will encourage you to bring your authentic self to work, fostering an inclusive environment where everyone feels heard.

Feel free to note your pronouns in your application (e.g., she/her/hers, he/him/his, they/them/theirs, etc).

So, ready to take the wheel and make this the ride of your life?

Delve into our culture by taking a peek at our Instagram and check out our Linkedin and website!"
106,fa4cb83b6861fe32,Senior Data Analyst - CEO Office,Preply,"Trabajo híbrido in Barcelona, Barcelona provincia",,Jornada completa,,https://es.indeed.com/viewjob?jk=fa4cb83b6861fe32,"We power people’s progress.
At Preply, we’re all about creating life-changing learning experiences. We help people discover the magic of the perfect tutor, craft a personalised learning journey, and stay motivated to keep growing. Our approach is human-led, tech-enabled - and it’s creating real impact.
We’ve just reached unicorn status with a $150M Series D, accelerating our vision to transform education through human-led, AI-enhanced learning. Today, 100,000+ tutors teach 90+ languages to learners in 180 countries - and we’re only getting started. As a category-defining company, we’re shaping what the future of learning looks like at global scale.
Every Preply lesson sparks change, fuels ambition, and drives progress that matters. Joining Preply means helping define the future of education at global scale, and building something that truly matters for millions of people, every day.
Meet the team:
The Business Strategy Analytics team's mission is to transform data into strategic insights that empower our leaders to make informed decisions, effectively track progress, and unlock growth opportunities. Through deep metric understanding, holistic business views, and detailed analytics, we enable concrete actions that drive business success.
What you’ll be doing
Support the CEO Office on major transformation initiatives with analytical insights that shape our value proposition, business model, customer experience, monetization, and operational excellence programs.
Evaluate and prioritize new market segments, product opportunities, and strategic bets through rigorous market, product, and customer analysis.
Identify improvement areas and uncover new growth opportunities through focused, data-driven deep dives into customer behavior, operations, and competitive dynamics.
Lead cross-functional performance analyses to surface trends, explain key business drivers, and deliver clear, actionable insights to executives.
Develop a wide range of analytical models including forecasting models to project business performance, scenario models to evaluate strategic options, and financial models to size opportunities and quantify impact

What you need to succeed
5+ years of experience in business analytics, product analytics, consulting, or a related analytical role.
Excellent communication and storytelling skills, capable of influencing Leadership-level stakeholders.
Proficiency in SQL and data visualization tools (Looker, Tableau, Power BI).
A proactive, curious mindset with a drive to investigate discrepancies and identify opportunities.
Strong analytical and critical-thinking skills, with the ability to synthesize complex data into clear narratives.
Exceptional attention to detail and a rigorous, structured approach to analysis.
Proven Excel/Google Sheets modeling skills (e.g., driver-based modeling, sensitivity analysis, financial impact estimation).
Experience leading cross-functional analytics projects and engaging diverse stakeholders.

Nice to have
Experience in corporate strategy or strategic consulting, with a track record of supporting senior leadership on high-impact, cross-functional initiatives
Experience in fast-growing, data-driven startups, marketplaces, or subscription businesses
Hands-on experience with Looker and Snowflake

Why you’ll love it at Preply
An open, collaborative, dynamic and diverse culture;
A generous monthly allowance for lessons on Preply.com, Learning & Development budget and time off for your self-development;
A competitive financial package with equity, leave allowance and health insurance;
Not in Barcelona? We offer an attractive relocation package to join us in our Preply Barcelona Hub
Access to free mental health support platforms;
Access to Gympass-partnered wellness and gym centers throughout Spain to promote and support well-being and physical health;
The opportunity to unlock the potential of learners and tutors through language learning and teaching in 175 countries (and counting!).
#LI-AG1
Our Principles
Care to change the world - We are passionate about our work and care deeply about its impact to be life changing.
We do it for learners - For both Preply and tutors, learners are why we do what we do. Every day we focus on empowering tutors to deliver an exceptional learning experience.
Keep perfecting - To create an outstanding customer experience, we focus on simplicity, smoothness, and enjoyment, continually perfecting it as every detail matters.
Now is the time - In a fast-paced world, it matters how quickly we act. Now is the time to make great things happen.
Disciplined execution - What makes us disciplined is the excellence in our execution. We set clear goals, focus on what matters, and utilize our resources efficiently.
Dive deep - We leverage business acumen and curiosity to investigate disparities between numbers and stories, unlocking meaningful insights to guide our decisions.
Growth mindset - We proactively seek growth opportunities and believe today's best performance becomes tomorrow's starting point. We humbly embrace feedback and learn from setbacks.
Raise the bar - We raise our performance standards continuously, alongside each new hire and promotion. We build diverse and high-performing teams that can make a real difference.
Challenge, disagree and commit - We value open and candid communication, even when we don’t fully agree. We speak our minds, challenge when necessary, and fully commit to decisions once made.
One Preply - We prioritize collaboration, inclusion, and the success of our team over personal ambitions. Together, we support and celebrate each other's progress.
Diversity, Equity, and Inclusion
Preply.com is committed to creating an inclusive environment where people of diverse backgrounds can thrive. We believe that the presence of different opinions and viewpoints is a key ingredient for our success as a multicultural Ed-Tech company. That means that Preply will consider all applications for employment without regard to race, color, religion, gender identity or expression, sexual orientation, national origin, disability, age or veteran status."
107,b7e80f05f99eb9a4,Stock Analyst & Allocation Specialist - AWWG Barcelona,All We Wear Group,"Sant Feliu de Llobregat, Barcelona provincia",,,,https://es.indeed.com/viewjob?jk=b7e80f05f99eb9a4,"Who we are...
At AWWG, transformation is embedded in our DNA. Founded in 1998 under the name of Pepe Jeans Group. With headquarters in Madrid, Spain, and design offices in London and Nice, this global fashion group integrates the iconic brands Pepe Jeans London, Hackett, and Façonnable. AWWG also has the master franchisee and agency for Tommy Hilfiger (Spain and Portugal) as well as the agency for Calvin Klein, DKNY, Donna Karan, and Karl Lagerfeld (Spain and Portugal).
AWWG currently has over 3,500 points of sale, a presence in 86 countries globally, and a workforce of more than 4,500 employees of 79 nationalities. As a global retail platform, the Group is committed to constant evolution and to creating brand equity by transformation, in line with the changes, challenges, and inherent needs of the industry. The three iconic brands are unified as part of AWWG while each maintains its own strong DNA and values, built up over thirty years in the retail sector with strong design teams, product development, and brand enhancement. AWWG continuously evolves, pushing the limits and defying the status quo to create value through innovative, aspirational, and sustainable products that prioritize excellence, craftsmanship, differentiation, and quality.
The Project!
As a Stock Analyst & Allocation Specialist, your mission will be to improve overall stock performance through analysis, data-based decisions, and effective coordination across channels.
What will the role entail?
Analyze stock performance across channels, including sell-through, coverage, and rotation.
Prepare and present clear, data-backed insights to channel teams to support stock decisions.
Actively propose reallocation actions based on analysis and company-wide priorities.
Manage and execute stock movements between channels, balancing commercial needs with overall stock efficiency.
Monitor risks such as overstock, slow movers, and potential stock shortages, and propose corrective actions.
Prepare regular stock reports and dashboards for internal follow-up and management discussions.
Ensure accuracy, consistency, and reliability of stock data across systems (SAP, BI tools, Excel).
Maintain proactive, detailed, and timely communication with channels and internal stakeholders.
What do we offer?
Great international working environment.
Remote Work on Fridays.
Flexible working hours.
Flexible benefits.
Discount on the brands of the Group.
Free company transport to the offices.

Requirements:
At least 3 years of experience in a similar role.
Fluent in Spanish and high level of English. Any other languages will be highly valued.
High level of Excel. Knowledge of SAP/ERP and PowerBI is a must. SAP BO/ BEx Analyzer will be valuable
Strong communication skills, analytical thinking and attentive to detail."
108,6b25c35ba248af53,Payroll Analyst (They/She/He),Glovo,"Trabajo híbrido in 08005 Barcelona, Barcelona provincia",,Jornada completa,,https://es.indeed.com/viewjob?jk=6b25c35ba248af53,"Company Description

Glovo is part of the Delivery Hero Group, the world’s pioneering local delivery platform, our mission is to deliver an amazing experience—fast, easy, and to your door. We operate in around 70 countries worldwide. Headquartered in Berlin, Germany. Delivery Hero has been listed on the Frankfurt Stock Exchange since 2017 and is part of the MDAX stock market index.

Job Description

If you’re here, it’s because you’re looking for an exciting ride.
A ride that will fuel up your ambitions to take on a new challenge and stretch yourself beyond your comfort zone.
We’ll deliver a non-vanilla culture built on talent, where we work to amplify the impact on millions of people, paving the way forward together.
Not your usual app. We are the fastest-growing multi-category app connecting millions of users with businesses, and couriers, offering on-demand services from more than 170,000 local restaurants, grocers and supermarkets, and high street retail stores. We operate in more than 1500 cities across 23 countries.
Together we revolutionise the way people connect with their everyday needs, from delivering essentials to connecting our ecosystem of users through innovative solutions powered by technology. For us, every day is filled with purpose.
What makes our ride unique?
Our culture and strong values.
Our career development philosophy.
Our commitment to being a force for good.
We have a vision: Building the largest marketplace in your city, to give access to anything in minutes. And this is where your ride starts.
YOUR MISSION
Our Payroll Analyst will support the people operation team in the monthly procedures to best fit our different demands making sure that we are meeting with local laws and regulations in international countries where we currently have activities.
THE JOURNEY
Payroll Administration: collect all payroll related information from managers, prepare, generate, check and submit payroll figures on a monthly basis.
Maintenance of the internal files and shared files with the providers to ensure data accuracy and efficiency (using Google and Excel sheets).
Conduct payroll checks on the providers’ results and ensure data accuracy and data completion.
Taxes: help our employees with any tax-related questions with the support of our providers.
Payroll Coordination – Be the go-between HR, Finance, Legal and the Outsourced Payroll Provider to ensure there is clear communication between departments for efficient payroll service
Support the rest of the People team or any other department that needs it for any topics related to our employees’ payroll and benefits.
Support employees on a day-to-day basis and answer questions about benefits, payroll, company policies, etc...
Treat employees as internal customers and facilitate day-to-day work life
Conduct and coordinate internal audits to ensure that employee files have all necessary documents for local compliance purposes and maintain employee files with all updated employee data
Administer changes to salary, benefits, promotions, bonus, etc. and provide support to implement new Benefits packages or improve the current ones.
Help keep our colleagues happy!

Qualifications

WHAT YOU WILL BRING TO THE RIDE
Minimum of 1 years of experience handling end-to-end payroll processes
Knowledge of Payroll structure, Social Security, and Tax regulation and administration
Excellent data management skills - strong Excel and database management skills
Strong communication skills (both verbal and written) in English. Spanish and/or Italian are a plus.
Proactive, hands-on and eager to get your hands dirty!
Detailed oriented – you are a freak when it comes to details
Always looking for ways to improve processes and optimizing coordination between colleagues.
Individuals representing diverse profiles, and abilities, encompassing various genders, ethnicities, and backgrounds, are less likely to apply for this role if they do not possess solid experience in 100% of these areas. Even if it seems you don't meet our musts don't let it stop you, we are all about finding the best talent out there! Skills can be learned, and embracing diversity is invaluable.
We believe driven talent deserves:
An enticing equity plan that lets you own a piece of the action.
Top-notch private health insurance to keep you at your peak.
Monthly Glovo credit to satisfy your cravings!
Discounts on transportation, food, and even kindergarten expenses.
Discounted gym memberships to keep you energized.
️ Extra time off, the freedom to work from home two days a week, and the opportunity to work from anywhere for up to three weeks a year!
Enhanced parental leave, and office-based nursery.
Online therapy and wellbeing benefits to ensure your mental well-being.
Here at Glovo, we thrive on diversity, we believe it enhances our teams, products, and culture. We know that the best ideas come from a mashup of brilliant diverse minds. This is why we are committed to providing equal opportunities to talent from all backgrounds - all genders, racial/diverse backgrounds, abilities, ages, sexual orientations and all other unique characteristics that make you YOU. We will encourage you to bring your authentic self to work, fostering an inclusive environment where everyone feels heard.
Feel free to note your pronouns in your application (e.g., she/her/hers, he/him/his, they/them/theirs, etc).
So, ready to take the wheel and make this the ride of your life?
Delve into our culture by taking a peek at our Instagram and check out our Linkedin and website!

Additional Information

Here at Glovo, we thrive on diversity, we believe it enhances our teams, products, and culture. We know that the best ideas come from a mashup of brilliant diverse minds. This is why we are committed to providing equal opportunities to talent from all backgrounds – all genders, racial/diverse backgrounds, abilities, ages, sexual orientations and all other unique characteristics that make you YOU. We will encourage you to bring your authentic self to work, fostering an inclusive environment where everyone feels heard.

Feel free to note your pronouns in your application (e.g., she/her/hers, he/him/his, they/them/theirs, etc).

So, ready to take the wheel and make this the ride of your life?

Delve into our culture by taking a peek at our Instagram and check out our Linkedin and website!"
109,dff1bc0d1e97b632,Senior Global eCommerce Business Analyst,Henkel,"Trabajo híbrido in Barcelona, Barcelona provincia",,Jornada completa,,https://es.indeed.com/viewjob?jk=dff1bc0d1e97b632,"About this Position
Henkel operates worldwide with leading innovations, brands & technologies in three business areas: Adhesive Technologies, Beauty Care and Laundry & Home Care. Founded in 1876, Henkel looks back on more than 140 years of success. Henkel employs more than 50,000 people globally – a passionate and highly diverse team, united by a strong company culture, a common purpose to create sustainable value, and shared values.

Within the Adhesive Consumer and Craftsmen Unit, a global team with full focus on eCommerce has been created. In a dynamic team environment, you have the chance to shape the future of our business. Leave a landmark on our digital agenda and unveil the power of digital for our brands and consumers!

What you´ll do
Be an essential part of the Global eCommerce Team that defines, develops, and executes the eCommerce strategy for Henkel Consumer Adhesives
Exploit the full potential of the Adhesive Consumer and Craftsmen Unit by building a data-driven management of online internal & external data and enable data-driven decision making
Capture & translate consumer behavior data and requirements into recommendations for assortment, product innovation, price, placement and promotion
Active contributor in international management team, closely collaborating with global and local ecommerce & digital teams and brands by selecting and managing agencies, service providers and tools
Assessing value of digital analytics and business intelligence, recommendation on tools and leading set-up of solutions
Act as a change agent to drive the digital transformation of Henkel Consumer Adhesives
What makes you a good fit
Start Date: May 2026
University degree in business administration, controlling, statistics or information science
5+ years of professional experience, with a min. of 3 years digital performance analytics experience and strong understanding of data-driven management of user journeys
Highly analytical, highly passionate about numbers and data with acute attention to detail
Goal oriented working-style, reliable in project management with track record of success
Strong entrepreneurial drive, pro-active personality who is curious and willing to learn about new technologies and businesses
Persuasive communication style to effectively interact with key stakeholders across functions, countries and external partners
Excellent English language skills
Knowledge of Power BI, tableau or other visualization tools and understanding of databases.
Hands-on experience with common tools and/or platforms is a plus, such as Amazon Advertising, Google Analytics Platform
Some perks of joining Henkel
Flexible work scheme with flexible hours, hybrid work model, and work from anywhere policy for up to 30 days per year
Diverse national and international growth opportunities
Global wellbeing standards with health and preventive care programs
Gender-neutral parental leave for a minimum of 8 weeks
Employee Share Plan with voluntary investment and Henkel matching shares
Meal Allowance for each worked day
Health insurance paid the employee with a tax exemption
Well-being programme
Discounts on company products
At Henkel, we come from a broad range of backgrounds, perspectives, and life experiences. We believe the uniqueness of all our employees is the power in us. Become part of the team and bring your uniqueness to us! We welcome all applications across different genders, origins, cultures, religions, sexual orientations, disabilities, and generations."
110,b511b259234e8466,"Senior Director, Data Science and Analytics",Preply,"Trabajo híbrido in Barcelona, Barcelona provincia",,Jornada completa,,https://es.indeed.com/viewjob?jk=b511b259234e8466,"We power people’s progress.
At Preply, we’re all about creating life-changing learning experiences. We help people discover the magic of the perfect tutor, craft a personalised learning journey, and stay motivated to keep growing. Our approach is human-led, tech-enabled - and it’s creating real impact.
We’ve just reached unicorn status with a $150M Series D, accelerating our vision to transform education through human-led, AI-enhanced learning. Today, 100,000+ tutors teach 90+ languages to learners in 180 countries - and we’re only getting started. As a category-defining company, we’re shaping what the future of learning looks like at global scale.
Every Preply lesson sparks change, fuels ambition, and drives progress that matters. Joining Preply means helping define the future of education at global scale, and building something that truly matters for millions of people, every day.
Meet the team!
You will lead and scale Preply’s product, business, and marketing analytics and data science organization. Your mission is to turn rigorous experimentation and causal analysis into repeatable decision levers that improve retention, conversion, monetization, and LTV. This is a senior strategic role: you will set the vision, embed statistical expertise into product squads, run centralized metric governance and experiment tooling, own marketing measurement and optimization, and lead business analytics. You must be strongly technical, able to evaluate and approve technical designs, introduce higher standards, and raise the team’s technical and methodological bar. You will partner closely with Analytics Engineering and Experimentation Platform to ensure correct instrumentation, trusted datasets, and a single source of truth. This role does not lead ML or Applied AI, which are separate functions.

Ideal candidate has experience and led product, marketing and business analytics. Must at least product and one of the other two.
What you’ll be doing
Set strategy and roadmap for product analytics, business analytics, and marketing measurement.
Build and lead a multidisciplinary team of product, marketing, and business analysts plus experiment and statistics leaders.
Own the end-to-end experimentation practice: hypothesis, design, instrumentation, monitoring, analysis, and rollout.
Lead marketing measurement and optimization: attribution, incrementality and holdout tests, media mix, cohort LTV, CAC and ROAS frameworks, and campaign experiments.
Own business analytics and reporting: forecasting, finance partnership, board-level metrics, and planning and performance reviews.
Deliver and govern a single metrics layer, production BI marts/APIs, experiment tracking, and reproducible analysis pipelines.
Define and enforce statistical standards and best practices across squads.
Translate statistical findings into clear product and commercial priorities and ensure analyses drive measurable KPI improvements.
Partner with Analytics Engineering and Data Platform to secure correct instrumentation, data lineage, and availability of SSOT datasets; insist on engineering and delivery improvements where needed.
Act as the organization’s technical judge for analytics and experimentation: review complex analyses, approve methodological approaches, and mandate improvements.
Hire, mentor, and develop senior managers and leaders; run calibration, promotion, and succession planning.
Represent analytics and experimentation at executive forums and drive cross-functional alignment.
What you need to succeed
12+ years in analytics or data science and 7+ years leading and scaling analytics or experimentation organizations, including managing managers and owning hiring, promotions, and org design.
Documented track record of delivering measurable business outcomes through analytics and experimentation (retention, conversion, LTV, CAC, ROAS).
World-class experimentation and causal judgment: experiment design, power analysis, stopping rules, multiple-testing correction, heterogeneity and uplift/holdout design, and interpretation of complex results.
Deep marketing measurement experience: attribution, incrementality, holdouts, media mix modeling, cohort LTV, CAC/ROAS, and channel experimentation tied to budget decisions.
Experience leading business analytics and reporting teams that partner tightly with Finance on forecasting and board-level metrics.
Proven partnership with Analytics Engineering or Data Platform to secure instrumentation, trusted datasets, lineage, and data quality; able to push for engineering improvements without owning the function.
Technical leadership, ability to review and raise the bar for technical designs and build platforms at the design/review level.
Demonstrated ability to raise the bar: instituting review processes, enforcing methodological and engineering standards, and improving team craft.
Strong stakeholder partnership and executive presence: able to embed analytics into product and commercial teams and influence senior product, engineering, finance and commercial leaders.
Operational rigor: experience setting metric governance, experiment tracking, automated analysis, and reproducible workflows across many squads.
Advanced quantitative training preferred: MSc/PhD in a quantitative field preferred, or equivalent senior technical leadership.
Why you’ll love it at Preply:
An open, collaborative, dynamic and diverse culture;
A generous monthly allowance for lessons on Preply.com, Learning & Development budget and time off for your self-development;
A competitive financial package with equity, leave allowance and health insurance;
Not in Barcelona? We offer an attractive relocation package to join us in our Preply Barcelona Hub
Access to free mental health support platforms;
Access to Gympass-partnered wellness and gym centers throughout Spain to promote and support well-being and physical health;
The opportunity to unlock the potential of learners and tutors through language learning and teaching in 175 countries (and counting!).

#LI-AD2
Our Principles
Care to change the world - We are passionate about our work and care deeply about its impact to be life changing.
We do it for learners - For both Preply and tutors, learners are why we do what we do. Every day we focus on empowering tutors to deliver an exceptional learning experience.
Keep perfecting - To create an outstanding customer experience, we focus on simplicity, smoothness, and enjoyment, continually perfecting it as every detail matters.
Now is the time - In a fast-paced world, it matters how quickly we act. Now is the time to make great things happen.
Disciplined execution - What makes us disciplined is the excellence in our execution. We set clear goals, focus on what matters, and utilize our resources efficiently.
Dive deep - We leverage business acumen and curiosity to investigate disparities between numbers and stories, unlocking meaningful insights to guide our decisions.
Growth mindset - We proactively seek growth opportunities and believe today's best performance becomes tomorrow's starting point. We humbly embrace feedback and learn from setbacks.
Raise the bar - We raise our performance standards continuously, alongside each new hire and promotion. We build diverse and high-performing teams that can make a real difference.
Challenge, disagree and commit - We value open and candid communication, even when we don’t fully agree. We speak our minds, challenge when necessary, and fully commit to decisions once made.
One Preply - We prioritize collaboration, inclusion, and the success of our team over personal ambitions. Together, we support and celebrate each other's progress.
Diversity, Equity, and Inclusion
Preply.com is committed to creating an inclusive environment where people of diverse backgrounds can thrive. We believe that the presence of different opinions and viewpoints is a key ingredient for our success as a multicultural Ed-Tech company. That means that Preply will consider all applications for employment without regard to race, color, religion, gender identity or expression, sexual orientation, national origin, disability, age or veteran status."
111,d307e197de7b2e9e,Sr Category Management Analyst Global HQ (They/She/He),Glovo,"Trabajo híbrido in 08005 Barcelona, Barcelona provincia",,Jornada completa,,https://es.indeed.com/viewjob?jk=d307e197de7b2e9e,"Company Description

Glovo is part of the Delivery Hero Group, the world’s pioneering local delivery platform, our mission is to deliver an amazing experience—fast, easy, and to your door. We operate in around 70 countries worldwide. Headquartered in Berlin, Germany. Delivery Hero has been listed on the Frankfurt Stock Exchange since 2017 and is part of the MDAX stock market index.

Job Description

YOUR MISSION
As the Sr Category Analyst Global HQ, you will be responsible for shaping and executing Glovo’s global Category Management strategy, ensuring consistency, scalability, and performance across all markets. You’ll act as the strategic partner and main point of contact for 23 Local Category Management teams, driving catalog excellence, assortment optimization, and overall growth of our Q-Commerce partners.
Your ultimate goal: elevate our partners’ catalog experience globally to maximize conversion, average order value, and customer satisfaction - while ensuring alignment between local execution and global priorities.

THE JOURNEY
Define the Global Category Strategy: Establish and own global guidelines, frameworks, and KPIs that guide Local Category Management teams toward catalog excellence and commercial impact. Having a proactive approach on building clear strategies for each business unit and ensuring its implementation in local markets.
Drive Global Alignment: Serve as the strategic bridge between HQ and local markets, ensuring consistent execution of assortment and catalog initiatives across regions.
Lead Cross-Functional Projects: Design, lead, and oversee global initiatives - such as the Offline Parity Score project to replicate In-store experience in the app and catalog integration improvements - that enhance performance and operational efficiency at scale.
Promote Data-Driven Decision-Making: Use analytical insights and market benchmarks to identify assortment and pricing opportunities, improve catalog performance, and guide local priorities.
Optimize Processes and Tools: Identify and eliminate inefficiencies in catalog and stock integration processes, defining scalable global systems and workflows that improve accuracy and speed.
Enable and Empower Local Teams: Build playbooks, training programs, and communication channels that elevate local teams’ capabilities and foster a unified way of working.
Foster Cross-Functional Collaboration: Partner closely with Product, Tech, Operations, and Commercial teams to align on priorities, anticipate challenges, and deliver impactful solutions for partners and customers.
Monitor and Report Global KPIs: Own the tracking of core catalog-related metrics (Conversion Rate, ATC, search results, assortment gaps, etc.) and ensure visibility of performance across markets.

Qualifications

WHAT YOU WILL BRING TO THE RIDE
5+ years of experience in Category Management, Retail, FMCG or consultancy with at least 3 years in an international or multi-market leadership role.
Advanced skills in Google Sheets and presentation building, with working knowledge of Looker or similar BI tools; SQL proficiency is a strong plus.
Proven ability to define and execute global strategies, translating complex data and insights into clear, scalable actions.
Strong project management and stakeholder leadership skills, with a track record of driving cross-functional alignment in fast-paced environments.
Strong business acumen and a deep understanding of catalog management, assortment optimization, and partner performance levers.
Exceptional communication and influencing skills - able to build trust and alignment with local teams and senior leadership alike.
A proactive, solution-oriented mindset with strong prioritization and organizational skills.
Fluency in English; additional languages are a plus.
Individuals representing diverse profiles, and abilities, encompassing various genders, ethnicities, and backgrounds, are less likely to apply for this role if they do not possess solid experience in 100% of these areas. Even if it seems you don't meet our musts don't let it stop you, we are all about finding the best talent out there! Skills can be learned, and embracing diversity is invaluable.
We believe driven talent deserves:
An enticing equity plan that lets you own a piece of the action.
Top-notch private health insurance to keep you at your peak.
Monthly Glovo credit to satisfy your cravings!
Discounts on transportation, food, and even kindergarten expenses.
Discounted gym memberships to keep you energized.
️ Extra time off, the freedom to work from home two days a week, and the opportunity to work from anywhere for up to three weeks a year!
Enhanced parental leave, and office-based nursery.
Online therapy and wellbeing benefits to ensure your mental well-being.
Here at Glovo, we thrive on diversity, we believe it enhances our teams, products, and culture. We know that the best ideas come from a mashup of brilliant diverse minds. This is why we are committed to providing equal opportunities to talent from all backgrounds - all genders, racial/diverse backgrounds, abilities, ages, sexual orientations and all other unique characteristics that make you YOU. We will encourage you to bring your authentic self to work, fostering an inclusive environment where everyone feels heard.
Feel free to note your pronouns in your application (e.g., she/her/hers, he/him/his, they/them/theirs, etc).
So, ready to take the wheel and make this the ride of your life?
Delve into our culture by taking a peek at our Instagram and check out our Linkedin and website!

Additional Information

Here at Glovo, we thrive on diversity, we believe it enhances our teams, products, and culture. We know that the best ideas come from a mashup of brilliant diverse minds. This is why we are committed to providing equal opportunities to talent from all backgrounds – all genders, racial/diverse backgrounds, abilities, ages, sexual orientations and all other unique characteristics that make you YOU. We will encourage you to bring your authentic self to work, fostering an inclusive environment where everyone feels heard.

Feel free to note your pronouns in your application (e.g., she/her/hers, he/him/his, they/them/theirs, etc).

So, ready to take the wheel and make this the ride of your life?

Delve into our culture by taking a peek at our Instagram and check out our Linkedin and website!"
112,f137db5ccf3afca0,Senior QA Analyst,adm Indicia,"Barcelona, Barcelona provincia",,Jornada completa,,https://es.indeed.com/viewjob?jk=f137db5ccf3afca0,"Description

adm Indicia is a next-generation brand activation agency. We create and activate meaningful brand experiences that drive ROI. Our purpose is to simplify our clients’ below-the-line marketing, build sustainable ROI and engage their customers across the path to purchase. Everything we do is optimised through leading strategic capability and actioned through executional excellence. Our substantial investment in technology and data science and resource, provides our differentiation in the marketplace. Data insight and marketing technology gives us the ability to measure our work, evidencing ROI as the most critical metric in today’s environment.

We’re currently looking for a Senior QA Analyst, you will be responsible for the production, management, and distribution of backend data setup to support project and QA activities, working closely with Operations management. This includes QA of all backend changes within adm, including test case creation, QA test execution and UAT co-ordination. Additionally, they will support new client setup for non-production environments working with business team, Operations, and IT to provide quality testing setup plus support automation of catalogue creation new client engagements and existing client technology solutions.

With proactive and collaborative management skills, a likable personality and good interpersonal consultative skills, this role will require strong collaboration across the adm organization as well a range of different client functions/levels.

Key Responsibilities

Produce, maintain and distribute backend data to support project and QA demands.
Manage release activities with IT across non-production backend environments.
Co-ordinate testing of backend change (Stocktool)
Co-ordinate end-user testing activities for backend changes across all regions
Support IT development, client demos, and training as requested.
Proactively support further Stocktool QA automation with third parties (Valethi)
Provide training as SME to other QA resources with knowledge onboarding sessions.
Regular collaboration with Operations team for new client setup and with IT for data refreshes and UAT activity
Deputise for Head of QA as needed.
Undertake a QA Senior Analyst role with team support and professional training.
Support, set, and measure QA KPIS for backend development with a continuous improvement ethos.
Help build metrics and reporting around QA and share those metrics with Senior Leadership
Take ownership of day-to-day backend QA test planning and execution.
Lead communications to stakeholders through regular meetings and daily reporting/ dashboard.
Proactively leads daily defect call to determine progress, issues and assign actions.
Own, build, and update the daily test execution plan for the project team.
Co-ordinates all test resources as needed to maximise planning, reviews and execution time.
Resolve issues and blockers for backend data provisioning. Escalates as needed to head of QA and Senior Operations Manager as needed.
Control test scope and agree any user story additions.
Review quality of test planning from testers
Produce effective metrics to give a clear view of progress & issues.
Own backend regression updates and effective use
Provide documentation and videos to assist clients and internal teams with learning and testing adm solutions.

Skills, Knowledge and Expertise

3+ years’ experience in Quality Assurance or backend data QA
Experience working within an Operations team.
In-depth understanding of Microsoft Office products including Excel.
Strong backend data management: setup, verification, and maintenance of client and campaign data
Proficiency in Stock Tool or similar proprietary backend systems
Ideally working knowledge of Azure Dev Ops or similar tool
Experience managing release activities across non-production environments
Ability to coordinate and execute QA testing, including end-user testing and regression testing
Familiarity with automation and manual testing processes
Strong problem-solving skills and attention to detail for identifying and resolving complex data issues
Ability to collaborate with global teams (Operations, IT, QA) across multiple regions
Experience tracking and reporting QA metrics and KPIs for continuous improvement
Excellent communication skills in English, including stakeholder reporting and team coordination
Understanding of client-facing web solutions and backend systems (nice-to-have advertising or marketing industry experience)
Proactive, analytical, and able to work independently in a fast-paced environment
Can do attitude. Thrives in an environment of opportunity, confidence, and hunger for growth.

Equal Opportunities

adm Indicia s proud to be an equal opportunity employer and is committed to creating a diverse
environment. We recruit, employ, develop, compensate, and promote regardless of race, religion, colour, national origin, sex, disability, age, veteran status, and other protected status as required by applicable law. Should you need any reasonable adjustments made to this application process, please don't hesitate to let us know.

About adm-Indicia
As a next-generation brand activation agency, adm Indicia's purpose is to simplify our clients’ below-the-line marketing, build sustainable ROI and engage their customers across the path to purchase. Everything we do is optimised through leading strategic capability and actioned through executional excellence.

We transform marketing compromise into a powerful co-promise, creating and activating meaningful brand experiences that drive ROI. Brands have had to juggle multiple agencies, struggle to see value in ever-increasing customer data, and deliver disconnected digital and physical experiences – just some of the compromise frustrating marketing for too long. With joined-up strategy, execution and seamless activation, our combined expertise means we can help brands deliver impact through every stage of the customer journey.

Founded in 1992, we have a global footprint with 46 offices in 33 countries, allowing us to deliver local activation of global strategies for brands across the world. Recognized with a platinum rating by EcoVadis for sustainability, we are experts at identifying the most impactful and sustainable solutions for over 800 brands around the globe."
113,a66972ef5848884e,SALES ADMINISTRATION-VILADECAVALLS,Ficosa,"Trabajo híbrido in Viladecavalls, Barcelona provincia",,,,https://es.indeed.com/viewjob?jk=a66972ef5848884e,"MISSION
Consolidate sales information from all regions; prepare analyzed and filtered reports for the Business Unit Director.
GENERAL FUNCTIONS

Consolidate the sales BBP (sales, prices, LTC’s…) working together with Sales Directors, KAM’s and Project Managers.

Consolidate Global Data report (CAPEX and other project development costs) working together with Project Managers and Control.

Prepare the monthly report of Business Opportunity List (BOL) and inform BUD, Holding Committee and Regional Directors.

Prepare the monthly commercial information for the BU Reports to CSO.

Develop and update the world-wide market study for the BU.

Support to Engineering area (POs engineering hours, system accesses).

Commissions and NREs invoicing.

Other tasks as assistant (meeting arrangements, employees access, incomes & payments follow-up, department layout).

Observe Ficosa’s Code of Ethics to avoid fraudulent practices. Comply with Information Security Management System (ISMS) applicable to the job, along with the training related thereto.

Lead the team, guaranteeing its effectiveness, development and motivation, fostering Ficosa's values.

Provide the team with the necessary means to comply with OSHE rules, ensuring they are properly used.

Actively cooperate in maintaining, promoting and improving the OSHE and Quality department.

(*) The described functions are only the most representative for this position; therefore they should not be understood as all the inherent functions related to this job position.
POSITION REQUIREMENTS

Academic background:
Professional training, mainly in administration

Languages:
Fluent in local language & Fluent in English (spoken & written)

Experience:
5 years in similar position in a Commercial Area

Travel:
Availability to travel

OTHER SPECIFICATIONS

Academic background:
Medium bachelor degree, mainly in administration

Additional training:
Knowledge in Ficosa internal tools (TCTP, BDP, BOL…) would be a plus

Are you looking for an opportunity in an innovative industry?

Are you interested in a company firmly committed to the environment and to bring sustainable solutions for a better future?

Ficosa is a company in the mobility sector with presence in more than 15 countries and over 8,000 employees around the world with a single purpose: “transform mobility to improve people's lives.”

In our Viladecavalls office, we are looking for Business Unit Strategy Analyst who will be supporting on reaching the sales objectives by carrying out different back-end activities, following the guidelines established by the manager and Sales Department

⭐ Main functions

Prepare bids and tender them according to the Sales Director instructions.

Along with the Business Units and R+D Areas, build and manage customer presentations.

Define de budget business plan, collaborating along the different areas.

Follow-up the projects assigned to Ficosa and register the ones that haven’t been assigned to.

Keep updated market-study reports.

Support action plans in order to obtain BBP Sales, following BOL, BBP, TCTP.

Built monthly KPIs (monthly KPIs by division) and be responsible to report those result quarterly to the Sales Directors.

What we are looking for

Education/Experience: Bachelor’s degree in Business, Finance, or Accounting

Minimum of 5 years in similar position or in auditor or cost analyst position

High level of accuracy and data driven

Microsoft Excel expert user

English proficiency competency level

If you don’t match 100% with all these bullet point, ¡don’t worry! We are looking forward to meeting you.

What we offer

Competitive salary

Flexible retribution package adaptable on you needs: health insurance, kindergarden support, transport allowance, training benefits.

Subsidized canteen with an outstanding daily menu.

Suttle bus from Barcelona Terrassa and Viladecavalls to Ficosa facilities.

Flexible work schedule: Enjoy flexible working hours.

Hybrid work model that combines office and remote work.

Working with innovative technology.

Optimal work environment.

International company with and inclusive and diverse culture.

Continuous training.

Referral Program.

❤ ️ Why Ficosa?

¡We are proud of our Ficosophy! The enthusiasm to participate in the company's common project and share its mission, vision and values is essential, that’s why we believe in the commitment and passion for work . We embrace the innovation and creativity , and we ensure that your ideas come to reality. We are able to build relationships of trust with clients, understanding and anticipating their needs. Interest in people and customer focus are the key to our success. Honesty and integrity are present always in Ficosa because being honest and upright in our daily decision-making make up the ethical values that guide our professional work. Ficosa encourages teamwork and our leadership is based on humility and we understand that all people are equally valuable.

¡We have celebrated our 75th anniversary! Come and celebrate more anniversaries with us, we invite you to apply so we can meet you.

Ficosa is an equal opportunity employer. We strongly believe that a diverse workforce is key to our success, regardless of gender, nationality, age or others. Our focus is not only on our People, but as well on our Planet: protecting the environment is one of the main targets to which we dedicate all our efforts to develop products and more efficient and sustainable solutions."
114,c0a8ed7ff9e8e771,"Revenue Manager (They, She, He)",Glovo,"Trabajo híbrido in 08005 Barcelona, Barcelona provincia",,Jornada completa,,https://es.indeed.com/viewjob?jk=c0a8ed7ff9e8e771,"Company Description

Glovo is part of the Delivery Hero Group, the world’s pioneering local delivery platform, our mission is to deliver an amazing experience—fast, easy, and to your door. We operate in around 70 countries worldwide. Headquartered in Berlin, Germany. Delivery Hero has been listed on the Frankfurt Stock Exchange since 2017 and is part of the MDAX stock market index.

Job Description

We’re looking for a highly motivated Revenue manager to own the go-to-market strategy and product operations for our Ads and Promotions stack across 22+ markets in Europe, Central Asia, and Africa.
This is a hybrid role—bridging product, commercial, and analytics—with high impact on our top-line growth. It requires a unique blend of business acumen, technical expertise, and leadership skills to transform business insights into product needs, drive the agenda with our product and commercial teams. You will lead rollouts, define enablement strategies, and shape how we package and scale monetisation tools across countries. You’ll manage a small but growing team, including a Sr Analyst focused on Partner Promotions, an Ads Specialist, and an intern.
You’ll report to the Head of Partner Monetisation under the VP of Ops, Commercial & Brands organisation.
THE JOURNEY
Product Operations: Lead operational rollouts and testing plans for AdTech and Partner Promotions, ensuring smooth delivery and revenue optimization.
Stakeholder Management: Engage closely with local market teams to gather feedback, align on priorities, and ensure local relevance in the product roadmap.
Cross-Functional Collaboration: Partner with both front-end and back-end product teams to align revenue goals with user experience and operational efficiency.
Product Strategy: Own the business agenda for partner-facing tools, driving product adoption and promotional impact.
Team Leadership: Lead and coach a small team—directly and indirectly—across HQ and local teams to execute key projects and initiatives.
Problem Solving: Act as the main escalation point for business and tech issues, juggling priorities in a high-speed, high-impact environment.
Market Insights: Stay ahead of industry trends, using insights to shape roadmap inputs and deliver innovative, scalable solutions.

Qualifications
6+ years of experience in Business, Marketing, Product, or Go-To-Market roles—preferably in AdTech, marketplaces and e-commerce.
Proven track record launching commercial products or tooling at scale
Strong business acumen and ability to drive alignment across product and commercial teams
Experience leading or mentoring team members in fast-paced environments
High analytical capability: you work with data to drive decisions
Strong experience shaping analytics infrastructure: defining tracking, reporting specs, and dashboard needs for product and commercial insights
Excellent verbal and written communication skills in English
Comfortable with SQL; experience with Looker, Tableau, or Google Data Studio is a plus
Self-starter with a bias for action, pragmatism, and ownership
Individuals representing diverse profiles, and abilities, encompassing various genders, ethnicities, and backgrounds, are less likely to apply for this role if they do not possess solid experience in 100% of these areas. Even if it seems you don't meet our musts don't let it stop you, we are all about finding the best talent out there! Skills can be learned, and embracing diversity is invaluable.
We believe driven talent deserves:
An enticing equity plan that lets you own a piece of the action.
Top-notch private health insurance to keep you at your peak.
Monthly Glovo credit to satisfy your cravings!
Discounts on transportation, food, and even kindergarten expenses.
Discounted gym memberships to keep you energized.
️ Extra time off, the freedom to work from home two days a week, and the opportunity to work from anywhere for up to three weeks a year!
Enhanced parental leave, and office-based nursery.
Online therapy and wellbeing benefits to ensure your mental well-being.

Additional Information

Here at Glovo, we thrive on diversity, we believe it enhances our teams, products, and culture. We know that the best ideas come from a mashup of brilliant diverse minds. This is why we are committed to providing equal opportunities to talent from all backgrounds – all genders, racial/diverse backgrounds, abilities, ages, sexual orientations and all other unique characteristics that make you YOU. We will encourage you to bring your authentic self to work, fostering an inclusive environment where everyone feels heard.

Feel free to note your pronouns in your application (e.g., she/her/hers, he/him/his, they/them/theirs, etc).

So, ready to take the wheel and make this the ride of your life?

Delve into our culture by taking a peek at our Instagram and check out our Linkedin and website!"
115,e361d9eec4b64f47,Lead Financial Analyst - Global Procurement,Fluidra,"Trabajo híbrido in 08174 Sant Cugat del Vallès, Barcelona provincia",,,,https://es.indeed.com/viewjob?jk=e361d9eec4b64f47,"We are a leading company in the global pool & wellness industry
Fluidra, a multinational group listed on the Spanish Stock Exchange, is the global leader in the pool and wellness industry. Founded in 1969, Fluidra has long-standing experience in developing innovative products and services in the global residential and commercial pool market.
Fluidra has a clear mission: to create the perfect pool and wellness experience responsibly.
Fluidra operates in more than 47 countries through its subsidiaries. We have more than 135 sales branches and more than 35 production centers around the world, in addition to strategically distributed logistics hubs that support our production and distribution centers.
Our team is comprised of more than 7,000 employees motivated and skilled employees from over 45 countries.
Mission:
The Lead Financial Analyst for Global Procurement is a strategic role responsible for driving financial excellence and operational efficiency across the procurement organization. This professional will play a vital part in shaping financial strategies, supporting critical decision-making, and ensuring the integrity and transparency of financial data. The successful candidate will thrive in a dynamic, collaborative environment and act as a trusted advisor to both finance and procurement teams.

Your responsibilities:
Financial Reporting & Analysis: Lead the preparation of Monthly Cost and Productivity Variance reports, oversee the annual budgeting process, and manage monthly forecasting for designated procurement systems.
Controls & Compliance: Monitor and enhance internal controls and performance metrics to maintain compliance with company policies, regulatory requirements, and efficiency standards.
Data Validation & Forensic Analysis: Conduct comprehensive reviews of financial data to ensure accuracy and consistency with the general ledger, and perform forensic analysis to identify financial trends and drivers.
Performance Tracking: Identify leading and lagging financial indicators, document key financial highlights, and track progress against budget and established benchmarks.
Closing Processes: Support month-end and annual closing activities by performing variance analysis and reconciling financial results to ensure completeness and accuracy.
Benchmarking & Analytics: Develop and maintain benchmarks for critical business drivers, providing actionable insights to improve procurement productivity and cost-effectiveness.
Ad Hoc Analysis: Respond to evolving business needs by conducting ad hoc financial analyses and presenting findings to leadership.
Continuous Improvement: Identify opportunities for process and control improvements to enhance efficiency, compliance, and overall financial performance.
Policy Adherence: Ensure all activities are conducted in accordance with company policies, procedures, and applicable rules and regulations.
Additional Duties: Take on other responsibilities as assigned to support the finance and procurement teams.

Qualifications
Bachelor’s degree in Finance
Minimum 5 years of experience in financial analysis, preferably within global procurement or supply chain operations.
Strong analytical, problem-solving, and organizational skills with a keen attention to detail.
Proficiency in financial modeling, data analytics tools, and ERP systems; advanced Excel skills required.
Excellent communication and interpersonal abilities to collaborate cross-functionally.
Demonstrated ability to manage multiple priorities in a fast-paced environment.
High ethical standards and commitment to compliance and confidentiality.

At Fluidra, we are committed to both the professional and personal development of our employees. Thanks to our highly qualified team of experts we are able to fulfill our main mission: To create the perfect Pool and Wellness experience responsibly."
116,339569ccbcbb7cee,"Lead, HR Cybersecurity Compliance Analyst",Schneider Electric,"Trabajo híbrido in Barcelona, Barcelona provincia",,Jornada completa,,https://es.indeed.com/viewjob?jk=339569ccbcbb7cee,"Job Description:
Do you dare to lead the digital transformation to create a more sustainable world?
At Schneider Electric, we are the leading digital partner in sustainability and efficiency for businesses, communities, and individuals. Our goal is for all people to be able to make the most of our energy and resources through the integration of processes, software, big data, and energy technologies that enable integrated management of buildings, industries, and cities. We are present in over 110 countries with a diverse and disruptive team of over 150,000 people. If you are seeking an opportunity to propel your career and challenge your creativity, we want to meet you!

Schneider Digital is the digital department of Schneider Electric, leading the digital transformation in the company by giving support globally to our internal teams and our clients. Schneider Digital consists of 6 Digital Hubs worldwide which are strategically located to ensure a 24/7 support across the company (France, China, India, USA, Mexico and Spain). Our Digital Hub in Barcelona is formed by +450 employees working in strategic projects and different roles such as Data, Cybersecurity, ERP, Cloud, Infrastructures, IT Project Management or Digital Marketing.

We are looking for an HR Cybersecurity Compliance Analyst to join our team. You will be part of the dynamic Schneider Digital – Employee Experience team whose mission is to “Create digital workplace of the future & Enable HR to build workforce of the future”. Within this team, you will be part of the Cybersecurity and Compliance team to oversee the effective enforcement of Cybersecurity controls on applications that support HR Processes.

What will you do?
As a Cybersecurity and Compliance Analyst, your main role is to support Cyber Security, and Privacy compliance for HR processes and supporting applications.
To safeguard sensitive HR data and ensure regulatory compliance by proactively identifying risks, implementing robust security controls, and fostering a culture of data protection.
This role bridges cybersecurity expertise with HR-specific needs, ensuring that employee data, systems, and processes are secure, compliant, and resilient against threats.

Main responsibilities include:
Data Protection & Privacy
Ensure HR systems comply with data protection regulations (e.g., GDPR, HIPAA, local labor laws).
Monitor and enforce policies for handling Personally Identifiable Information (PII) and sensitive employee data.
Risk Assessment & Mitigation
Support risk assessments on HR applications (e.g., payroll, recruitment platforms, employee portals).
Identify vulnerabilities and recommend mitigation strategies tailored to HR workflows.
Collaborate with HR and IT teams to implement secure configurations and access controls.
Compliance Monitoring
Track and report on compliance with internal policies and external regulations.
Maintain documentation for audits and regulatory reviews.
System & Application Security
Collaborate with IT to secure HRIS, ATS, LMS, and other HR platforms.
Ensure encryption, authentication, and role-based access controls are properly implemented.
Participate in change management processes for HR systems to assess security impact.

(External) English Qualifications:
What qualifications will make you successful for this role?
Bachelor’s degree in Cybersecurity, Information Technology, Computer Science, or a related field.
Solid understanding of cybersecurity principles, data privacy laws, and compliance frameworks (e.g., GDPR, NIS 2, HIPAA, SOC 2).
Experience securing HR systems such as Workday, SAP SuccessFactors, Oracle HCM, or similar platforms.
Proficiency with security tools (e.g., SIEM, DLP, IAM, GRC platforms).
Strong analytical and problem-solving skills.
Effective communication and stakeholder management, especially with HR and legal teams.
Ability to translate technical risks into business impact for non-technical audiences.
Proactive mindset with a focus on continuous improvement and collaboration.
3–5 years of experience in cybersecurity, IT audit, or compliance roles.
Demonstrated experience working with HR or other sensitive data domains.

Desired/Preferred to have.
Preferred certifications (any of the following):
Certified Information Systems Security Professional (CISSP)
Certified Information Security Manager (CISM)
Certified Information Privacy Professional (CIPP/US, CIPP/E)
ISO/IEC 27001 Lead Implementer or similar

Location: Spain (Barcelona)

What will you get?
We adapt to you:
With our flexible schedule, you'll have the freedom to adjust your work hours to accommodate your personal needs and responsibilities.
We know how great it is to work from home. With our hybrid work plan, you can enjoy working from the comfort of your home.
Need more time to relax and disconnect? With our Holy Pack, you can purchase additional vacation days to recharge when you need it most.
Celebrate holidays your way! With Floating Holidays, you can exchange holidays for other days that better suit your plans and personal preferences.
‍Need additional time to explore new experiences or focus on personal projects? With the Sabbatical Pack, you can request up to 2 months of extra leave (unpaid).
We value the importance of family and want to support you in all aspects of your life. Our Global Family Leave Policy provides flexible paid conditions for when you need it most, whether you're about to be a parent, need time to overcome a loss, or to care for a loved one.

We take care of you:
With access to the health and wellness platform Wellwo, you and up to 5 people of your choice can enjoy access to wellness content, nutrition counseling, fitness classes, and more!
‍From dance classes to booking a hotel spa, we offer an agreement with Wellhub so you can access a network of thousands of gyms and sports centers to keep your body active in the way you like best.
Your well-being is our priority. You will have medical service at your workplace for close attention to any medical needs.

We empower you:
With Open Talent Market, our AI-driven professional development platform, you can connect with job opportunities, projects, and mentors at Schneider Electric globally.
We offer you the opportunity to be a shareholder of Schneider Electric and share in our achievements with our stock ownership program.
We celebrate everyone's talent and success with our recognition program, through which you can give and receive points for your achievements and redeem them for gift cards at your favorite stores.
You will have life insurance for your protection.
We offer you a Flexible Remuneration Plan in which you can choose from a variety of options, such as health insurance, meal vouchers, childcare vouchers, transportation vouchers, training, and more.
With Club Schneider, you will enjoy special discounts at your favorite stores, restaurants, travel agencies, and other external services.
Participate in company-subsidized volunteer programs to contribute to our community and have a positive impact on your environment.

#LI-AF1
DIGCYBR24

(External) English Company Boiler Plate:

Looking to make an IMPACT with your career?
When you are thinking about joining a new team, culture matters. At Schneider Electric, our values and behaviors are the foundation for creating a great culture to support business success. We believe that our IMPACT values – Inclusion, Mastery, Purpose, Action, Curiosity, Teamwork – starts with us.
IMPACT is also your invitation to join Schneider Electric where you can contribute to turning sustainability ambition into actions, no matter what role you play. It is a call to connect your career with the ambition of achieving a more resilient, efficient, and sustainable world.
We are looking for IMPACT Makers; exceptional people who turn sustainability ambitions into actions at the intersection of automation, electrification, and digitization. We celebrate IMPACT Makers and believe everyone has the potential to be one.
Become an IMPACT Maker with Schneider Electric – apply today!
€36 billion global revenue
+13% organic growth
150 000+ employees in 100+ countries
#1 on the Global 100 World’s most sustainable corporations

You must submit an online application to be considered for any position with us. This position will be posted until filled.

Schneider Electric aspires to be the most inclusive and caring company in the world, by providing equitable opportunities to everyone, everywhere, and ensuring all employees feel uniquely valued and safe to contribute their best. We mirror the diversity of the communities in which we operate, and ‘inclusion’ is one of our core values. We believe our differences make us stronger as a company and as individuals and we are committed to championing inclusivity in everything we do.

At Schneider Electric, we uphold the highest standards of ethics and compliance, and we believe that trust is a foundational value. Our Trust Charter is our Code of Conduct and demonstrates our commitment to ethics, safety, sustainability, quality and cybersecurity, underpinning every aspect of our business and our willingness to behave and respond respectfully and in good faith to all our stakeholders. You can find out more about our Trust Charter here

Schneider Electric is an Equal Opportunity Employer. It is our policy to provide equal employment and advancement opportunities in the areas of recruiting, hiring, training, transferring, and promoting all qualified individuals regardless of race, religion, color, gender, disability, national origin, ancestry, age, military status, sexual orientation, marital status, or any other legally protected characteristic or conduct."
117,5b4b6bb444a27360,Principal Marketing Analyst,Zynga,"Trabajo híbrido in Barcelona, Barcelona provincia",,,,https://es.indeed.com/viewjob?jk=5b4b6bb444a27360,"Level Up Your Career with Zynga!
At Zynga, we bring people together through the power of play. As a global leader in interactive entertainment and a proud label of Take-Two Interactive, our games have been downloaded over 6 billion times—connecting players in 175+ countries through fun, strategy, and a little friendly competition.
From thrilling casino spins to epic strategy battles, mind-bending puzzles, and social word challenges, our diverse game portfolio has something for everyone. Fan-favorites and latest hits include FarmVille™, Words With Friends™, Zynga Poker™, Game of Thrones Slots Casino™, Wizard of Oz Slots™, Hit it Rich! Slots™, Wonka Slots™, Top Eleven™, Toon Blast™, Empires & Puzzles™, Merge Dragons!™, CSR Racing™, Harry Potter: Puzzles & Spells™, Match Factory™, and Color Block Jam™—plus many more!
Founded in 2007 and headquartered in California, our teams span North America, Europe, and Asia, working together to craft unforgettable gaming experiences. Whether you're spinning, strategizing, matching, or competing, Zynga is where fun meets innovation—and where you can take your career to the next level.
Join us and be part of the play!
Position Overview
We are looking to welcome yet another brilliant Principal Data Analyst into our Marketing Analytics team.
As a Principal Data Analyst, you will drive data strategy for top game titles, using insights to shape product direction and monetization. You will analyze player behavior, design experiments, and build predictive models to optimize engagement and performance. Working cross-functionally, you'll mentor analysts, communicate insights to senior leaders, and help improve data tools and pipelines. This role strengthens data-driven decision-making across teams and advances a culture of experimentation.
What You'll Do
Act as a thought partner to marketing leaders, identifying opportunities for growth, efficiency, and innovation.
Mentor junior analysts and help shape the analytics team's culture and processes. Work with the Marketing and user Acquisition teams to provide insights into user behavior and answer key business questions.
Visualize and communicate the results of your data analysis to senior stakeholders, making data driven recommendations that support key decisions.
Apply statistical methodologies to evaluate performance and account for uncertainties in major initiatives.
What You Bring:
Demonstrated experience with some or all of the following: predictive modeling, statistics, experimental design, optimization, data visualization
Understanding of marketing metrics and KPIs, with experience in campaign optimization, Lifetime Value (LTV) modeling, and incrementality analysis
Strong business acumen and domain knowledge in user acquisition, product marketing, and privacy frameworks like ATT
Strong experience in SQL and Python; Adept in at least one visualization tool such as Tableau
Strong communication skills — you can explain complex data in simple, actionable terms
A team player, you establish effective relationships to work with others for the win
Bonus Points:
A genuine interest in people management and leadership development
A fast learner, highly meticulous and proactive individual
What's in it for you as a Socialpointer?
Hybrid working model: we ask you to come to our Barcelona office at least 2 days per week
A generous 25 days of annual leave, plus public holidays
Private medical insurance for you and your family to keep your health bar full
Disability and life insurance
Choose from the latest iOS or Android device when you join (phone or tablet)
Free language lessons in English, Spanish and Catalan
Spotify Premium to add the perfect soundtrack to your adventure
Legendary social events and parties to let off some steam
Take-Two Interactive employee stock purchase plan (eligibility criteria applies)
Professional development budget for skills training
Onsite perks include:
State of the art gym facilities
Free breakfast, lunch, and specialty coffee
Onsite physiotherapist and hairdresser (no wallet needed!)
The list goes on and on… so get your game on and apply now! Click ""Apply"" to level up and submit your application in English.
We are proud to be an equal opportunity employer, which means we are committed to creating and celebrating diverse thoughts, cultures, and backgrounds throughout our organization. Employment with us is based on substantive ability, objective qualifications, and work ethic – not an individual's race, creed, color, religion, sex or gender, gender identity or expression, sexual orientation, national origin or ancestry, alienage or citizenship status, physical or mental disability, pregnancy, age, genetic information, veteran status, marital status, status as a victim of domestic violence or sex offenses, reproductive health decision, or any other characteristics protected by applicable law.
As an equal opportunity employer, we are committed to providing the necessary support and accommodation to qualified individuals with disabilities, health conditions, or impairments (subject to any local qualifying requirements) to ensure their full participation in the job application or interview process. Please contact us at accommodationrequest@zynga.com to request any accommodations or for support related to your application for an open position.
Please be aware that Zynga does not conduct job interviews or make job offers over third-party messaging apps such as Telegram, WhatsApp, or others. Zynga also does not engage in any financial exchanges during the recruitment or onboarding process, and will never ask a candidate for their personal or financial information over an app or other unofficial chat channel. Any attempt to do so may be the result of a scamp or phishing attack, and you should not engage. Zynga's in-house recruitment team will only contact individuals through their official Company email addresses (i.e., via a zynga.com, naturalmotion.com, smallgiantgames.com, themavens.com, gram.gs email domain)."
118,31888c4ef4146b20,Service Implementation Specialist,Red Points,"Trabajo híbrido in 08029 Barcelona, Barcelona provincia",,Jornada completa,,https://es.indeed.com/viewjob?jk=31888c4ef4146b20,"Company Description

What's Red Points all about?
Red Points is the most widely used solution to recover digital revenue. Over 1.000 companies rely on our platform to fight counterfeits, piracy, impersonation, and distribution abuse. They leverage Red Points to take back the revenue that’s rightfully theirs. With 270+ professionals and offices in New York, Barcelona, Beijing, and Salt Lake City, Red Points has disrupted an industry traditionally led by service providers with a scalable, cost-effective solution.
Be part of the change: join us on our mission to make the Internet a safer place!

Job Description

We are looking for a Service Implementation Specialist to join our team. This entry-level position is crucial for the successful service delivery. You will be responsible for setting up detection rules and performing validations within the Red Points platform, ensuring comprehensive coverage against digital infringements. This role is highly operational and focused on precision and technical setup.
Key Operational Responsibilities
Your focus will be on the initial configuration and accurate asset validation:
Platform Configuration: Set up and maintain automated detection profiles within the Red Points platform based on specific client needs and brand assets (e.g., trademarks, copyrights).
Detection Execution: Run detection scans and campaigns to identify potential infringements across the Internet.
Validation & Triage: Meticulously validate the quality and accuracy of the initial detection results (hits), ensuring only legitimate infringements are flagged for the Enforcement team.
Process Handoff: Ensure a smooth and accurate transition of the validated infringement data to the Enforcement and Customer teams.
KPI Achievement: Consistently meet performance metrics.

Qualifications

Essential Qualifications
Language: High proficiency in English (written and verbal).
Skills: Strong analytical and logical problem-solving skills; the ability to efficiently break down a complex setup problem.
Attention to Detail: Meticulous and highly organized—accuracy in detection setup is paramount.
Efficiency: Excellent planning and organizational skills to manage setup deadlines.
Interest: A strong interest in Intellectual Property (IP) and digital data processing.
Highly Desirable Background (The Edge)
Technical Aptitude: Experience or interest in working with SaaS platforms, data sets, or complex technical interfaces.
IP Knowledge: Foundational knowledge of Intellectual Property rights.
Experience (Bonus): Prior experience in Brand Protection, Fraud detection, analyst or similar roles.

Additional Information

What we offer
A friendly, diverse, and international team
You’ll have top-notch Private Health Insurance, fully covered by the company.
23 working days of holidays per year, plus the local public holidays.
Indefinite Contract
Fridays we have reduced working hours. And every weekday during August.
Tax relief/ ¨Retribución Flexible¨ will also be available for you.
We offer a discount with the amazing DIR gyms!
We have a Referral policy with a very sweet Bonus scheme.
We have a hybrid model, with a flexible start time.
At the office, we offer fresh fruit, and a huge variety of different kinds of milk, coffee, thé, and cereals.
We also host monthly after works and internal events with guest speakers that allow us to share good times together and learn something new!
We are an equal-opportunity employer and value diversity at our company. We encourage all applicants, regardless of race, religion or belief (if any), color, nationality, ethnic or national origin, gender, gender identity, pregnancy and maternity, sexual orientation, age, marital and civil partnership status, or disability status.

If you think this is the right move for you and you match the description, just apply! We'll get in touch with you!"
119,eddc149f85e13de4,Finance Systems Product Lead,Glovo,"Trabajo híbrido in 08005 Barcelona, Barcelona provincia",,Jornada completa,,https://es.indeed.com/viewjob?jk=eddc149f85e13de4,"Company Description

Glovo is part of the Delivery Hero Group, the world’s pioneering local delivery platform, our mission is to deliver an amazing experience—fast, easy, and to your door. We operate in around 70 countries worldwide. Headquartered in Berlin, Germany. Delivery Hero has been listed on the Frankfurt Stock Exchange since 2017 and is part of the MDAX stock market index.

Job Description

YOUR MISSION
As the Finance Transformation Lead, you will own the vision, strategy, and roadmap for the technology that power our Finance organization.You’ll act as the bridge between Finance Operations, Business, and Technology, ensuring that our ERP, automation tools, and data platforms work together as a cohesive, scalable, and insight-driven ecosystem.
This role goes beyond process management — it’s about building finance platforms as products, driving automation, improving internal experience, and unlocking value through technology. You’ll manage the lifecycle of finance systems (from discovery to delivery), ensuring every enhancement or feature release delivers measurable business impact.

THE JOURNEY
Own the Finance Systems and Transformation roadmap — define vision, prioritize initiatives by value,, and align delivery with Finance strategy and transformation goals.
Lead the end-to-end finance transformation lifecycle, maintaining a value-driven backlog and coordinating delivery across Tech, ERP, and Automation teams.
Partner with Finance and Business stakeholders to identify pain points and automation opportunities. Collaborate closely with developers, analysts, and ERP consultants to bring solutions to life.
Ensure alignment across Finance Ops, Tax, Controlling, PMO, and engineering teams.
Promote a platform mindset: reusable components, templates, and standardized tools.
Measure value and performance, tracking automation, efficiency, and data consistency across Finance systems.

Qualifications

WHAT YOU WILL BRING TO THE RIDE
5+ years in Finance Systems, Finance Product, Process Optimization or Finance Transformation.
Experience with Finance processes (R2R, O2C, P2P, Tax, or FP&A). Ability to translate finance process pain points into technical requirements.
Strong understanding of ERP systems (SAP S/4HANA, MS Dynamics Business Central, etc), workflows, data flows, and system dependencies.
Strong value framing and stakeholder management skills across cross-functional teams.
Analytical mindset — able to define and track KPIs tied to value creation.
Excellent communication and storytelling skills to influence across Finance and Tech.
Nice-to-have: Experience in a product-led organization or building internal tools or platforms.
Nice-to-have: Experience with automation tools (Power Automate, Python, UiPath) and data tools (Power BI, SQL, Celonis).
Nice-to-have: Experience in a scale-up environment or high-growth tech company.
Individuals representing diverse profiles, and abilities, encompassing various genders, ethnicities, and backgrounds, are less likely to apply for this role if they do not possess solid experience in 100% of these areas. Even if it seems you don't meet our musts don't let it stop you, we are all about finding the best talent out there! Skills can be learned, and embracing diversity is invaluable.
We believe driven talent deserves:
An enticing equity plan that lets you own a piece of the action.
Top-notch private health insurance to keep you at your peak.
Monthly Glovo credit to satisfy your cravings!
Discounts on transportation, food, and even kindergarten expenses.
Discounted gym memberships to keep you energized.
️ Extra time off, the freedom to work from home two days a week, and the opportunity to work from anywhere for up to three weeks a year!
Enhanced parental leave, and office-based nursery.
Online therapy and wellbeing benefits to ensure your mental well-being.
Here at Glovo, we thrive on diversity, we believe it enhances our teams, products, and culture. We know that the best ideas come from a mashup of brilliant diverse minds. This is why we are committed to providing equal opportunities to talent from all backgrounds - all genders, racial/diverse backgrounds, abilities, ages, sexual orientations and all other unique characteristics that make you YOU. We will encourage you to bring your authentic self to work, fostering an inclusive environment where everyone feels heard.
Feel free to note your pronouns in your application (e.g., she/her/hers, he/him/his, they/them/theirs, etc).
So, ready to take the wheel and make this the ride of your life?
Delve into our culture by taking a peek at our Instagram and check out our Linkedin and website!

Additional Information

Here at Glovo, we thrive on diversity, we believe it enhances our teams, products, and culture. We know that the best ideas come from a mashup of brilliant diverse minds. This is why we are committed to providing equal opportunities to talent from all backgrounds – all genders, racial/diverse backgrounds, abilities, ages, sexual orientations and all other unique characteristics that make you YOU. We will encourage you to bring your authentic self to work, fostering an inclusive environment where everyone feels heard.

Feel free to note your pronouns in your application (e.g., she/her/hers, he/him/his, they/them/theirs, etc).

So, ready to take the wheel and make this the ride of your life?

Delve into our culture by taking a peek at our Instagram and check out our Linkedin and website!"
120,1df625d93d16c36c,"Senior SEM Specialist (They, She, He)",Glovo,"Trabajo híbrido in 08005 Barcelona, Barcelona provincia",,Jornada completa,,https://es.indeed.com/viewjob?jk=1df625d93d16c36c,"Company Description

Glovo is part of the Delivery Hero Group, the world’s pioneering local delivery platform, our mission is to deliver an amazing experience—fast, easy, and to your door. We operate in around 70 countries worldwide. Headquartered in Berlin, Germany. Delivery Hero has been listed on the Frankfurt Stock Exchange since 2017 and is part of the MDAX stock market index.

Job Description

Glovo is seeking an experienced SEM Specialist to scale and optimise Paid Search campaigns across Glovo’s global markets, delivering efficient, high-intent customer acquisition. You will focus on generating measurable business outcomes by optimising paid media campaigns, improving conversion performance across Google Search and Apple Search Ads (ASA), and overseeing media efficiency planning across multiple channels.
THE JOURNEY
Own the Map: You’re the ""Main Character"" for growth in one of our key regions (Africa, Eastern Europe, Balkans, or South-West Europe). You won’t just follow a playbook; you’ll write, optimise, and scale it.
The SEM Whisperer: You know Paid Search channels like the back of your hand. From the first ""Install"" to ""we miss you"" reactivation pushes, you’re the one making the magic happen.
Join the Marketing Collective: You’ll jam with a high-octane crew of analysts and pros across Paid Social and App campaigns. It’s a space where shared expertise drives collective growth.
Scoreboard Ownership: You own your KPIs. You’re not just hitting targets; you’re analysing the ""why"" behind the numbers. We value transparency—when things don't go as planned, you’re the first to identify the lesson, course-correct, and use those insights to build a stronger strategy.
Obsessive Optimisation: You live for the A/B test, the tiny tweak, and the data-driven pivot that turns a good campaign into a powerhouse.
The Strategic Collaborator: You don't work in a silo. You proactively partner with Regional Marketing and Growth teams, while leveraging the deep expertise of our tech wizards in Analytics, Web, BI, and Martech. You inform their roadmaps, ask the right questions, and leverage their support to turn technical infrastructure into business outcomes.

Qualifications
The Track Record: 3–5+ years of experience in performance marketing, specifically Paid Search within tech companies or fast-paced environments.
Strategic Expertise: Proven ability to scale campaigns, optimise acquisition funnels, and maximise ROAS.
Technical Toolkit: Deep experience with Google Ads, Apple Search Ads, scripts, and rule-based automation workflows.
Data Fluency: Mastery of Excel and Looker to develop performance analyses and forecasts. (SQL queries are a major plus!)
Stakeholder Management: Experience managing large-scale campaigns and collaborating across diverse, multi-functional teams.
The Glovo Mindset: Motivated by taking full ownership of multiple projects.
Inclined toward action and always thinking about the next best step.
A constant seeker of opportunities to improve existing processes or introduce new ones.
Willing to ""roll up your sleeves"" to get things done.
A true team player with the ability to work autonomously and own outcomes.
Communication: Fluency in English (additional languages are a plus).
Individuals representing diverse profiles, and abilities, encompassing various genders, ethnicities, and backgrounds, are less likely to apply for this role if they do not possess solid experience in 100% of these areas. Even if it seems you don't meet our musts don't let it stop you, we are all about finding the best talent out there! Skills can be learned, and embracing diversity is invaluable.
We believe driven talent deserves:
An enticing equity plan that lets you own a piece of the action.
Top-notch private health insurance to keep you at your peak.
Monthly Glovo credit to satisfy your cravings!
Discounts on transportation, food, and even kindergarten expenses.
Discounted gym memberships to keep you energized.
️ Extra time off, the freedom to work from home two days a week, and the opportunity to work from anywhere for up to three weeks a year!
Enhanced parental leave, and office-based nursery.
Online therapy and wellbeing benefits to ensure your mental well-being.

Additional Information

Here at Glovo, we thrive on diversity, we believe it enhances our teams, products, and culture. We know that the best ideas come from a mashup of brilliant diverse minds. This is why we are committed to providing equal opportunities to talent from all backgrounds – all genders, racial/diverse backgrounds, abilities, ages, sexual orientations and all other unique characteristics that make you YOU. We will encourage you to bring your authentic self to work, fostering an inclusive environment where everyone feels heard.

Feel free to note your pronouns in your application (e.g., she/her/hers, he/him/his, they/them/theirs, etc).

So, ready to take the wheel and make this the ride of your life?

Delve into our culture by taking a peek at our Instagram and check out our Linkedin and website!"
121,c01370bea743b0e5,"Senior Performance Marketing Specialist (They, She, He)",Glovo,"Trabajo híbrido in 08005 Barcelona, Barcelona provincia",,Jornada completa,,https://es.indeed.com/viewjob?jk=c01370bea743b0e5,"Company Description

Glovo is part of the Delivery Hero Group, the world’s pioneering local delivery platform, our mission is to deliver an amazing experience—fast, easy, and to your door. We operate in around 70 countries worldwide. Headquartered in Berlin, Germany. Delivery Hero has been listed on the Frankfurt Stock Exchange since 2017 and is part of the MDAX stock market index.

Job Description

Work alongside performance marketers, data engineers & data scientists and be responsible for using data to proactively uncover untapped opportunities, measure & monitor performance, and optimize all aspects of Glovo's marketing efforts. You will work hand in hand with performance leads and you will be responsible for 360 projects, working closely with all channel teams. Having experience managing big projects from scratch is key!
THE JOURNEY
Take the lead in creating, developing, and optimizing high-impact campaigns for one of Glovo's regions (Africa, EE, Balkans, or SWE).
Specialize in driving acquisition, activation, reactivation, and re-engagement through App Campaigns (UAC) and programmatic channels.
Bring a hands-on, data-driven approach to daily operations, helping the team tackle challenges and exceed goals.
Collaborate with a skilled team of marketers and analysts across Performance Marketing channels, including Paid Social, SEM, ASA, and programmatic, to maximize impact.
Own your performance targets and consistently deliver on key metrics to drive growth.
Champion excellence in your region by not only hitting targets but also sharing insights and best practices that elevate team performance.
Lead continuous optimization efforts through A/B testing and performance analysis, ensuring every campaign is fine-tuned for maximum efficiency.
Work cross-functionally with design, local marketing teams, BI, and Martech to craft and execute winning strategies that push campaign performance to the next level.

Qualifications
3-5+ years of experience in performance marketing, with a strong focus on Google App Campaigns (preferably UAC) and programmatic advertising.
Proven expertise in scaling campaigns, optimizing acquisition funnels, and maximizing ROAS.
Deep understanding of digital measurement, attribution models, incrementality testing, and performance optimization.
Strong analytical mindset with a passion for turning data into actionable insights.
Experience managing large-scale campaigns and collaborating across multiple stakeholders and teams.
Familiarity with marketing analytics tools such as Google Data Studio, Tableau, Excel, Google Ads Editor, Adjust, Branch, or Appsflyer.
Ability to thrive in a fast-paced, dynamic environment and drive projects from strategy to execution.
Excellent communication and problem-solving skills with a proactive approach.
Fluency in English (additional languages are a plus).
We will positively value: Experience with Paid Social, programmatic, and SEM; Adjust, Branch or Appsflyer, and overall experience in the online advertising industry
Individuals representing diverse profiles, and abilities, encompassing various genders, ethnicities, and backgrounds, are less likely to apply for this role if they do not possess solid experience in 100% of these areas. Even if it seems you don't meet our musts don't let it stop you, we are all about finding the best talent out there! Skills can be learned, and embracing diversity is invaluable.
We believe driven talent deserves:
An enticing equity plan that lets you own a piece of the action.
Top-notch private health insurance to keep you at your peak.
Monthly Glovo credit to satisfy your cravings!
Discounts on transportation, food, and even kindergarten expenses.
Discounted gym memberships to keep you energized.
️ Extra time off, the freedom to work from home two days a week, and the opportunity to work from anywhere for up to three weeks a year!
Enhanced parental leave, and office-based nursery.
Online therapy and wellbeing benefits to ensure your mental well-being.

Additional Information

Here at Glovo, we thrive on diversity, we believe it enhances our teams, products, and culture. We know that the best ideas come from a mashup of brilliant diverse minds. This is why we are committed to providing equal opportunities to talent from all backgrounds – all genders, racial/diverse backgrounds, abilities, ages, sexual orientations and all other unique characteristics that make you YOU. We will encourage you to bring your authentic self to work, fostering an inclusive environment where everyone feels heard.

Feel free to note your pronouns in your application (e.g., she/her/hers, he/him/his, they/them/theirs, etc).

So, ready to take the wheel and make this the ride of your life?

Delve into our culture by taking a peek at our Instagram and check out our Linkedin and website!"
122,ff0094d951edf92b,Technical Analyst (IoT App integration),Fluidra,"Trabajo híbrido in 08174 Sant Cugat del Vallès, Barcelona provincia",,Contrato indefinido,,https://es.indeed.com/viewjob?jk=ff0094d951edf92b,"We are a leading company in the global pool & wellness industry
Fluidra, a multinational group listed on the Spanish Stock Exchange, is the global leader in the pool and wellness industry. Founded in 1969, Fluidra has long-standing experience in developing innovative products and services in the global residential and commercial pool market.
Fluidra has a clear mission: to create the perfect pool and wellness experience responsibly.
Fluidra operates in more than 47 countries through its subsidiaries. We have more than 135 sales branches and more than 35 production centers around the world, in addition to strategically distributed logistics hubs that support our production and distribution centers.
Our team is comprised of more than 7,000 employees motivated and skilled employees from over 45 countries.
Mission:
Fluidra is hiring a technical analyst within its overall software organization, reporting to the Head of Software Delivery EMEA.
We are looking for a Technical Analyst to join our Software Delivery EMEA team. This role will act as a bridge between UX/Business requirements and technical implementation teams (Mobile App, Cloud/Backend, QA), ensuring seamless integration of connected products into our mobile applications. The Technical Analyst will translate user experience flows and business needs into clear, actionable technical requirements, supporting agile development cycles and facilitating alignment across multidisciplinary teams.
Your responsibilities:
Stakeholder Engagement: Gather information from stakeholders to capture needs, requirements, and expectations.
Project Communication: Provide regular updates to stakeholders on the project’s status, risks, and progress.
UX Collaboration: Participate in the definition and review of UX low-fidelity wireframes, ensuring user needs and stakeholder feedback are reflected.
Requirement Translation & Documentation: Analyze UX flows, wireframes, and business requirements. Translate them into technical specifications for Mobile App, Cloud/Backend, and QA teams. Maintain traceability between business requirements and technical deliverables.
Integration Support: Define and document API requirements, data models, and device-to-cloud interactions. Support integration of IoT devices (firmware cloud app). Anticipate potential technical gaps and propose solutions early.
Cross-team Collaboration: Work closely with UX/UI designers to validate feasibility of proposed flows. Collaborate with Cloud architects and App developers to align technical scope. Partner with QA to define acceptance criteria and test coverage.
Technical Alignment & Governance: Support sprint planning by breaking down business requirements into technical requirements and user stories. Ensure consistency of technical documentation (API specs, data contracts, error handling). Contribute to best practices for device onboarding, authentication, and data security.
Stakeholder Communication: Provide technical input in stakeholder discussions, ensuring expectations are realistic. Create clear diagrams and technical flows to support decision-making.
Global Team Support: Collaborate with development teams in Spain, and India, providing necessary time zone overlap to ensure smooth communication and delivery.
To succeed in this role, you’ll need a positive attitude and the following:
Bachelor’s degree in Computer Science, Engineering, or related field.

3–5 years of experience as Technical Analyst, System Analyst, or Solution Analyst in digital product development.
Solid understanding of Mobile App development lifecycle (iOS/Android or cross-platform).
Knowledge of Cloud services (AWS, Azure, GCP) and REST/GraphQL APIs.
Understanding of IoT communication protocols (MQTT, CoAP, BLE, Wi-Fi).
Experience writing technical requirements, API specifications, and user stories.
Familiar with Agile/Scrum methodologies.
Strong communication skills in both technical and business language.
What we offer:
Permanent contract
Attractive salary + bonus
Hybrid work: 2 days at our Sant Cugat office and 3 days remote work, per week
International environment with opportunities to grow your professional career

At Fluidra, we are committed to both the professional and personal development of our employees. Thanks to our highly qualified team of experts we are able to fulfill our main mission: To create the perfect Pool and Wellness experience responsibly."
123,eded04ca9edbf49a,Finance Systems Project Manager - HQ,Glovo,"Trabajo híbrido in 08005 Barcelona, Barcelona provincia",,Jornada completa,,https://es.indeed.com/viewjob?jk=eded04ca9edbf49a,"Company Description

Glovo is part of the Delivery Hero Group, the world’s pioneering local delivery platform, our mission is to deliver an amazing experience—fast, easy, and to your door. We operate in around 70 countries worldwide. Headquartered in Berlin, Germany. Delivery Hero has been listed on the Frankfurt Stock Exchange since 2017 and is part of the MDAX stock market index.

Job Description

YOUR MISSION
To be a Project Manager that coordinates initiatives within the Global Finance Department. This role combines the skills of project management and business analysis to ensure successful project delivery and alignment with Finance objectives. The role requires communication and organizational skills to manage all aspects of the project lifecycle and also strong analytical skills to perform business analysis tasks such as gather requirements, analyze data to ensure solutions meet the needs.

THE JOURNEY
End-to-End Project Delivery: Manage full lifecycle of projects from initiation to completion, ensuring delivery on time, within scope, and on budget.
Project Planning: Define project scope, objectives, deliverables, timelines, and resource requirements.
Risk Management: Identify, assess, and manage risks and issues to minimize impact on project delivery.
Stakeholder Management: Maintain strong communication with project stakeholders and teams, providing regular updates on progress, challenges, and solutions. Oversee cross-functional teams, and foster collaboration to ensure efficient execution.
User Acceptance Testing (UAT): Coordinate and oversee UAT efforts, ensuring the solution meets business requirements before full deployment.
Change Management: Support the team through change initiatives, helping stakeholders understand and adapt to new processes, systems, or tools.
Requirements Gathering: Work with stakeholders to gather, document, and validate requirements.
Process, business and data analysis: Act as a business analyst, analyzing current processes and data to identify gaps and recommend improvements to boost efficiency and effectiveness and facilitate decision making.

Qualifications

WHAT YOU WILL BRING TO THE RIDE
2-4 years of experience in project management or a business analysis role.
Experience in finance related departments, financial processes (e.g., P2P, O2C, Record-to-Report) and general accounting/controlling concepts.
Bachelor's degree or MBA (or equivalent experience).
Experience applying project management methodologies (waterfall, agile, lean, or hybrid) to deliver projects.
Proficiency in project management tools (Jira, Confluence, Asana, Trello, etc.) for planning and tracking.
Strong organizational skills and attention to detail for managing project timelines.
Ability to work in a fast-paced environment, staying organized and ensuring execution of complex initiatives driving impact at scale.
Effective verbal and written communication skills to deliver status updates and capture requirements.
Fluency in English is required.
Individuals representing diverse profiles, and abilities, encompassing various genders, ethnicities, and backgrounds, are less likely to apply for this role if they do not possess solid experience in 100% of these areas. Even if it seems you don't meet our musts don't let it stop you, we are all about finding the best talent out there! Skills can be learned, and embracing diversity is invaluable.
We believe driven talent deserves:
An enticing equity plan that lets you own a piece of the action.
Top-notch private health insurance to keep you at your peak.
Monthly Glovo credit to satisfy your cravings!
Discounts on transportation, food, and even kindergarten expenses.
Discounted gym memberships to keep you energized.
️ Extra time off, the freedom to work from home two days a week, and the opportunity to work from anywhere for up to three weeks a year!
Enhanced parental leave, and office-based nursery.
Online therapy and wellbeing benefits to ensure your mental well-being.
Here at Glovo, we thrive on diversity, we believe it enhances our teams, products, and culture. We know that the best ideas come from a mashup of brilliant diverse minds. This is why we are committed to providing equal opportunities to talent from all backgrounds - all genders, racial/diverse backgrounds, abilities, ages, sexual orientations and all other unique characteristics that make you YOU. We will encourage you to bring your authentic self to work, fostering an inclusive environment where everyone feels heard.
Feel free to note your pronouns in your application (e.g., she/her/hers, he/him/his, they/them/theirs, etc).
So, ready to take the wheel and make this the ride of your life?
Delve into our culture by taking a peek at our Instagram and check out our Linkedin and website!

Additional Information

Here at Glovo, we thrive on diversity, we believe it enhances our teams, products, and culture. We know that the best ideas come from a mashup of brilliant diverse minds. This is why we are committed to providing equal opportunities to talent from all backgrounds – all genders, racial/diverse backgrounds, abilities, ages, sexual orientations and all other unique characteristics that make you YOU. We will encourage you to bring your authentic self to work, fostering an inclusive environment where everyone feels heard.

Feel free to note your pronouns in your application (e.g., she/her/hers, he/him/his, they/them/theirs, etc).

So, ready to take the wheel and make this the ride of your life?

Delve into our culture by taking a peek at our Instagram and check out our Linkedin and website!"
124,ba7581c8453abb0f,Senior Pricing Analyst,Fluidra,"Trabajo híbrido in 08174 Sant Cugat del Vallès, Barcelona provincia",,Contrato indefinido,,https://es.indeed.com/viewjob?jk=ba7581c8453abb0f,"En Fluidra estamos buscando un/a Pricing Analyst para unirse a nuestro equipo de Revenue Growth Management en nuestra ubicación de Barcelona. ¡Si buscas una experiencia práctica y estratégica en una empresa líder, estás en el lugar adecuado!
LO QUE APORTARÁS
Como Pricing Analyst, tendrás un rol clave en el desarrollo y la ejecución de estrategias de precios que maximicen la rentabilidad, competitividad y eficiencia del negocio. Tendrás exposición directa a múltiples áreas, trabajarás con grandes volúmenes de datos y formarás parte de un equipo internacional en una compañía líder en el sector de la piscina y el wellness.
Experiencia analítica sólida y capacidad para trabajar con grandes volúmenes de datos.
Conocimiento en estrategias de pricing, margen y gestión Gross-to-Net.
Capacidad para desarrollar modelos y herramientas de seguimiento.
Habilidades para colaborar con equipos multifuncionales (ventas, marketing, finanzas).
Visión estratégica para anticipar tendencias y oportunidades de mercado.

LAS RESPONSABILIDADES PRINCIPALES
Desarrollar e implementar estrategias de precios y margen para asegurar la rentabilidad.
Crear y monitorizar estrategias de gestión de divisas (Forex) para reducir riesgos.
Implementar sistemas de Gross-to-Net Management, asegurando eficiencia, consistencia y alineación con best practices.
Definir metodologías y herramientas de seguimiento, apoyando su implantación.
Colaborar con Ventas, Marketing y Finanzas para alinear las estrategias de precios con los objetivos de negocio.
Realizar análisis de mercado, competencia y tendencias para ajustar propuestas de pricing.

LO QUE BUSCAMOS
Administración de Empresas, Economía, Finanzas o áreas relacionadas.
Mínimo 5 años de experiencia en un rol similar.
Fuertes habilidades analíticas y dominio de herramientas de análisis de datos y modelización financiera.
Experiencia en estrategias de divisa y mitigación de riesgos.
Excelentes habilidades de comunicación y trabajo en equipo.
Dominio fluido de español e inglés; alemán u holandés muy valorados.
Plus: experiencia en B2B, conocimiento de elasticidad de demanda y conceptos económicos clave, enfoque data-driven.

LO QUE OFRECEMOS
Un entorno de trabajo innovador, dinámico y amigable.
Oportunidades de crecimiento y desarrollo profesional en la empresa líder de su sector.
Paquete competitivo de compensación y beneficios.
Trabajo híbrido con 3 días en oficina en Sant Cugat.
Flexibilidad horaria y jornada intensiva los viernes y todo agosto.
Contrato indefinido y plan de carrera personalizado.

SOBRE FLUIDRA
Fluidra, un grupo multinacional cotizado en la Bolsa de España, es el líder global en la industria de piscina y “wellness”. Fundada en 1969, Fluidra tiene una larga experiencia desarrollando productos y servicios innovadores para el mercado global de piscinas residenciales y comerciales. Opera en más de 45 países, cuenta con más de 7.000 empleados y posee un portafolio de marcas reconocidas y de confianza en el sector: Polaris, Jandy, CMP, S.R. Smith y Zodiac. También comercializamos productos bajo los nombres Cover-Pools, iAquaLink, Grand Effects, Del y Nature2. El conjunto de esto también nos permite acelerar en la innovación en áreas clave como eficiencia energética, inteligencia artificial, robótica e “Internet of Things”.
Nuestro propósito es transformar el agua en un mundo mejor. Nos tomamos este propósito muy en serio, y nuestros empleados/as representan estos principios rectores en todo lo que hacemos: pasión por el éxito, honestidad y confianza, colaboración con el cliente, trabajo en equipo e inclusión, aprendizaje y adaptación, excelencia e innovación.

¿No cumples con todos los requisitos? En Fluidra fomentamos un espacio de trabajo inclusivo, así que si este rol te interesa, pero tu experiencia no encaja al 100 %, ¡te animamos a postularte igualmente! Podrías ser la persona ideal para este puesto o para otro dentro de la organización. Fluidra se enorgullece de ser una empresa que ofrece igualdad de oportunidades. Reclutamos, empleamos, formamos y desarrollamos sin importar etnia, religión, color, nacionalidad, orientación sexual, edad o cualquier otra característica."
125,66ffc749730b425e,"Revenue Operations & Systems, Senior Manager",Preply,"Trabajo híbrido in Barcelona, Barcelona provincia",,Jornada completa,,https://es.indeed.com/viewjob?jk=66ffc749730b425e,"We power people’s progress.
At Preply, we’re all about creating life-changing learning experiences. We help people discover the magic of the perfect tutor, craft a personalised learning journey, and stay motivated to keep growing. Our approach is human-led, tech-enabled - and it’s creating real impact.
We’ve just reached unicorn status with a $150M Series D, accelerating our vision to transform education through human-led, AI-enhanced learning. Today, 100,000+ tutors teach 90+ languages to learners in 180 countries - and we’re only getting started. As a category-defining company, we’re shaping what the future of learning looks like at global scale.
Every Preply lesson sparks change, fuels ambition, and drives progress that matters. Joining Preply means helping define the future of education at global scale, and building something that truly matters for millions of people, every day.
Meet the team!
This new team will design, scale, and future-proof the systems and automation that power Preply’s revenue engine. You’ll blend hands-on system expertise with strategic ownership - building scalable, integrated processes while leading a small, high-performing team to drive efficiency, data accuracy, and innovation across our GTM stack.
This is a hybrid role: part architect and builder, part strategic manager who aligns tools, data, and teams to accelerate growth, transforming RevOps from reactive operations to proactive scalability. The exciting part - lead a fast-moving, ambitious team that values precision, autonomy, and continuous improvement, plus the opportunity to build and shape the next-generation GTM infrastructure that powers global growth.
What You’ll Be Doing:
1. Systems Ownership & Architecture
Own the design, optimization, and health of Preply’s GTM system landscape Salesforce, HubSpot, Clay, Vitally, Intercom, and connected tools.
Partner with cross-functional teams (Marketing Ops, Pre Sales, Sales, CS, Finance, Product) to ensure integrations are seamless and scalable.
Lead the evolution of system architecture — mapping processes, maintaining clean data structures, and reducing technical debt.
Drive adoption of new GTM tools through documentation, enablement, and user-friendly workflows.
2. Automation & Process Optimization
Identify opportunities for automation across lead scoring, routing, deal management, and renewal workflows using Salesforce, Zapier, or Cargo.
Implement AI-assisted and no-code automation to streamline pipeline operations and reduce manual effort.
Build standardized playbooks and process documentation to ensure repeatable, reliable execution across teams.
Partner with Enablement to roll out new tools and processes with clear training and adoption metrics.
3. Data Integrity & Insights Infrastructure
Own data accuracy and governance across CRM and connected systems.
Build and maintain self-serve dashboards (Salesforce, Looker) to visualize funnel metrics, forecasting, churn, and pipeline velocity.
Deliver strategic data insights to senior leadership to inform GTM decisions.
Partner with StratOps to ensure data models support forecasting, compensation, and territory planning.
4. Tooling Strategy & Vendor Management
Manage the GTM tooling roadmap, budget, and vendor relationships.
Evaluate new technologies and AI integrations that enhance productivity, personalization, and insight generation.
Ensure ROI and strategic alignment of all tools — balancing innovation with practicality.
5. Team Leadership & Cross-Functional Collaboration
Lead and mentor a small team of system specialists or analysts, fostering curiosity, precision, and continuous improvement.
Collaborate with Sales, Marketing, and CS stakeholders to translate business requirements into scalable system solutions.
Champion “system thinking” across GTM — ensuring clarity, consistency, and documentation in how we operate.

What You Need to Succeed:
5–8+ years of experience in Revenue Operations, GTM Systems, or Sales/Marketing Ops in a fast-scaling B2B SaaS environment.
Deep technical expertise in Salesforce (architecture, admin, and automation).
Strong understanding of GTM processes and data flows (lead-to-opportunity, opportunity-to-renewal).
Experience with BI and reporting tools (Looker, Tableau, Google Data Studio).
Proven ability to translate business,user and customer needs into technical solutions.
Familiarity with no-code automation tools (Zapier, Workato, n8n) and API integrations.
Experience leading teams and leading cross-functional initiatives.
Excellent communication and stakeholder alignment skills — comfortable bridging technical and commercial conversations.
Strong analytical mindset and attention to detail, balanced with pragmatism and speed.
Why you’ll love it at Preply
An open, collaborative, dynamic and diverse culture;
A generous monthly allowance for lessons on Preply.com, Learning & Development budget and time off for your self-development;
A competitive financial package with equity, leave allowance and health insurance;
Not in Barcelona? We offer an attractive relocation package to join us in our Preply Barcelona Hub
Access to free mental health support platforms;
Access to Gympass-partnered wellness and gym centers throughout Spain to promote and support well-being and physical health;
The opportunity to unlock the potential of learners and tutors through language learning and teaching in 175 countries (and counting!).
#LI-SC1
Our Principles
Care to change the world - We are passionate about our work and care deeply about its impact to be life changing.
We do it for learners - For both Preply and tutors, learners are why we do what we do. Every day we focus on empowering tutors to deliver an exceptional learning experience.
Keep perfecting - To create an outstanding customer experience, we focus on simplicity, smoothness, and enjoyment, continually perfecting it as every detail matters.
Now is the time - In a fast-paced world, it matters how quickly we act. Now is the time to make great things happen.
Disciplined execution - What makes us disciplined is the excellence in our execution. We set clear goals, focus on what matters, and utilize our resources efficiently.
Dive deep - We leverage business acumen and curiosity to investigate disparities between numbers and stories, unlocking meaningful insights to guide our decisions.
Growth mindset - We proactively seek growth opportunities and believe today's best performance becomes tomorrow's starting point. We humbly embrace feedback and learn from setbacks.
Raise the bar - We raise our performance standards continuously, alongside each new hire and promotion. We build diverse and high-performing teams that can make a real difference.
Challenge, disagree and commit - We value open and candid communication, even when we don’t fully agree. We speak our minds, challenge when necessary, and fully commit to decisions once made.
One Preply - We prioritize collaboration, inclusion, and the success of our team over personal ambitions. Together, we support and celebrate each other's progress.
Diversity, Equity, and Inclusion
Preply.com is committed to creating an inclusive environment where people of diverse backgrounds can thrive. We believe that the presence of different opinions and viewpoints is a key ingredient for our success as a multicultural Ed-Tech company. That means that Preply will consider all applications for employment without regard to race, color, religion, gender identity or expression, sexual orientation, national origin, disability, age or veteran status."
126,f6b1e2b971e18ac7,Head of Collection,Satispay,"Trabajo híbrido in Barcelona, Barcelona provincia",,Jornada completa,,https://es.indeed.com/viewjob?jk=f6b1e2b971e18ac7,"Head of Collection

About Satispay
Satispay stands as a recognised leader in the European FinTech landscape, a company where a relentless drive for achievement is powered by a clear, impactful mission. We were born from a powerful vision to revolutionise everyday payments, making them simple, fair, and accessible to everyone. Our strategic imperative is to continue shaping the future of money by simplifying complex financial interactions to profoundly improve people's lives.
As a high-growth scale-up, Satispay represents a dynamic environment at the forefront. Joining our team means stepping into a critical role with the authority and responsibility to drive significant business outcomes and shape the strategic trajectory of the company and the industry.
We are powered by a culture of ownership, relentless execution, and strategic foresight. We are brave in our approach, making courageous decisions and tackling challenges head-on, underpinned by a deep sense of responsibility for sustainable, ethical, and long-term success.

What you’ll be doing
As our Head of Collection, you'll be at the forefront of our financial performance with a direct impact on our asset quality. Your mission is to design and deliver the entire collection strategy, optimizing the process to maximize returns while minimizing costs. To do this, you will lead a dedicated team of analysts and operational agents, owning the complete end-to-end process from early delinquency through to managing external debt collection agencies. This high-impact leadership role also requires building strong connections with key internal stakeholders (like Business, Product, and Risk) and external partners.
This is an opportunity to lead within a high-growth, constantly evolving environment – a challenge perfectly suited for an executive ready to navigate and shape change at scale and contribute to something bigger.
In this role, embodying ownership and a commitment to craving impact, you will be expected to deliver significant results by:
Designing and executing the collection strategy. Analyzing data to create the most effective contact strategy, then implement it operationally using best-in-class market technologies (e.g., predictive dialers, 2-way SMS).
Leading and developing your team. Leading a team with two souls—operational (agents) and analytical (analysts)—and being responsible for their growth, motivation, and driving them to achieve excellent performance.
Optimizing performance and ROI. Constantly monitoring performance through analysis and reporting, ensuring every investment in collection activities generates maximum return and presenting clear insights to senior management.
Guaranteeing service levels. Ensuring that all SLAs are met, guaranteeing that customers are attended to and served in a timely and appropriate manner.
Managing Stakeholder Collaboration. Coordinating closely with internal teams (Risk, Product, Legal, Customer Care) to ensure the collection process is an integrated part of the customer experience, while also managing key relationships with external stakeholders like debt collection agencies, bureaus, and regulators.
Innovating and managing strategic relationships. Constantly researching new technologies and approaches to innovate our processes. You'll manage relationships with key stakeholders, both internal (Risk, Product, Legal) and external (collection agencies, credit bureaus).

You will lead and mentor high-performing teams, collaborate closely with peers with structured communication and transparency, demonstrating a commitment to integrity and ownership.

Who we're looking for
We are seeking a proven leader with a distinguished track record of success in driving strategic initiatives and achieving significant business growth within relevant sectors.
You will lead by example, combining ambition with purpose, drive impactful results and cultivate ownership and continuous improvement in our dynamic environment.
Experience in Credit & Collections. You have at least 7 years of experience in the field, with a solid track record in a leadership role and a degree in economics, finance, or a quantitative field.
Strategic Acumen. You have a proven track record of designing, implementing, and optimizing complex collection strategies to improve recovery rates and reduce costs.
Analytical & Problem-Solving Mindset. You possess excellent analytical skills. You know how to use data analysis and reporting tools to monitor performance and drive actionable insights.
Leadership Skills. You have direct experience in managing and developing teams, fostering a culture based on performance, collaboration, and the growth of your people.
Stakeholder Management. You know how to communicate effectively and manage complex relationships with diverse stakeholders, both internal and external, translating complex data into clear, actionable messages.
We recognise that exceptional leadership comes in many forms. If you believe you have the vision, experience, and drive to help us shape the future of money, we encourage you to apply. We value the unique perspectives and strengths that exceptional leaders bring, even if their experience doesn't align with every listed requirement.

Why this is your place
This is a unique opportunity to leverage your experience and leadership to make a profound impact on a company poised for significant future growth. We operate on a principle of reciprocity: significant strategic impact is met with meaningful rewards and opportunities.
Shape the future: Play a pivotal role in defining and executing the strategy that will propel Satispay to its next level of success in Europe and beyond, shaping the world of money.
Drive transformative impact: Lead critical functions and initiatives that directly contribute to our mission and impact millions of users and businesses.
Operate in high-growth: Thrive in a dynamic, fast-moving environment that demands bravery, resilience, and rapid, decisive action at scale. Experience the excitement of navigating growth where change is constant and the customer base/services are rapidly expanding.
Significant Equity participation: Directly share in Satispay's success through a competitive Stock Option Plan designed to reward leadership and contribution to company growth and raise the bar for collective success.
Lead exceptional teams: Build, mentor, and collaborate with high-performing teams in a culture of ownership, collective success, and continuous improvement fueled by feedback. You will learn from the best and lead alongside founders who are hands-on.

Our benefits & perks
We believe high commitment, effort, and impact deserve to be highly rewarded and supported. That’s why we created Satispay CareAbout, our way of making sure you’re supported in your well-being, growth, and finances:
CareAbout health & well-being
Unlimited paid time off
Psychological support & mental health webinars with Serenis
Flexible hybrid working system
Extended parental leave
Childcare leave
CareAbout growth & development
Professional development programmes
Internal mobility program
Language classes with Preply
Internal workshops & training
CareAbout financial support
Stock Option Plan (with additional grants often provided based on performance)
International relocation support
Competitive salary
Meal vouchers
Equal-Opportunity Employer
At Satispay, we're proud to be an equal-opportunity employer. We celebrate diversity and inclusion, welcoming individuals of all backgrounds. This opportunity is open to everyone, regardless - for instance - of race, colour, religion, sex, gender identity, sexual orientation, and national origin. Join us in a workplace where everyone belongs!
Learn more about us
Curious if our way of working clicks with yours? Our values and pillars aren’t just fancy words on a page - they really shape everything we do. Explore them here.
Sounds like your kind of place?
Awesome! We’d love to hear your story.
#LI-VR1
#LI-HYBRID
By submitting this application, I acknowledge that I have read and understood the content of the Privacy Policy"
127,4755968890fcf352,Senior Paid Media Analyst,The Fork,"Barcelona, Barcelona provincia",,Contrato indefinido,,https://es.indeed.com/viewjob?jk=4755968890fcf352,"Join our Movement and Champion Restaurant Culture!

At TheFork we believe that the best things in life happen around the table.
As the leading restaurant booking platform in Europe, we connect the broadest community of loyal diners with the world's favorite restaurants. Powered by innovation and a deep passion for the restaurant industry, we create unique dining experiences across 11 countries.
We're part of the Tripadvisor Group and proud to be building a diverse, people-first culture where ""respect"", ""ownership"", ""growth"" and ""better together"" values thrive.
If you're passionate about food, technology, and making a real impact, your seat at the table is ready.

Discover life at TheFork

What you will do:

You will be a part of the Growth Media department within Central Marketing, collaborating with other central functions (like CRM, Data or Product teams) and providing support for all countries where TheFork is present.

As a Paid Media Manager, you will be the driving force behind the growth of some countries' paid search, app campaigns and potentially other activity, running analysis and helping TheFork stay abreast of the latest in tracking and measurement, working with AI and relevant tools.

Setting up campaigns, reporting and optimising towards achieving the company's objectives for both Paid Search and App Campaigns, with a possible
Analysing data and investigating looking beyond advertising platform metrics (website/app behaviour, product, databases, etc.) to draw actionable insights.
Identifying growth opportunities on the channels managed and beyond
Designing robust tests to improve and innovate.
Owning projects like adoption of tools or features in the tools we work with that will enable innovation and growth (e.g. functionalities of Search Ads360 that we don't currently use, automation of processes, etc).
Liaising with other marketing teams (Local & Central) and higher management, communicating performance progress, key initiatives and recommendations.
Location: Barcelona, Lisbon

Who you are:

You Must Meet These Critical Qualifications

+5 years of relevant experience (agency-side / SaaS appreciated, SSC companies experience not considered)
Fluency in English.
Analytical and data driven, skilled at drawing actionable insights
Good project management skills.
Team player.
Driven and self-motivated, with a desire to learn.
Expert level in Excel, Google Ads, working experience with Google Analytics,, Feeds management tools.

You Can Impress With These Additions

Other languages besides English appreciated
Scripting languages/SQL, and experience in setting up ads tracking.
Experience working with GMPs

What we offer you:

An awesome team
A permanent contract (that can be useful in life)
️ Flexible working environment (2 days home office per week + up to 4 total weeks additional flexibility during the summer period and in December to work fully remotely)
Competitive fixed salary and bonus
Lunch vouchers available for each working day (because yes, we like to try our best restaurants)
International teams and a multicultural environment spanning 10 offices across Europe
Highly inclusive working environment ‍
️ Lifestyle benefits that can be used to reimburse expenses related to physical and leisure activities, family support, travel etc
Continuous learning and development programs
Free access to the Calm app to help you build resilience wherever you are in your mental health journey
Dedicated parental leave and caregiver leave policies (12 weeks fully paid)
A program dedicated to helping you have the best work/life balance
Health insurance fully covered by the company
‍ Life & Disability Insurance at no cost to the employee
Amazing offices with dining, a coffee point on each floor, and leisure area
Team building events

All hiring happens through our careers site and official email. We do not text or ask for payment during the hiring process. Please report any suspicious messages immediately.

We believe that we are better together, and we welcome you for who you are. We endeavor to ensure that everyone - regardless of ability, age, socio-economic & cultural background, ethnicity, faith, gender, gender expression, gender identity, ideology, national origin, race, sexual orientation, marital status, or any characteristic protected under applicable law -has the opportunity to reach their full potential. At TheFork, we want you to bring us your unique perspectives and experiences, so we can collectively continue disrupting the restaurant industry and go from good to great.

TheFork is committed to a fair recruitment process. If you have special needs and require reasonable support during your application, interview, or participation in the selection process due to health conditions or disability, please direct your inquiries to AccessibleRecruitment@TheFork.com. Our HR team will review the request and respond accordingly.

#LI-FF1"
128,e12bc0b0cdbbee62,Senior Snowflake Software Engineer,"Boehringer Ingelheim España, S.A.","Sant Cugat del Vallès, Barcelona provincia",,Jornada completa,,https://es.indeed.com/viewjob?jk=e12bc0b0cdbbee62,"At Boehringer Ingelheim, we are shaping the future of healthcare through data. As the driving force behind our global data platforms, we empower teams across the company to unlock the full potential of data and foster a truly data-driven culture.
Our mission is to build and evolve our proprietary robust, scalable, and secure platforms using cutting-edge technologies like Amazon Web Services (AWS) and Snowflake. These platforms are the foundation of our data ecosystem—enabling innovation, accelerating insights, and delivering real value to the business.
We apply modern software engineering practices with a strong focus on automation, agility, and continuous improvement. If you're passionate about building impactful solutions and want to be part of a collaborative, forward-thinking team, we’d love to hear from you.
We're looking for a highly skilled Snowflake Data Architect to join our team. The ideal candidate will be a certified expert in Snowflake, passionate about designing, building, and optimizing data solutions to drive business intelligence and analytics.
Tasks and responsibilities
Design and Architect: Create and implement scalable and efficient data warehousing solutions on the Snowflake platform.
Data Modeling: Help the use cases to develop robust data models, including dimensional and normalized structures, to support business requirements.
ETL/ELT Development: Help on the Design, develop, and maintain data pipelines using Snowflake features and third-party tools (e.g., dbt, Snaplogic, Attacamma).
Performance Tuning: Optimize Snowflake queries, tables, and overall performance to ensure efficient data processing.
Security and Governance: Establish and enforce best practices for data security, access control, and governance within the Snowflake environment.
Mentorship: Guide and mentor junior data engineers and analysts on Snowflake best practices.
Collaboration: Work closely with cross-functional teams, including business stakeholders, data scientists, and analysts, to understand and meet their data needs.
Documentation: Maintain comprehensive documentation of all data architectures, models, and processes.
Requirements:
Experience: At least 5+ years of experience in data warehousing and a minimum of 3+ years specifically with Snowflake.
Deep knowledge of Snowflake administration: security, permissions management, analyzing logs and developing recommendations and best practices.
Technical Skills: Deep expertise in SQL, Airflow, Jenkins, Openshift, data modeling, ETL/ELT processes, and a strong understanding of cloud data platforms (AWS, Azure, or GCP).
Proficient in python and SQL.
Certifications: Snowflake Certified Advanced Administrator and/or Snowflake Certified Data Engineer are highly preferred. Other relevant certifications like SnowPro Core are a plus.
Soft Skills: Strong problem-solving, analytical, and communication skills. Must be a proactive team player.
Education: Bachelor's or Master's degree in Computer Science, Data Science, or a related field.
#IamBoehringerIngelheim because…
We are continuously working to design the best experience for you. Here are some examples of how we will take care of you:
Flexible working conditions
Life and accident insurance
Health insurance at a competitive price
Investment in your learning and development
Gym membership discounts
If you have read this far, what are you waiting for to apply? We want to know more about you!"
129,9f1a926eccf01800,Finance Transformation Program Manager - HQ,Glovo,"Trabajo híbrido in 08005 Barcelona, Barcelona provincia",,Jornada completa,,https://es.indeed.com/viewjob?jk=9f1a926eccf01800,"Company Description

Glovo is part of the Delivery Hero Group, the world’s pioneering local delivery platform, our mission is to deliver an amazing experience—fast, easy, and to your door. We operate in around 70 countries worldwide. Headquartered in Berlin, Germany. Delivery Hero has been listed on the Frankfurt Stock Exchange since 2017 and is part of the MDAX stock market index.

Job Description

YOUR MISSION
Be a PM that coordinates initiatives within the Global Finance Department. This role combines the skills of project management and business analysis to ensure successful project delivery and alignment with Finance objectives.
The role requires communication and organizational skills to manage all aspects of the project lifecycle and also strong analytical skills to perform business analysis tasks such as gather requirements, analyze data to ensure solutions meet the needs.

THE JOURNEY
End-to-End Project Delivery: Manage full lifecycle of projects from initiation to completion, ensuring delivery on time, within scope, and on budget.
Project Planning: Define project scope, objectives, deliverables, timelines, and resource requirements.
Risk Management: Identify, assess, and manage risks and issues to minimize impact on project delivery.
Stakeholder Management: Maintain strong communication with project stakeholders and teams, providing regular updates on progress, challenges, and solutions. Oversee cross-functional teams, and foster collaboration to ensure efficient execution.
User Acceptance Testing (UAT): Coordinate and oversee UAT efforts, ensuring the solution meets business requirements before full deployment.
Change Management: Support the team through change initiatives, helping stakeholders understand and adapt to new processes, systems, or tools.
Requirements Gathering: Work with stakeholders to gather, document, and validate requirements.
Process, business and data analysis: Act as a business analyst, analyzing current processes and data to identify gaps and recommend improvements to boost efficiency and effectiveness and facilitate decision making.

Qualifications

WHAT YOU WILL BRING TO THE RIDE
5+ years of experience in project management and business analysis roles.
Experience in finance related departments.
Bachelor's degree or MBA (or equivalent experience).
Understanding of project management methodologies (i.e. waterfall, lean and agile) and software and tools (i.e. Jira, Confluence, Asana, Trello, etc).
Experience with tech teams, understanding the language and the solutions proposed.
Experience in analyzing data and creating reports for senior management.
Strong analytical and critical thinking abilities with a focus on problem identification and resolution.
Communication skills. Experience working with diverse stakeholder groups and managing expectations.
Ability to work in a fast-paced environment, staying organized and ensuring execution of complex initiatives driving impact at scale.
Fluency in English is required for this position.
Individuals representing diverse profiles, and abilities, encompassing various genders, ethnicities, and backgrounds, are less likely to apply for this role if they do not possess solid experience in 100% of these areas. Even if it seems you don't meet our musts don't let it stop you, we are all about finding the best talent out there! Skills can be learned, and embracing diversity is invaluable.
We believe driven talent deserves:
An enticing equity plan that lets you own a piece of the action.
Top-notch private health insurance to keep you at your peak.
Monthly Glovo credit to satisfy your cravings!
Discounts on transportation, food, and even kindergarten expenses.
Discounted gym memberships to keep you energized.
️ Extra time off, the freedom to work from home two days a week, and the opportunity to work from anywhere for up to three weeks a year!
Enhanced parental leave, and office-based nursery.
Online therapy and wellbeing benefits to ensure your mental well-being.

Here at Glovo, we thrive on diversity, we believe it enhances our teams, products, and culture. We know that the best ideas come from a mashup of brilliant diverse minds. This is why we are committed to providing equal opportunities to talent from all backgrounds - all genders, racial/diverse backgrounds, abilities, ages, sexual orientations and all other unique characteristics that make you YOU. We will encourage you to bring your authentic self to work, fostering an inclusive environment where everyone feels heard.
Feel free to note your pronouns in your application (e.g., she/her/hers, he/him/his, they/them/theirs, etc).
So, ready to take the wheel and make this the ride of your life?
Delve into our culture by taking a peek at our Instagram and check out our Linkedin and website!

Additional Information

Here at Glovo, we thrive on diversity, we believe it enhances our teams, products, and culture. We know that the best ideas come from a mashup of brilliant diverse minds. This is why we are committed to providing equal opportunities to talent from all backgrounds – all genders, racial/diverse backgrounds, abilities, ages, sexual orientations and all other unique characteristics that make you YOU. We will encourage you to bring your authentic self to work, fostering an inclusive environment where everyone feels heard.

Feel free to note your pronouns in your application (e.g., she/her/hers, he/him/his, they/them/theirs, etc).

So, ready to take the wheel and make this the ride of your life?

Delve into our culture by taking a peek at our Instagram and check out our Linkedin and website!"
130,675a3ffceef1ea2a,"Senior Manager, Brand Strategy Analytics",Preply,"Trabajo híbrido in Barcelona, Barcelona provincia",,Jornada completa,,https://es.indeed.com/viewjob?jk=675a3ffceef1ea2a,"We power people’s progress.
At Preply, we’re all about creating life-changing learning experiences. We help people discover the magic of the perfect tutor, craft a personalised learning journey, and stay motivated to keep growing. Our approach is human-led, tech-enabled - and it’s creating real impact.
We’ve just reached unicorn status with a $150M Series D, accelerating our vision to transform education through human-led, AI-enhanced learning. Today, 100,000+ tutors teach 90+ languages to learners in 180 countries - and we’re only getting started. As a category-defining company, we’re shaping what the future of learning looks like at global scale.
Every Preply lesson sparks change, fuels ambition, and drives progress that matters. Joining Preply means helping define the future of education at global scale, and building something that truly matters for millions of people, every day.
Meet the team!
Reporting to the Chief of Brand, you’ll collaborate closely with cross-functional marketing teams to execute integrated campaigns, efficiently driving company-wide growth aligned with brand objectives.
We are seeking a Senior Manager, Brand Strategy Analytics to lead Preply’s data-driven insights function supporting Marketing, Corporate Strategy, PR, and long-term growth initiatives. This is a senior role that goes beyond research execution: you will help shape the research agenda and ensure that Preply’s strategic decisions are grounded in robust quantitative evidence.
By combining advanced analytical skills with strategic vision, you will help shape how Preply positions itself globally, responds to market trends, and ensures our product and brand achieve lasting market fit.
What you’ll be doing:
Research Leadership & Strategy
Define and own the quantitative research roadmap for marketing and strategic projects, aligned with company-wide priorities.
Lead large-scale initiatives such as efficiency studies (exmple), brand health trackers, audience segmentation, category sizing and campaign effectiveness research.
Develop scalable frameworks for measuring brand equity, market positioning, and communication effectiveness.
Monitor market and category trends, delivering insights that guide product vision, brand strategy, and long-term market fit.
Cross-Functional Collaboration
Corporate Strategy: Deliver insights that support market prioritization, investment cases, and executive decision-making.
PR & Communications: Partner with PR to craft data-led stories that enhance Preply’s reputation and media visibility.
Product & UX Research: Partner closely with UX research teams to connect market-level insights with user-level behaviors, ensuring Preply’s product experience aligns with broader market opportunities..
Ensure research is embedded into campaign planning, investor narratives, and brand communications.
Communication & Influence
Translate complex research into clear, compelling insights for executives, marketers, and external stakeholders.
Deliver executive-ready presentations and dashboards that inform strategy at C-level and board discussions.
Act as Preply’s voice of quantitative insights in strategic forums, influencing how marketing and vision decisions are made.
Team & Vendor Management
Manage and mentor researchers/analysts, building a culture of excellence in quantitative methods.
Automate and apply AI-powered tools to streamline research operations, accelerate insight generation, and improve data storytelling.
Oversee relationships with third-party agencies and ensure high-quality, cost-effective delivery.
Set standards for methodology, data quality, and storytelling across internal and external research efforts.
What you need to succeed:
10+ years of experience in quantitative research, consumer insights, marketing science or ideally brand strategy including team leadership.
Proven expertise in survey design, statistical modeling, segmentation, and experimental design.
Track record of influencing senior executives and shaping corporate/brand strategy through insights.
Strong experience managing research vendors and significant budgets.
Excellent communication and storytelling skills: ability to turn data into narratives that drive action.
Experience working in global, multicultural markets and with emerging tech trends (LLMs, AI, digital platforms).
Why you’ll love it at Preply
Open, collaborative, dynamic and diverse culture.
Generous monthly allowance for lessons on Preply.com .
Learning & Development budget, including time off for your self-development.
Competitive financial package with equity, and leave allowance.
Opportunity to shape the lives of learners and tutors from over 175 countries through language learning and teaching.
#LI-AD2
Our Principles
Care to change the world - We are passionate about our work and care deeply about its impact to be life changing.
We do it for learners - For both Preply and tutors, learners are why we do what we do. Every day we focus on empowering tutors to deliver an exceptional learning experience.
Keep perfecting - To create an outstanding customer experience, we focus on simplicity, smoothness, and enjoyment, continually perfecting it as every detail matters.
Now is the time - In a fast-paced world, it matters how quickly we act. Now is the time to make great things happen.
Disciplined execution - What makes us disciplined is the excellence in our execution. We set clear goals, focus on what matters, and utilize our resources efficiently.
Dive deep - We leverage business acumen and curiosity to investigate disparities between numbers and stories, unlocking meaningful insights to guide our decisions.
Growth mindset - We proactively seek growth opportunities and believe today's best performance becomes tomorrow's starting point. We humbly embrace feedback and learn from setbacks.
Raise the bar - We raise our performance standards continuously, alongside each new hire and promotion. We build diverse and high-performing teams that can make a real difference.
Challenge, disagree and commit - We value open and candid communication, even when we don’t fully agree. We speak our minds, challenge when necessary, and fully commit to decisions once made.
One Preply - We prioritize collaboration, inclusion, and the success of our team over personal ambitions. Together, we support and celebrate each other's progress.
Diversity, Equity, and Inclusion
Preply.com is committed to creating an inclusive environment where people of diverse backgrounds can thrive. We believe that the presence of different opinions and viewpoints is a key ingredient for our success as a multicultural Ed-Tech company. That means that Preply will consider all applications for employment without regard to race, color, religion, gender identity or expression, sexual orientation, national origin, disability, age or veteran status."
131,3c405b1e91cb5194,Senior Finance Systems Project Manager - HQ,Glovo,"Trabajo híbrido in 08005 Barcelona, Barcelona provincia",,Jornada completa,,https://es.indeed.com/viewjob?jk=3c405b1e91cb5194,"Company Description

Glovo is part of the Delivery Hero Group, the world’s pioneering local delivery platform, our mission is to deliver an amazing experience—fast, easy, and to your door. We operate in around 70 countries worldwide. Headquartered in Berlin, Germany. Delivery Hero has been listed on the Frankfurt Stock Exchange since 2017 and is part of the MDAX stock market index.

Job Description

YOUR MISSION
To be a Project Manager that coordinates initiatives within the Global Finance Department. This role combines the skills of project management and business analysis to ensure successful project delivery and alignment with Finance objectives. The role requires communication and organizational skills to manage all aspects of the project lifecycle and also strong analytical skills to perform business analysis tasks such as gather requirements, analyze data to ensure solutions meet the needs.

THE JOURNEY
End-to-End Project Delivery: Manage full lifecycle of projects from initiation to completion, ensuring delivery on time, within scope, and on budget.
Project Planning: Define project scope, objectives, deliverables, timelines, and resource requirements.
Risk Management: Identify, assess, and manage risks and issues to minimize impact on project delivery.
Stakeholder Management: Maintain strong communication with project stakeholders and teams, providing regular updates on progress, challenges, and solutions. Oversee cross-functional teams, and foster collaboration to ensure efficient execution.
User Acceptance Testing (UAT): Coordinate and oversee UAT efforts, ensuring the solution meets business requirements before full deployment.
Change Management: Support the team through change initiatives, helping stakeholders understand and adapt to new processes, systems, or tools.
Requirements Gathering: Work with stakeholders to gather, document, and validate requirements.
Process, business and data analysis: Act as a business analyst, analyzing current processes and data to identify gaps and recommend improvements to boost efficiency and effectiveness and facilitate decision making.

Qualifications

WHAT YOU WILL BRING TO THE RIDE
2-4 years of experience in project management or a business analysis role.
Experience in finance related departments, financial processes (e.g., P2P, O2C, Record-to-Report) and general accounting/controlling concepts.
Bachelor's degree or MBA (or equivalent experience).
Experience applying project management methodologies (waterfall, agile, lean, or hybrid) to deliver projects.
Proficiency in project management tools (Jira, Confluence, Asana, Trello, etc.) for planning and tracking.
Strong organizational skills and attention to detail for managing project timelines.
Ability to work in a fast-paced environment, staying organized and ensuring execution of complex initiatives driving impact at scale.
Effective verbal and written communication skills to deliver status updates and capture requirements.
Fluency in English is required.
Individuals representing diverse profiles, and abilities, encompassing various genders, ethnicities, and backgrounds, are less likely to apply for this role if they do not possess solid experience in 100% of these areas. Even if it seems you don't meet our musts don't let it stop you, we are all about finding the best talent out there! Skills can be learned, and embracing diversity is invaluable.
We believe driven talent deserves:
An enticing equity plan that lets you own a piece of the action.
Top-notch private health insurance to keep you at your peak.
Monthly Glovo credit to satisfy your cravings!
Discounts on transportation, food, and even kindergarten expenses.
Discounted gym memberships to keep you energized.
️ Extra time off, the freedom to work from home two days a week, and the opportunity to work from anywhere for up to three weeks a year!
Enhanced parental leave, and office-based nursery.
Online therapy and wellbeing benefits to ensure your mental well-being.
Here at Glovo, we thrive on diversity, we believe it enhances our teams, products, and culture. We know that the best ideas come from a mashup of brilliant diverse minds. This is why we are committed to providing equal opportunities to talent from all backgrounds - all genders, racial/diverse backgrounds, abilities, ages, sexual orientations and all other unique characteristics that make you YOU. We will encourage you to bring your authentic self to work, fostering an inclusive environment where everyone feels heard.
Feel free to note your pronouns in your application (e.g., she/her/hers, he/him/his, they/them/theirs, etc).
So, ready to take the wheel and make this the ride of your life?
Delve into our culture by taking a peek at our Instagram and check out our Linkedin and website!

Additional Information

Here at Glovo, we thrive on diversity, we believe it enhances our teams, products, and culture. We know that the best ideas come from a mashup of brilliant diverse minds. This is why we are committed to providing equal opportunities to talent from all backgrounds – all genders, racial/diverse backgrounds, abilities, ages, sexual orientations and all other unique characteristics that make you YOU. We will encourage you to bring your authentic self to work, fostering an inclusive environment where everyone feels heard.

Feel free to note your pronouns in your application (e.g., she/her/hers, he/him/his, they/them/theirs, etc).

So, ready to take the wheel and make this the ride of your life?

Delve into our culture by taking a peek at our Instagram and check out our Linkedin and website!"
132,373b055170d042f7,Senior Product Manager - Payments,SeQura,"Trabajo híbrido in 08010 Barcelona, Barcelona provincia",,Jornada completa,,https://es.indeed.com/viewjob?jk=373b055170d042f7,"About seQura
seQura provides innovative, flexible and easy-to-use payment technologies that help merchants acquire, convert and retain more customers.
We make a difference in sales performance by tailoring our solutions to different sectors, to address their unique pain points and deliver superior results in Retail, Education, Eyewear, Repairs and Travel.
We also empower smart shopping to consumers who seek more value, convenience, and flexibility in their shopping, with new payment experiences that allow them to save, access interest-free credit, or pay in small, comfortable installments of up to 24 months.
Born in Barcelona, seQura is a privately-owned fintech in the scaleup phase. Present in southern Europe and Latin America, we are growing above 50% CAGR and approaching 100 Million in Annual Recurring Revenue. Over 5000 businesses, almost 3 million shoppers, and 350+ employees continue to rate us as one of the most loved and trusted fintechs out there, with an NPS of 87%, a Trustpilot rating of 4.7/5, and a Glassdoor rating of 4.7/5.

About the role
As a Senior Product Manager - Payments at seQura, you will be instrumental in shaping the future of our payment platform, a core pillar of our product ecosystem. This is a strategic role where you will drive the vision, roadmap, and execution for the next generation of our payment solutions, ensuring we can offer merchants the highest payment acceptance rates with the most relevant payment methods.
You will lead the charge in preparing our systems for sustainable growth and international expansion. This involves a significant focus on the strategic implementation of Payment Orchestration capabilities, which is key to optimizing transaction costs and boosting payment acceptance rates across multiple Payment Service Providers (PSPs).
You will collaborate closely with engineering, design, and commercial teams to deliver a highly flexible and customizable checkout experience based on the critical factors of License, Country, and Vertical. Your success will directly impact SeQura’s ability to scale, enhance profitability, and deliver innovative, vertical-specific payment solutions.
Key Focus Areas
Strategic & Outcome-Oriented:
Connect user needs, market signals, and business objectives into a clear payments strategy.
Think platform-first: make decisions that serve current needs while enabling future scale and adaptability.
Measure success by user and business impact, not by feature count.
Customer-Centric Product Thinking:
Understand our users and translate insights into product opportunities that drive adoption, operational efficiency, and satisfaction.
Start with the problem, not the solution. Collaborate with research, data, and stakeholders to define the opportunity clearly.
End-to-End Ownership
Own the product lifecycle: from discovery to delivery and iteration, measuring impact continuously.
Stay close to users and results after launch; iterate based on what you learn.
Decide when to add, improve or scale payment methods across our different markets. Likewise, assess when to deprecate payment methods that no longer add value.
Stakeholder Partnership & Business Impact:
Collaborate closely with Engineering, Design, Risk, Finance, Legal, and Growth teams.
Drive the relationship with key payment providers such as Stripe and Checkout.com
Align product outcomes with business objectives, regulatory requirements, and market opportunities.
Insight-Driven & Experimentation:
Use data and qualitative insights to make informed decisions.
Run experiments when uncertainty exists, validating hypotheses before scaling.
Team Player & Clear Communicator:
Partner with engineers, designers, and analysts as one team, not as a handoff function.
Communicate context clearly and proactively to protect focus and align priorities
What we offer
We have a strong and sustainable foundation, where we provide a secure and reliable workplace. You have the freedom and trust to make the best contribution possible.
One of our most valued strengths by our employees is our fellowship and supportive culture, which fosters a sense of belonging by working closely with our values. With us, you will have challenging projects to work on and push your skills and knowledge.
In addition, we are very proud of the unique office we have, which offers a comfortable and inspiring environment to work in with everything you need.
23 vacation days + 2 days of free disposal per year.
Flexible compensation plan for transportation, restaurants, and kindergarten with Cobee.
Health insurance discounts with Sanitas and DKV
Hybrid work from Barcelona
Flexible working hours
Office workshops and meet-ups to encourage community participation and career growth
Moreover, we have a Wellness Program that embraces a holistic approach by covering 6 areas (occupational, physical, financial, emotional, social, environmental consciousness). Each area will include a variety of activities, and you'll be able to choose from 34 different activities that best meet your needs to configure a plan that best works for you.

What you’ll need
5+ years of Product Management experience in B2B2C and fintech, specialized in online payments and acquiring. Previous roles at PSP, Fintech, or licensed institutions are highly desirable.
Proven track record leading complex product or integration initiatives, ideally across multiple markets.
Ability to translate business objectives into a cohesive product vision.
Strong analytical skills and data-informed decision-making.
Excellent verbal and written communication in English. Spanish is a plus.
Experience leading teams and driving end-to-end product initiatives.
Comfortable partnering with Engineering, Design, Risk, Finance, Legal, and Growth teams.
Nice to Have:
Technical background or studies in engineering, business, or economics.
Familiarity with PaaS, multi-sided platforms, or multi-entity products.
Knowledge of modern product discovery frameworks.
Which are the next steps?
Interview with People Team
Take-home assessment
Live Peer review of the assessment
Meet the team
We promote equal opportunity to all, regardless of age, color, gender identity, medical condition, physical or mental disability, race, religion, sexual orientation, or any other characteristic. We have an inclusive environment, and respect is above all.
Do you want to be part of the change? Join us!"
133,a813ca2c9370d697,Senior Finance Project Manager - HQ,Glovo,"Trabajo híbrido in 08005 Barcelona, Barcelona provincia",,Jornada completa,,https://es.indeed.com/viewjob?jk=a813ca2c9370d697,"Company Description

Glovo is part of the Delivery Hero Group, the world’s pioneering local delivery platform, our mission is to deliver an amazing experience—fast, easy, and to your door. We operate in around 70 countries worldwide. Headquartered in Berlin, Germany. Delivery Hero has been listed on the Frankfurt Stock Exchange since 2017 and is part of the MDAX stock market index.

Job Description

YOUR MISSION
Be a PM that coordinates initiatives within the Global Finance Department. This role combines the skills of project management and business analysis to ensure successful project delivery and alignment with Finance objectives.
The role requires communication and organizational skills to manage all aspects of the project lifecycle and also strong analytical skills to perform business analysis tasks such as gather requirements, analyze data to ensure solutions meet the needs.

THE JOURNEY
End-to-End Project Delivery: Manage full lifecycle of projects from initiation to completion, ensuring delivery on time, within scope, and on budget.
Project Planning: Define project scope, objectives, deliverables, timelines, and resource requirements.
Risk Management: Identify, assess, and manage risks and issues to minimize impact on project delivery.
Stakeholder Management: Maintain strong communication with project stakeholders and teams, providing regular updates on progress, challenges, and solutions. Oversee cross-functional teams, and foster collaboration to ensure efficient execution.
User Acceptance Testing (UAT): Coordinate and oversee UAT efforts, ensuring the solution meets business requirements before full deployment.
Change Management: Support the team through change initiatives, helping stakeholders understand and adapt to new processes, systems, or tools.
Requirements Gathering: Work with stakeholders to gather, document, and validate requirements.
Process, business and data analysis: Act as a business analyst, analyzing current processes and data to identify gaps and recommend improvements to boost efficiency and effectiveness and facilitate decision making.

Qualifications

WHAT YOU WILL BRING TO THE RIDE
5+ years of experience in project management and business analysis roles.
Experience in finance related departments.
Bachelor's degree or MBA (or equivalent experience).
Understanding of project management methodologies (i.e. waterfall, lean and agile) and software and tools (i.e. Jira, Confluence, Asana, Trello, etc).
Experience with tech teams, understanding the language and the solutions proposed.
Experience in analyzing data and creating reports for senior management.
Strong analytical and critical thinking abilities with a focus on problem identification and resolution.
Communication skills. Experience working with diverse stakeholder groups and managing expectations.
Ability to work in a fast-paced environment, staying organized and ensuring execution of complex initiatives driving impact at scale.
Fluency in English is required for this position.
Individuals representing diverse profiles, and abilities, encompassing various genders, ethnicities, and backgrounds, are less likely to apply for this role if they do not possess solid experience in 100% of these areas. Even if it seems you don't meet our musts don't let it stop you, we are all about finding the best talent out there! Skills can be learned, and embracing diversity is invaluable.
We believe driven talent deserves:
An enticing equity plan that lets you own a piece of the action.
Top-notch private health insurance to keep you at your peak.
Monthly Glovo credit to satisfy your cravings!
Discounts on transportation, food, and even kindergarten expenses.
Discounted gym memberships to keep you energized.
️ Extra time off, the freedom to work from home two days a week, and the opportunity to work from anywhere for up to three weeks a year!
Enhanced parental leave, and office-based nursery.
Online therapy and wellbeing benefits to ensure your mental well-being.

Here at Glovo, we thrive on diversity, we believe it enhances our teams, products, and culture. We know that the best ideas come from a mashup of brilliant diverse minds. This is why we are committed to providing equal opportunities to talent from all backgrounds - all genders, racial/diverse backgrounds, abilities, ages, sexual orientations and all other unique characteristics that make you YOU. We will encourage you to bring your authentic self to work, fostering an inclusive environment where everyone feels heard.
Feel free to note your pronouns in your application (e.g., she/her/hers, he/him/his, they/them/theirs, etc).
So, ready to take the wheel and make this the ride of your life?
Delve into our culture by taking a peek at our Instagram and check out our Linkedin and website!

Additional Information

Here at Glovo, we thrive on diversity, we believe it enhances our teams, products, and culture. We know that the best ideas come from a mashup of brilliant diverse minds. This is why we are committed to providing equal opportunities to talent from all backgrounds – all genders, racial/diverse backgrounds, abilities, ages, sexual orientations and all other unique characteristics that make you YOU. We will encourage you to bring your authentic self to work, fostering an inclusive environment where everyone feels heard.

Feel free to note your pronouns in your application (e.g., she/her/hers, he/him/his, they/them/theirs, etc).

So, ready to take the wheel and make this the ride of your life?

Delve into our culture by taking a peek at our Instagram and check out our Linkedin and website!"
134,06e2a78e8dc73bd0,OutSystems Developer Consultant,Zurich Insurance,"Barcelona, Barcelona provincia",,Jornada completa,,https://es.indeed.com/viewjob?jk=06e2a78e8dc73bd0,"We Are Waiting for You

Hi there!
I am Álvaro, the recruiter for this position. Nice to meet you!
First, a little bit about what I like the most about working at Zurich Technology Delivery Center: The environment here is incredibly collaborative and innovative. Our tech-driven mindset fosters continuous learning and growth, creating an atmosphere where everyone can thrive. Now, I can't wait to share this exciting journey with you at Zurich!
First off all, THANK YOU for considering our company. We understand that finding the right opportunity can be tough, but I’ll try to make it easier.

Who Are We?

Let me introduce us. You’re reading about Zurich Insurance Group, a global leader in insurance, but this role specifically pertains to our Technology Delivery Center (TDC). Established in Barcelona in 2006, the TDC operates as an integral part of Zurich Insurance Group, providing cutting-edge technological solutions and support to Zurich's local and global business units.
In essence, Zurich TDC is where technology meets the vast reach of a multinational company. We specialize in areas such as software development, data analytics, cybersecurity, and IT infrastructure. Our primary mission is to support Zurich's strategic goals and enhance operational efficiency through innovative technology solutions.
If you're considering a role with us, know that you'll be joining a hub of technological excellence dedicated to driving Zurich's success on a global scale.

What Can You Expect?

And you might be thinking: This is great, what will my day-to-day be like, at TDC? I’m glad you asked.
As a Outsystems ODC Consultant Developer you will have the opportunity to:
Develop web and mobile applications using the OutSystems platform.
Collaborate with business analysts to understand and implement requirements.
Translate functional requirements into technical solutions.
Participate in solution design and follow defined architecture standards.
Write clean, maintainable code adhering to best practices.
Perform unit testing and support system/integration testing.
Debug and resolve technical issues in a timely manner.
Contribute to documentation and knowledge sharing.
Integrate applications with external APIs and databases.
Stay updated on OutSystems features and continuously improve skills.

What Makes You a great Fit?
While we’re not seeking perfection or expecting you to save the world, we believe that if you meet some of these requirements, you’ll be a fantastic fit for our team. We are waiting for you!
Education in Computer Engineering or equivalent;
Minimum of 2-3 years of experience in analyzing functional and technical specifications, and implementing Information Systems;
Minimum of 1-2 years of experience on the Outsystems platform and in-depth knowledge of the platform;
Knowledge in Outsystems Developer Cloud (ODC);
Knowledge of best practices in software development, including design patterns and software architecture and development of Responsive Design solutions;
Knowledge of HTML5, CSS3, AJAX development techniques;
Proficient knowledge of JavaScript and JQuery or any other JavaScript Library;
Autonomous programmer in MS .Net, more specifically in C#;
Experience in XML, XSLT, XSD, and XQuery;
Good knowledge of TSQL (Microsoft SQL Server);
Commitment to code quality and experience in testing practices.
Nice to have:
Experience in the insurance market;
DB2 Knowledge;
Outsystems ""Professional Developer"" certification;
Experience or knowledge in the development of native applications for iOS and/or Android;
We value any other knowledge or additional experience in the area of information technologies;
Fluent knowledge of the English language and Portuguese (nice-to-have).
And… What Makes Us Special?
As well as a competitive salary and a yearly bonus, we offer:
To support your work-life balance, we have adopted a flexible working model.
Option to work abroad up to 25 days yearly.
Over 300 euros to set up your home office and additional monthly home office allowance.
Wide range of internal and external trainings, including English, German and Spanish classes depending on the needs.
Ticket restaurant and Health Insurance with the flexibility to exchange it for other benefits.
Life and accident insurance.
Collective Life retirement Plan
2000 referral bonus if you bring other talented people like you to the company.
Special banking and insurance conditions plus Exclusive Employees discounts
Functional diversity benefits
Stock options and mortgage benefits.

Where Are We Located?
Barcelona, Poblenou.
#Li-hybrid
We Are Waiting for You.
Can you see yourself in this role? Don’t wait any longer! Apply by sending your CV in English.
If not, no worries! We’ll meet again in the future. Feel free to share my contact details with anyone you think would be a great fit.
At Zurich, we are an equal opportunity employer. We attract and retain the best-qualified individuals available, regardless of race/ethnicity, religion, gender, sexual orientation, age, or disability.
Zurich Technology Delivery Center – Your Talent, Our Strength
You are the heart & soul of Zurich!

At Zurich, we like to think outside the box and challenge the status quo. We take an optimistic approach by focusing on the positives and constantly asking What can go right?
We highly value the experience and know-how of our employees and offer a wide range of opportunities across business areas to encourage you to apply for new opportunities within Zurich when you are ready for your next career step.
Let’s continue to grow together!

Location(s): ES - Barcelona
Schedule: Full Time
Recruiter name: Alvaro Gallego Zazo"
135,7e0cce10992dd6d1,Consultor Inmobiliario Industrial (Barcelona),Engel & Völkers España,"Barcelona, Barcelona provincia",,Jornada completa,,https://es.indeed.com/viewjob?jk=7e0cce10992dd6d1,"Descripción:
Engel & Völkers es una empresa líder a nivel mundial en el sector inmobiliario, especializada en la venta y alquiler de propiedades residenciales y comerciales de alto nivel. Con una red internacional que abarca más de 800 oficinas en 35 países, nos comprometemos a ofrecer un servicio de excelencia y a satisfacer las necesidades de nuestros clientes más exigentes.
Actualmente estamos en búsqueda de un/a Comercial Inmobiliario en plantilla, apasionado/a y altamente motivado/a para gestionar el producto Terciario; concretamente de compra-venta o alquiler de espacios industriales en Barcelona.

¿Cuáles serán tus funciones?
Gestión de la línea de negocio completa, desde la captación de activos Industriales hasta el cierre de ellos. (Venta, traspaso y alquiler)
Ofrecer asesoramiento experto a clientes propietarios y buscadores.
Realizar análisis de mercado detallados para determinar el valor de los productos.
Realización de actividades de marketing en la zona de interés (eventos de networking, farming, buzoneo, eventos locales)
Coordinar y realizar visitas a propiedades.
Mantenerse al día con las tendencias del mercado inmobiliario, cambios en las regulaciones y nuevas oportunidades de negocio.
Seguir el plan de desarrollo y formación siguiendo la metodología de Engel & Völkers
Manejar la documentación y los trámites necesarios para las transacciones
Mantener actualizada toda la información en el CRM, gestionar citas, actividades de marketing y seguimiento a clientes.
Aplicar los procedimientos internos en materia de prevención del blanqueo de capitales y protección de datos de carácter persona
¿Qué ofrecemos?
Sueldo garantizado con sistema de retribución con escalado de comisión de hasta el 75%
Un ambiente de trabajo dinámico y profesional en una marca reconocida mundialmente.
Formación inicial y continua de parte de nuestro departamento de Desarrollo.
Soporte constante por parte de tu Team Leader y Team Assistant.
Desarrollo profesional: Oportunidades continuas de desarrollo profesional.
Beneficios competitivos: Un atractivo sistema de comisiones y un paquete de beneficios que incluye incentivos adicionales.
Red Global: Acceso a una red exclusiva de propiedades de lujo y una amplia base de datos de clientes internacionales.
Innovación: Herramientas de marketing avanzadas, soporte administrativo y una plataforma tecnológica de última generación para facilitar su éxito.
Soporte por parte de los mejores equipos técnicos: Fotógrafos, Arquitectos, Brokers, Data Analyst, Abogados..
Requisitos:
Requisitos:
Imprescindible 2-3 años de experiencia comercial en el sector inmobiliario y/o en otros sectores comerciales. Muy valorable experiencia en compra-venta/alquiler de espacios de negocio industriales.
Excelentes habilidades de comunicación verbal y escrita.
Alto nivel de castellano. Valorable inglés.
Fuertes habilidades de negociación y alta orientación al cliente con habilidades interpersonales sobresalientes.
Capacidad para trabajar de manera independiente y al mismo tiempo alta capacidad de trabajo en equipo, con una actitud proactiva y habilidades organizativas excepcionales.
Buenas habilidades ofimáticas: Paquete Office/Drive"
136,508aa6b0a7ffa408,Senior II Back-End Engineer,Preply,"Trabajo híbrido in Barcelona, Barcelona provincia",,Jornada completa,,https://es.indeed.com/viewjob?jk=508aa6b0a7ffa408,"We power people’s progress.
At Preply, we’re all about creating life-changing learning experiences. We help people discover the magic of the perfect tutor, craft a personalised learning journey, and stay motivated to keep growing. Our approach is human-led, tech-enabled - and it’s creating real impact.
We’ve just reached unicorn status with a $150M Series D, accelerating our vision to transform education through human-led, AI-enhanced learning. Today, 100,000+ tutors teach 90+ languages to learners in 180 countries - and we’re only getting started. As a category-defining company, we’re shaping what the future of learning looks like at global scale.
Every Preply lesson sparks change, fuels ambition, and drives progress that matters. Joining Preply means helping define the future of education at global scale, and building something that truly matters for millions of people, every day.
Meet the team!
Join Preply’s Teams and help us power people’s progress through life-changing learning experiences. We’re on a mission to combine the magic of the best tutors with cutting-edge AI to create personalized journeys that keep learners motivated and inspired.
The Preply Engineering Team provides the tools to help unlock human potential through learning.
We implement A/B tests to prove the value of our initiatives and improve our product based on data and students' and tutors' feedback. As part of our commitment to ensuring high-quality products, we prioritize monitoring and metrics analysis to identify areas for optimization and ensure our services are performing at their best.
As a Senior II Backend Engineer, you’ll set the technical direction, lead cross-functional projects, and build systems that power Preply’s global growth engine. Your work will shape how millions of learners connect with tutors worldwide, tackling challenges that are complex in scope and critical to our success.
We are tech-agnostic, meaning we are open to considering candidates with diverse technology backgrounds, such as Java/Spring, Node.js/Express.js, Ruby/Ruby on Rails, Scala/Play, PHP, or Golang.
While Python is our primary programming language, prior experience with it is not mandatory. What truly matters is your enthusiasm for learning Python and your ability to adapt quickly to using it for product development.
What you’ll be doing
Own and drive technical vision across squads
Develop and own backend features using Python/Django, supporting the creation of new backend services as well as design, create, and/or troubleshoot integrations with third-party vendors.
Scope and lead cross-functional initiatives involving design, data, product, security, and other engineering teams.
Design and implement scalable backend systems, data pipelines, and integrations with third-party platforms
Mentor and coach junior and middle engineers across squads
Improve performance, tracking, monitoring, and reliability of our systems with an eye on long-term scalability.
Collaborate closely with PMs, EMs, designers, and analysts to make data-informed, user-centered decisions.
Champion engineering best practices: test automation, documentation, observability, and quality-first culture.

What you need to succeed
Exposure to architectural patterns of a large, high-scale web application (e.g., well-designed APIs, high-volume data pipelines, efficient algorithms);
Proven experience leading complex, ambiguous, or greenfield projects end-to-end
Strong communication and cross-functional collaboration skills (English level B2+)
Willingness to be on-call for your squad (1 week every 5 weeks).

Nice to have
Side projects or product ownership experience.
Experience designing systems for marketing attribution, experimentation platforms, or recommendation engines.
Familiarity with cloud platforms (AWS/GCP) and modern DevOps practices.
Familiarity and willing to support small JS/TS tasks when needed.

Why engineers choose Preply?
Impact that scales
What you build helps unlock progress for learners in 175+ countries. Every feature you ship supports real people, reaching real goals.
Ownership that matters
We don’t just follow roadmaps, we shape them. Engineers lead bold projects, make key tech decisions, and see their work drive business results.
Learning built in
We work cross-functionally with data, product, design, marketing. So there’s always a new challenge and a new skill to pick up.
Modern tech, real standards
From cloud-first infra to observability-first ops, we prioritize scalable systems and smart engineering practices that last.

Why you’ll love it at Preply
An open, collaborative, dynamic, and diverse culture.
A generous monthly allowance for lessons on Preply.com, Learning & Development budget, and time off for your self-development;
A competitive financial package with equity, leave allowance, and health insurance;
Not in Barcelona? We offer an attractive relocation package to join us in our Preply Barcelona Hub;
Access to free mental health support platforms;
Access to Gympass-partnered wellness and gym centers throughout Spain to promote and support well-being and physical health;
The opportunity to shape the lives of learners and tutors through language learning and teaching in 175 countries (and counting!).
#LI-KD2
Our Principles
Care to change the world - We are passionate about our work and care deeply about its impact to be life changing.
We do it for learners - For both Preply and tutors, learners are why we do what we do. Every day we focus on empowering tutors to deliver an exceptional learning experience.
Keep perfecting - To create an outstanding customer experience, we focus on simplicity, smoothness, and enjoyment, continually perfecting it as every detail matters.
Now is the time - In a fast-paced world, it matters how quickly we act. Now is the time to make great things happen.
Disciplined execution - What makes us disciplined is the excellence in our execution. We set clear goals, focus on what matters, and utilize our resources efficiently.
Dive deep - We leverage business acumen and curiosity to investigate disparities between numbers and stories, unlocking meaningful insights to guide our decisions.
Growth mindset - We proactively seek growth opportunities and believe today's best performance becomes tomorrow's starting point. We humbly embrace feedback and learn from setbacks.
Raise the bar - We raise our performance standards continuously, alongside each new hire and promotion. We build diverse and high-performing teams that can make a real difference.
Challenge, disagree and commit - We value open and candid communication, even when we don’t fully agree. We speak our minds, challenge when necessary, and fully commit to decisions once made.
One Preply - We prioritize collaboration, inclusion, and the success of our team over personal ambitions. Together, we support and celebrate each other's progress.
Diversity, Equity, and Inclusion
Preply.com is committed to creating an inclusive environment where people of diverse backgrounds can thrive. We believe that the presence of different opinions and viewpoints is a key ingredient for our success as a multicultural Ed-Tech company. That means that Preply will consider all applications for employment without regard to race, color, religion, gender identity or expression, sexual orientation, national origin, disability, age or veteran status."
137,6e71d97dea2fd3a6,Senior Product Manager - Growth,Wallapop,"Trabajo híbrido in Barcelona, Barcelona provincia",,,,https://es.indeed.com/viewjob?jk=6e71d97dea2fd3a6,"Wallapop is a Barcelona based scale-up driven by the purpose to empower people to embrace a more conscious and human way of consumption. We believe in a world where collaborative economy is mainstream. This is what drives us.
Wallapop operates in Spain, Italy and Portugal, offering a catalogue of several hundreds of millions of products and services. Powered by technical innovation and continuous improvement, we bring together the scale & trust of classifieds with the marketplace's convenience & reach. Our mission is to enable a connected trade ecosystem, making 2nd-hand the norm through smart use of technology.

The Challenge
As a Growth Product Manager, you'll play a key role in accelerating Wallapop's user growth by owning the strategy and roadmap for acquisition and activation. You'll collaborate with engineers, designers, analysts, and marketing specialists to optimize the user journey from signup to the first 3 successful transactions.
You'll drive product-led growth through data-driven experimentation, improving funnel conversion, and aligning closely with our marketing teams across paid and organic channels.

What You Will Do
Lead the growth strategy for user acquisition and activation across Wallapop's app and web platforms.
Design, run, and analyze experiments to improve engagement at every stage of the journey — from registration to the first transaction.
Collaborate cross-functionally with engineering, design, data, and marketing to deliver high-impact growth initiatives.
Partner with the Head of Acquisition to align marketing performance (SEO, SEM, Google Shopping) with in-product experiences that drive long-term activation.
Leverage data and insights to identify and remove friction points in the onboarding and listing/buying flows.
Define and monitor key metrics including activation rate, conversion rate, cost per activated user, and repeat transaction rate.
Cultivate a culture of experimentation, utilizing A/B testing, cohort analysis, and iterative product improvements.
Communicate learnings and results across product, marketing, and leadership teams to ensure shared goals and transparent progress.
What We're Looking For
Experience: Extensive experience in Product Management, with a focus on growth, activation, or conversion optimization.
Experimental Mindset: A proven track record of driving measurable growth through data-informed experimentation and journey optimization.
Analytical Depth: A strong analytical mindset with a comprehensive understanding of growth metrics and lifecycle flows.
Collaborative Leadership: Experience working effectively within cross-functional teams of engineers, data scientists, designers, and marketers.
Marketing Fluency: A solid understanding of how organic and paid channels (SEO, social, app campaigns) intersect with the product experience.
Communication: Excellent storytelling skills; the ability to influence and align stakeholders around data-driven decisions.
Tooling: Familiarity with A/B testing tools and analytics platforms (such as Amplitude, Mixpanel, or Looker).
Mission-Driven: A genuine interest in marketplaces, user behavior, and sustainable consumption.
What Would Be A Plus
Experience in marketplace or e-commerce environments, especially involving supply/demand dynamics.
Technical background or a high degree of comfort collaborating closely with engineering teams on architectural trade-offs.
Understanding of user segmentation, CRM automation, or retention marketing.

Do note that all our jobs are Barcelona based. We follow a hybrid model where flexibility rules. We commit to a minimum of 6 days per month in the office. Each team self-organizes to decide on cadence and in-person/remote rituals.
Wallapop is an equal opportunity employer. We celebrate diversity and are committed to creating an inclusive environment for all employees as we want Wallapop to be a place for everyone.
Additionally to the opportunity to contribute to an agile product set up and work together towards achieving our meaningful mission, we offer the following Perks & Benefits:
Generous individual learning budget of 2k per year
Group and individual English, Catalan & Spanish lessons as part of our working day
Private Health Insurance with Alan
Flexible working hours + intensive Fridays
Flexible remuneration to deduct from gross salary (kindergarten/food/transport check)
Gym & Wellness plan, including physiotherapist in the office
Generous referral Program & Charity Donation
Bonus for weddings & newborns
Wallapop Renta (Tax income support)
Monthly product advantages (Wallapop Club)
Work anniversary Gifts and Birthday Surprises
Contribution towards your WIFI in your monthly payroll
One-off payment based on compensation package to go towards setting up your home office
Relocation package (monetary support and legal advice) and visa sponsorship, if applicable
26 holidays per year
TOP hardware of your choice (latest Apple or Windows)

What does the hiring process for this position look like? **Please, note that all interviews take place remotely over hangouts.**
Intro Call - run by talent acquisition, focus on providing more information about the role and the company as well as going over your experience, motivation, and expectations. This usually takes 45-60 minutes.
Expertise Interview - run by the hiring team, focus on the required core skills and the ability to deliver in a given context. This usually takes 60 minutes.
Case Study Submission - you will be assigned a task to submit within 5 up to 7 days where you will be able to showcase your expertise / technical skills required for the role.
Case study Interview - You will present the case study to showcase your product expertise. This usually takes 60 minutes.
Stakeholder Interview - run by relevant stakeholders reflecting the reality of the context of the role, focus on the ability to collaborate & deliver in a cross-functional set-up. This usually takes 60 minutes.
Culture Interview - run by culture interviewers, focus on adherence to Wallapop's purpose and business proposition. This usually takes 60 minutes.
Offer - should you be the right candidate, your offer will be discussed over a call with talent acquisition and will then be confirmed in writing."
138,c6c08c68ce8f95ad,Net Working Capital Champions,Eurofins,"Trabajo híbrido in Esplugues de Llobregat, Barcelona provincia",,Jornada completa,,https://es.indeed.com/viewjob?jk=c6c08c68ce8f95ad,"Descripción de la empresa

Eurofins Scientific es el líder mundial en ensayos de alimentos, medio ambiente, productos farmacéuticos y cosméticos y en servicios de CRO de agrociencia. También es uno de los líderes mundiales del mercado independiente en servicios de pruebas y laboratorios para genómica, farmacología de descubrimiento, medicina forense, ciencias materiales avanzadas y apoyo a los estudios clínicos.
Con más de 48.000 empleados, en una red de más de 900 empresas independientes, en más de 50 países y operando en más de 800 laboratorios, Eurofins ofrece una cartera de más de 200.000 métodos analíticos para evaluar la seguridad, identidad, composición, autenticidad, origen y pureza de sustancias y productos biológicos, así como para diagnósticos clínicos innovadores

Descripción del empleo

In the context of a fast-growing company, Eurofins is looking for its Net Working Capital (NWC) Champions to join its finance team. Net Working Capital is one of the key financial metrics for the Group and must be improved with on-going and regular actions.
Under the leadership of the NSC Finance Director (FD), the NWC Champion will join the monthly National Business Lines Leaders Committee which will empower her/him to propose, support implementation and monitor all necessary actions to improve the NWC in the different Business Lines in the country.
Committed to NWC improvement in her/his perimeter, she/he will ensure that all best practices are shared and implemented across the different business lines, that the information on NWC, DSO/DPO/DIO, overdue, down payments and other NWC drivers are well, timely and systematically, communicated, analyzed and that systematic actions plans are built, reported, and executed.
Reporting to the NSC Finance Director, to ensure her/his objectives are met: she/he will:
Define action plans with the business leaders to improve the overall cash conversion, participate in the National Business Lines Leaders Committees (NBLLC) to share results and progress and actions plans to improve the NWC on a monthly basis
In particular, she/he will deploy best practices in the below areas:
Trade Accounts Receivables:
Ensure we are signing the right terms with the right clients in all our business lines:
Flag any deviation from our standard GTS 30 days payment terms and propose adjustments as needed
At the request of the National Business Leader and for significant contracts, participate in the proposal and negotiation of the best payment conditions with clients
Set up the Credit Committees and related credit management guidelines per business line, negotiate prepayment for clients with weak credit ratings
Ensure we are invoicing quickly:
Analyze the level of unbilled and work in progress (WIP) revenue, flag any deviation vs Key Guidance Document on Credit Management
Go through the invoicing process to ensure it is efficient, error proof and seamless leading to reduced unbilled and WIP levels,
In case of long-term projects, ensure we are negotiating prepayment and/or milestones payments
Ensure we have the right collection processes in place:
Analyze current collection organization and processes in the different business lines in scope, flag any deviation vs Key Guidance Document on Credit Management
Ensure the Group minimum guidelines in terms of dunning and collection are known and implemented, share good practices, propose improvement as needed
Set clear objectives to significantly reduce overdues for each national business line
Propose actions to the business leaders (such as withholding of analytical reports/goods or order bans/blacklist) in case of systematic late payments from clients and/or default (bankruptcy, bad credit rating etc.)
Trade Accounts Payables:
Monitor DPO evolution and improvements in close relation with the Purchasing organization and the Business leaders as needed, flag any deviation vs the Key Guidance Document on PTP
Ensure we are signing right terms with the right suppliers: propose the best payment terms possible, ensure the policy is then systematically implemented
Ensure we reduce to the strict minimum any prepayment to suppliers (including yearly payments, subscriptions etc.)
Other Net Working Capital components:
Monitor Inventory level and DIO, communicate proactively with business leaders showing the highest level and/or the biggest increases. Evaluate and propose, in relation with Purchasing Teams, alternative to large deliveries, securing procurement without additional inventories, etc...
Employees related liabilities and other receivables and payables: monitor and forecast the evolutions of these drivers
Participate in the budget and forecast processes for Net Working Capital by supporting the National Business Lines to set up ambitious targets for their teams,
Ensure the selected KPIs supporting the actions plans are well known, reported, analyzed, and communicated to the right stakeholders in scope (DSO reports, DPO reports, overdue, aging reports etc.)
Produce regular reports and proactively alert management on deviations. This includes:
Weekly qualitative exchanges with Business leaders, Global treasury & Finance Director
Direct contact with Top Management to alert about deviation/ lack of progress

Requisitos
Bachelor degree in Finance or Economics.
A successful prior working experience (5-7 years) is mandatory, gained preferably in credit management.
Experience as Financial Controller, Financial Analyst, Treasury Manager or in Audit could be considered.
Good knowledge of accounting principles and understanding of business and accounting/reporting processes (P2P, O2C)
Daring and bold, able to push her/his ideas and challenge opposition.
Strong analytical & communication skills (ability to analyze and summarize big volumes of data and to articulate ideas in a clear and concise manner)
Accuracy of work, pays attention to details, like numbers; Good organizational skills.
English fluency to report and communicate beyond perimeter (within the NWC Community etc.) is required.

Información adicional
Flexible schedule.
Hybrid model with possibility of work-from-home, when the candidate has consolidate her/his position.
Flexible benefits package.
Permanent contract."
